run,condition,CF,a<sub>HSC</sub>,p<sub>HSC→MPP</sub>,p<sub>MPP→CMP</sub>,p<sub>CMP→GMP</sub>,p<sub>CMP→MEP</sub>,p<sub>MPP→MLP</sub>,p<sub>MEP→EP+</sub>,p<sub>EP+→EP-</sub>,p<sub>MPP→EP+</sub>,k<sub>MPP</sub>,d<sub>CMP</sub>,p<sub>GMP→M</sub>,d<sub>MEP</sub>,p<sub>MLP→M</sub>,d<sub>EP+</sub>,p<sub>EP-→M</sub>
1,K27M,289.0713342921575,0.04767469590356578,0.471348555909506,5.899562293242119,0.5746494950589067,1.6931637378476987,0.05727472941890106,2.0543617382948343,0.0304322802657937,0.9406073305385843,3.4425510154370054,0.3740602876307463,3.622261178068583,1.2344023662286396,0.048851550230057016,0.21223186184275306,0.5039378853141006
2,K27M,253.32806130798812,0.04513958903332941,0.4561632370162837,3.913397246859261,1.21993708782228,2.6019693569630196,0.026684670525241577,5.783347479351127,0.5519486796324821,2.3733763773941847,4.46185185363664,0.8104216418843501,1.233684753385551,1.0940721813384267,0.020169267277629105,0.13529578531099054,2.984277485012639
3,K27M,196.8603399305963,0.0446933287269563,0.2354057045437276,3.4802873366180127,1.7511834865916005,1.9786312854848762,0.06566204833243398,3.1855736636954513,0.30161117446298363,2.2896211548742005,5.245206524619746,0.26304181868108617,1.0862616608609266,0.5105093779908622,0.1596117886112766,0.5035973570472586,1.1140388305437612
4,K27M,187.5798020799993,0.045933970732745244,0.49703648090723074,3.0129578980702623,0.3245953058825834,0.8987442915719239,0.03962576833335334,1.0409383074452128,0.6067746496490892,2.1366824160894455,3.3360753935159204,0.1440530183303124,0.5042736343353761,1.2571420201299213,0.03140334548881082,0.05809051832811136,1.4788553353945801
5,K27M,259.00881378877705,0.04878240720365239,0.41294993323334966,2.365530357855124,0.48303072369238714,0.8113664680103456,0.02440844189019351,7.4113373760137655,0.4404971820463435,0.9917009047934787,1.7626340326570427,0.3441573384406566,0.8876317626016338,0.8597008033183386,0.09489245936003979,0.10877652640235053,1.2743744752644617
6,K27M,256.42329372267056,0.04511332269635254,0.42157679035025813,3.321736680387047,1.7115142005869364,0.31633267563354783,0.06598709923601076,0.2759723362812566,0.10049467986895186,3.9526342485728363,5.450015802161932,0.06046388991518392,2.277788222031621,2.0892644879926148,0.04712128753116422,0.5077214734991278,0.7474058762696454
7,K27M,296.4327212637911,0.04125872863288341,0.30948597938348793,2.156363957012127,0.7875677041345199,1.3668288004851485,0.027951795537520946,0.9578010728618942,0.8560809385262752,3.874129875152005,4.960900917717028,0.1656491501653521,2.944123614863668,1.3029224093819594,0.061597881748416045,0.043981107745833886,1.7953265943873555
8,K27M,191.09813035980454,0.04332117883890662,0.4465143114286886,5.09033028184072,2.860581236424242,1.5914732144707486,0.06299880675253623,1.4595241246089512,0.39928442689818955,1.2542325121116407,5.492197334866476,0.005063688394838626,3.3428296416187964,2.25542234246866,0.12367522889592084,0.20199277410462993,1.2604948667239648
9,K27M,178.0212017349548,0.04389444724970467,0.4129576089513182,4.964470685377722,0.99927630612738,1.3536954444911529,0.02579389728416891,3.623283231914695,0.5152499329298087,0.5746097413041443,4.4554166117217475,0.236410942490634,1.3029167666333206,0.841437435291263,0.01246763642582456,0.06800621299348389,1.8353462626701775
10,K27M,241.2473827311931,0.046222300293137834,0.3033241384162405,3.2459460625663588,1.1281938900208934,1.9948313120048984,0.032135053211785655,7.080876409972143,0.575536770366131,0.47731331232291363,3.0540067363149923,0.16263386625768594,1.0662034125475697,2.2014050065963158,0.12061254397892035,0.4874104969818637,0.9674297706332244
11,K27M,307.0739443501141,0.04231657759370518,0.43514908007000697,4.069485527855862,0.058884690562232,0.38775291286095137,0.014603068425433342,7.262712842054862,0.7341726675493513,2.564508484392628,5.934652382646307,1.4091498467578396,3.1020103663904814,0.45510887242770237,0.047524138489333456,0.5399615750997027,2.930491488854246
12,K27M,265.48383839603173,0.03795907203394619,0.3113542397798982,2.2481647188813514,2.688062091766821,1.3067315940689104,0.05581374445536412,5.839897043651238,0.7247041985190492,2.7973065858358535,4.720017759049167,0.2299364143958246,2.261542004765827,1.519268232199651,0.10814308232822725,0.3982880587600207,1.9007524130556233
13,K27M,291.99010170323635,0.044238107704624725,0.37794143636338223,0.4592331619701143,1.2384207350955196,1.1197561488998375,0.037045918585099,3.012105560369145,0.5153050381800192,4.0221868795098255,3.7426777381558995,1.3456129044286462,0.0862164899693374,0.8212484652181758,0.04847638155904253,0.7029292586589032,2.899189244067089
14,K27M,273.1492478496153,0.04895047199446895,0.2430289257381314,5.402954438193175,0.6040434764922562,0.8298338162613836,0.03795359312635066,5.778366166632115,0.7287623939516912,0.5097530310903382,5.281801392987916,1.3460312228866902,1.4428898097974954,2.6298400113733287,0.06632352096560264,0.10355056931946305,2.677201196077469
15,K27M,283.3388056418497,0.04120251784667935,0.4130304036817512,3.1325055110303817,0.2055500698517676,1.8398492956756245,0.016307511592230095,2.3327621993177527,0.2036918804281564,0.6208870749685205,2.9671031846276024,0.6885427748277716,2.260501745279775,0.8010314556615019,0.0834053756546689,0.2735815951124851,2.49978102997365
16,K27M,278.68352588615073,0.03541807076274334,0.18106992977155167,2.464039750807811,0.44720107320080493,0.4195862427988917,0.0013455494318156472,1.6409956739940856,0.5476992205630065,1.2252176564702402,3.482861124453424,0.24326888360400167,2.286945058524151,0.28533643508253714,0.00014001773867863831,0.24131946139736415,1.2936871104615062
17,K27M,179.9905292680083,0.04453408839792537,0.4344912183803532,3.751193361522401,0.5370833769958879,1.3872816436988384,0.053692268384131304,3.3669694521349918,0.350784075185297,2.8185740900667104,5.446000305764267,0.5550338991835271,0.5061582194645907,0.241873743202344,0.07458593313100781,0.6527284936563532,1.1818191532338278
18,K27M,177.08000206568505,0.04407157591148364,0.4438080125804764,4.120552078127082,0.5683935993792781,1.1877032194059158,0.039130759327845266,3.369220691525224,0.5146323110874008,0.6504086397807343,3.568725647699726,0.4751382221582615,0.7196814625305133,0.2247728815501126,0.042422136963454996,0.029688933596877933,1.7492137159874925
19,K27M,298.27216966189457,0.04288311997182906,0.15093317969174258,4.073556976130863,1.6547557591983277,0.1268962615735989,0.052686432720329884,0.9174829832802655,0.5497357743612752,1.4273758639401697,5.2360296087914815,0.5938240269403342,1.8838494016790253,0.9638048041615455,0.18544320862611227,0.9245299324950642,1.1772985030137033
20,K27M,273.7623739658327,0.04402405612404785,0.4410129393589413,2.504051441761554,0.29018402671979837,1.1198598975591336,0.06534708722558419,2.1623984429205034,0.2367695474566448,3.870846755227741,4.746761182186522,0.5174942145812859,1.1647588539082159,0.23027205625721642,0.03156257902322294,0.589639948093027,2.9571604621644347
21,K27M,279.537299179053,0.04072978098082631,0.40210834006666213,1.3599154225643693,0.5927354154880599,2.4409120252886263,0.06985441210399261,3.2334793110249906,0.905188988785184,4.324837435177514,5.141539342575851,0.36947902399695015,1.8788702214631585,0.5551852244802282,0.10064124156889875,0.5144459267641251,2.6577592234058067
22,K27M,250.83314690976707,0.0502586727243856,0.4195921589585802,4.58564117539896,1.838664778552482,2.916343369410903,0.05601742724578294,7.0806167123455,0.5281327155258451,1.471069418026536,4.465876933003227,0.013628570706316845,2.947790539070178,2.403553607658563,0.0870236438119418,0.24316633981469765,1.4226114933852503
23,K27M,176.85960825941027,0.044274513526688,0.484326674797515,4.6897119042723,0.8356473215021021,1.193505344587014,0.038281461064788726,2.1837221889092144,0.5332663192479075,2.653078563210894,5.970781935504517,0.3037855542307571,1.0836134245333349,1.4923589834343198,0.037930338442047386,0.2782502423943073,1.8878090272590058
24,K27M,256.017593459531,0.04711988333946369,0.49732903979996473,3.4166437625187704,0.05255198482084422,2.1107561846031637,0.03145894932514728,7.445145760163443,0.5548154148670059,0.6951793122417316,2.7603121597359275,0.1704067648129357,3.9107951494180146,2.080194339009283,0.15465011787293853,0.4525781235102901,1.3095210225887983
25,K27M,255.64059451601304,0.04380162380351692,0.37870918159490113,3.6921750448778035,1.5751511741491786,0.6687555550735989,0.05979858143020106,7.956122063794889,0.923612476926901,2.8192404680997756,5.549228251961368,1.170024629750803,0.8287751219269921,1.3603399293947027,0.1455613023833536,0.37980619115819725,1.6062719022100571
26,K27M,297.23645289345626,0.047089828099623435,0.45798138214990786,2.0577670592244557,0.9667404404025293,2.5889112866187194,0.03857958314772896,5.842560012475834,0.5580331516358858,2.526701402917646,3.244063494775249,0.958270302636721,1.702555203951659,2.928799507038062,0.11632109589099511,0.6860182018031332,2.252304360027752
27,K27M,234.2948680283422,0.04691260910316626,0.40871793522330613,5.864612878833274,0.8077206288143137,2.3891938377518547,0.01683114477298446,8.699170625553306,0.8652484210076037,0.7816913071121728,5.288855276321259,0.008433400348816976,0.8623141185319523,1.6803313092404837,0.08663565359708161,0.6481860538991483,2.6594904736048255
28,K27M,176.62890804287946,0.044507304506408864,0.48875929102714,5.1615413752616845,0.9968857842767741,1.5876473497918921,0.02571430486247805,2.9226080048046237,0.6771569746207884,1.712694360157993,5.434216543454719,0.08965431773512834,1.2185730217249604,1.9158908855930141,0.01093479556958246,0.018608540346599096,2.306842072958499
29,K27M,177.33591802476514,0.04386370026213312,0.3510994445895942,3.4801326972537763,0.9695379127093359,0.5020091629845137,0.06674651842057412,0.36239338596134163,0.47932637771866987,3.210306852643684,5.765433108944646,0.2592202923159977,1.259529420859903,1.253941679308666,0.10172120147418622,0.19675532069252785,1.7141470875539608
30,K27M,250.63823411635286,0.04609354225792066,0.43272785702432015,3.5876109881406624,0.6609243730956602,2.4875304808034464,0.06839417115244284,1.2487680649500899,0.34641501493799853,2.109802781797665,4.187577172997409,0.38480637556144237,2.153387402077496,1.9471641297904567,0.10699730445305641,0.5637715189501229,1.538073639277896
31,K27M,179.37621106437638,0.044191844081439634,0.46699673161876376,5.314620022872011,1.1519975403921359,1.8811623811582823,0.030231658833567442,4.143735395886014,0.23326990999791353,0.0011164563110837773,4.073172173959852,0.04898276099140218,1.7561753431203173,1.2077213520195351,0.03312345070255633,0.2933924095790601,0.7649139246210843
32,K27M,207.08939017296143,0.04387227664329078,0.49647174681801776,2.0624022526248256,0.6472594429429986,0.9565919178160075,0.041016297919978996,2.1003134527422196,0.8573428921891001,2.3447550716444834,3.462847215572308,0.15628525952193012,1.0472164930950179,0.6737705291353705,0.09191419986979507,0.41047859286791005,2.7476732205638394
33,K27M,258.02888537807695,0.042287835474297576,0.3052912607725339,3.1289194628094092,2.454402023316092,0.34935696039886777,0.03109360581891771,1.1596119114906234,0.5287077536977756,2.535648295286002,5.259799444474621,1.1002317132375843,3.3384013324617143,0.6272195617527856,0.15231125108239615,0.4914319594736179,2.3299732447414123
34,K27M,272.16346637243817,0.05087357706394212,0.42977279590828976,5.385162752759663,0.47948411870001306,2.627207006715276,0.05763367342101808,3.3335450597699956,1.120661196555873,2.0734928210159387,5.588567444836681,0.5955750593529854,2.086994447455769,2.792676143291994,0.15765340026943753,0.6491513141000556,2.9159205473524157
35,K27M,177.3095545264845,0.04401151097108089,0.37061740363172896,4.9139049109177995,0.8045167289880739,1.9354188797387806,0.06499565432449374,3.8120416202581278,0.36593849573451914,0.9443203558888128,4.949005738535392,0.03070300703949546,1.0028865770493265,1.8304167434430565,0.10123320672575381,0.32642640567331666,1.2362359939033534
36,K27M,177.7858175687704,0.043347516229616675,0.36457199266440277,2.3047809977250364,0.47576584088739937,0.5627224691641138,0.06939709520009947,0.47569205922134583,0.7186602486370837,3.993709010428824,5.468955776509417,0.2626250862382981,0.5909005295811415,1.2292725953165906,0.11577680354801385,0.23369560349120974,2.3960959292735
37,K27M,178.11863162014902,0.044609702283682405,0.46621037386602826,5.013796869566607,1.201923467183267,1.7760691565320879,0.06863647157031492,4.900344704586534,0.4429524157545715,0.024306280917188453,3.823361754050478,0.016088978597559585,1.53542126354641,0.4107422731432727,0.11182836086681822,0.12668376093791603,1.5800029818650436
38,K27M,251.90505555473416,0.0454531517072242,0.16061661090717017,4.359218424985463,0.470795216364019,2.5310226208966764,0.02072472435434549,7.970854842951907,0.4041999419123919,1.5699390711687018,5.572620747663665,0.10723631317305587,2.125357886696686,2.6391553082017225,0.10426385377319146,0.47590410068878836,1.1090110174502077
39,K27M,236.36693527544764,0.047159366613337785,0.14944670725678638,4.119849813855682,1.041196193461703,2.5228801130108924,0.06201232007659811,3.4276894923602885,1.4886719080163484,1.3898178169348845,5.174316458760165,0.22911983075558184,3.456993856513889,2.6643405414341057,0.1226510433673263,0.03385406692202397,2.9341918604775477
40,K27M,276.10915409604235,0.047190613126320786,0.4958045384220724,3.625949131477445,0.44001266378377313,1.000323734757466,0.05958073515380398,9.785916872893289,1.3592721054998564,2.400576743751712,4.257433622013836,1.345345484311491,0.4437530587585865,0.1870348386788263,0.1215840829236461,0.93410398629821,1.0703693095485967
41,K27M,243.0398281768177,0.037009028983667286,0.4075801868931172,4.006532536036331,0.25116572727237596,0.5551965744671996,0.03839928919485877,2.0687082835614166,0.3795615458581403,1.5310156718710626,4.926976070954477,0.399847284907193,0.7446581192134482,0.23240996065056974,0.0764927426981355,0.5873399528433602,1.3098533064668523
42,K27M,190.5379138383591,0.043926161664998145,0.11353044971370015,4.025045125244164,0.27242591476350986,1.336790204935481,0.053696661251387647,5.049121469969228,0.17536080829195994,0.5668691725388944,4.409796414319363,1.081681896418267,0.28864532387850006,1.312886546727718,0.09610066628706113,0.32158745663285376,0.4793693608136542
43,K27M,181.97019340972108,0.045517832427567184,0.4644533599028403,5.008664498365369,1.2899062438034503,1.4231611727111393,0.0607166728158066,1.3007413133623857,0.26079492534119303,1.0907315360886354,4.7125440478156255,0.32238128716223197,1.9044528893265462,2.4331550721135393,0.1033485779600142,0.1275799023798583,0.8922433932911237
44,K27M,247.74318823052232,0.04584808651141306,0.36236456563443264,3.222715114786455,1.694341797609964,2.930555066104662,0.05244403622296541,4.800076046558669,0.5249188310957857,2.2698866789074454,4.372356244232406,1.2177680917173253,2.6377833787952767,0.4171205586869422,0.0843529431173557,0.2416317930758893,2.468109659143785
45,K27M,177.9682354069258,0.04366337298292603,0.47490320832932736,4.609170976749745,0.9416669807519148,1.548049677560926,0.06903483091971857,3.6058760028180403,0.6002450571543563,1.1979266226228182,4.625218977957562,0.1974955827623825,1.0812888471073858,1.093902818979004,0.11014101202869489,0.06717308597477539,2.176380246870088
46,K27M,179.4621385451183,0.04390970550922372,0.41916602365289357,4.6786641274448755,0.6285561892578367,1.775857612158433,0.049477231053187264,4.912697835584642,0.6823861142195161,1.9381778156098801,5.4427898303866264,0.00014988199554020034,0.8303931393003589,0.19212420604800584,0.07394683421741294,0.3681787050837323,2.030880854720285
47,K27M,181.4090504931567,0.044193422627978464,0.4672012414463441,3.785794839607789,0.5899774829942741,1.6180147623716628,0.06970991386793884,1.7703452653655183,0.4948031191319246,2.1430321355526547,4.765269511695871,0.12004913341550962,0.6367705706693967,2.4714084389525044,0.13323366897493977,0.35673341832781474,1.4618811376413332
48,K27M,176.98697038415276,0.04427045484442885,0.48116811219864175,4.5528896210926915,1.0367512483396235,1.2097914837774646,0.06810635676247725,3.372307776733433,0.8049056903255536,2.0128433835051505,5.238213011891318,0.0540586806379341,1.3591699350088062,0.27726529326275884,0.09955887083507277,0.021001132503352463,2.826413254439585
49,K27M,270.7561609837779,0.040322809332923114,0.10309854674527283,4.9317728025978465,0.34041332119887346,2.6253643031231575,0.06403454651035555,6.712791623394494,1.3470211533003285,0.41222173658055183,5.19535253952615,0.3833776953713446,2.0559523057598663,2.2984887011349375,0.060657846484586234,0.588335836078326,1.4915319331450814
50,K27M,179.29092366177937,0.044147764523636696,0.4598577936580715,3.886618933409374,0.7189933586877176,0.7498093702668064,0.03776260942851167,2.209557591348295,0.3992557328116704,2.250753097960787,4.811512371588768,0.5547851126348491,0.8427991692746819,0.026755317977172302,0.03728488163298266,0.31655448023510785,1.6396324562362026
51,K27M,288.6056111078818,0.044387980773652816,0.46821540558747826,1.4952515652550313,1.7096717119551519,0.7959643986649352,0.05252782114388452,8.94356920963507,0.86920615586236,4.497235005513804,4.164760760800257,1.4549556228340053,0.38608417041999576,0.578788422393502,0.05106870284260367,0.18240511820973815,2.8304630581017234
52,K27M,215.04705280344393,0.04438225350031819,0.32563938435509926,3.642727432208403,0.8185353640582773,1.9228499864627289,0.052617435916683844,3.571224061499915,0.3223113917259113,2.1096579698030706,5.146628462230482,0.300348263870212,3.048317078253849,1.3052372006993664,0.12973242198167462,0.916416196296627,1.2603612716440178
53,K27M,177.12624815367977,0.04432110395786283,0.28999907050994317,4.633115677424214,1.0131863640864631,1.1003920974505186,0.05504951304354084,1.24790074845785,0.1654816681108744,1.2747626814645634,5.135815701790299,0.16512279245765468,1.3181095979122524,2.198747359890846,0.07313796674178127,0.23601084773490824,0.5363901033921125
54,K27M,242.5800693563599,0.04651173006798195,0.4132596087955834,1.7452031779366146,1.855645251544687,1.6133950348102803,0.064269738075121,0.052687036808569156,0.7998257440726103,5.061106854005413,5.765888291307676,0.1024647323499004,3.86159132039587,1.554931161517555,0.13723638453771878,0.9468702821021016,1.9481957902850802
55,K27M,176.7919899957077,0.044237360340095615,0.49860598148043317,2.2086028288360167,0.5204479595549869,0.5254035186579674,0.03563636826922348,1.1513348322742587,0.5134190209844024,3.714929641911441,4.4941729294337005,0.018197147143057778,0.6971019717989366,0.43176474759938155,0.030942730939558627,0.3756327617645855,1.7875205596672719
56,K27M,276.56548180360693,0.0447540628203836,0.4996590147694878,3.41044974307669,2.9902833305647256,1.9614112356766276,0.028206373685020956,1.7704499507804243,0.3055028919732694,2.1100245711537795,4.317800855891355,0.8566226716470559,3.422649835707218,0.38111331953090266,0.1623285078798665,0.9926033158689436,1.4224441230085707
57,K27M,264.05782639941947,0.030712918444487092,0.46206518796443286,2.542622000043705,0.2083737416199858,0.7689546026595455,0.034952030400784734,2.535898294474516,1.1735395842826826,3.139403768831631,5.437337627418481,1.4963643175535881,0.196607935442906,2.1632073807639425,0.09458022258382481,0.4811394789974027,2.898539126737885
58,K27M,195.46332465514763,0.042951609242334876,0.38710633371235736,2.7363155886447506,0.6484186047170667,1.0599663491068734,0.06079610613405536,0.9355893232315278,0.5285533601275487,3.893553762911616,5.940403302513044,0.20431852177997872,0.7439373963615759,1.7845386209852714,0.14838705197323862,0.8581012471504075,2.3447527848123095
59,K27M,177.32287689200336,0.043661725850109696,0.236328159065805,5.152873364126802,0.6924607012889128,1.684988255261245,0.04333802433375167,2.734908770973664,0.3652089788860069,0.35386121605660853,4.903822224833914,0.30652504973411027,0.8306405890155975,2.4914564370146945,0.04367575920940312,0.013828277570699855,1.1996059968850363
60,K27M,177.97667740878276,0.043131343421644056,0.4368837259360395,3.503325382011021,0.7066783680006095,1.0739184218089033,0.0481123774405013,3.495100498879922,0.6134143011252484,1.1182733033009924,3.554553730459258,0.06922995118734038,0.8923743213710706,0.040137394575540566,0.061422953021697965,0.05997048031840436,1.9853440678146013
61,K27M,183.92597832165512,0.04334560114784046,0.2442996555519083,3.9302067204603244,0.2860789886428003,1.872597213118765,0.04087917501472018,3.3997628041281818,0.522037772396156,1.0245260732353423,4.488830252342469,0.22062779933019122,0.43345594606204363,2.769920952925183,0.07720442321841534,0.21642391818544157,1.5679839211326612
62,K27M,185.83172200629235,0.04551471160033186,0.4862113901111118,4.724971796356736,1.552042344049366,2.0836262092275626,0.0496138063415397,4.544247770232341,0.6784506536286214,2.4922434163069545,5.887276375050326,0.25327379039072595,1.647460998060632,0.131349548404728,0.06262312884805932,0.47056444816220433,2.371800638913535
63,K27M,320.81940717942035,0.03753403993853256,0.36145921464589853,4.350691691057355,2.236202154180992,2.8885111537677504,0.010837595804757214,2.2946827102472804,0.4547542686079702,2.474100395061426,5.857039801120845,0.4851452118916887,1.0690129606561243,0.697503143540417,0.18376239323706373,0.6880871420880982,0.7434349705654884
64,K27M,183.36085106101098,0.045112983857613205,0.2291005173268668,4.338173964012288,1.055569639913299,0.8549975579476818,0.06927585751120383,2.703684722609024,0.7477395222906295,1.7573050261913288,5.569282750611738,0.48831423278907177,1.8304954385345857,0.11616430368589581,0.1091869177275743,0.0886578806208021,2.091109844086799
65,K27M,177.7568006902159,0.0436770857622218,0.4217299804589691,5.253140675729079,0.6834700751394117,2.2072192138197844,0.05700755379295762,5.069558139034149,0.6168026757695017,0.29424679290097666,4.444862659056129,0.095191650986682,0.7283668760168096,0.8558810687821389,0.07859786816858663,0.09201863681761971,2.17870265909864
66,K27M,177.77246394755647,0.043920290053376006,0.4932296905753668,5.598328811256045,0.8306727398802434,1.0987185349755368,0.03551305047382226,2.341915713108579,0.4883393970458072,1.3934111632684374,5.704282365754617,0.8513372780718026,1.2246721639114686,1.2025141291631956,0.036015612197907186,0.07155651750784886,1.8921550880532256
67,K27M,177.22652787945543,0.044239870362558144,0.4761196764554411,5.00057923103688,1.5739735873351417,0.45214690116672096,0.0576042226504976,0.4336134510093894,0.4349009083741707,2.131631151223837,5.854047102969184,0.5663144317636704,2.0577359677598066,0.8515235759179008,0.08518842080436466,0.046276039046674364,1.5037407758023995
68,K27M,235.01031062966507,0.04824937731321487,0.36753587479228966,5.064160727344006,0.8372105974866955,0.9370117233895523,0.04427405999495288,3.7231283134804984,0.22321495488109513,1.6934729595142204,5.153573246867105,0.7134086235341178,1.1830505404781015,1.709487261121473,0.1418439924074449,0.13746950999211494,1.2622816764528628
69,K27M,244.11680480339572,0.04544708028824661,0.19954934014198678,3.1635070538778756,0.8756285958613084,2.005249197826082,0.024740888859637128,0.4554639001759244,1.2860278878327644,2.9015296633585343,5.530703358510021,0.4886434061951941,3.1164312295445393,2.8501626500587007,0.04013820747806655,0.1050806581911854,2.064511368263352
70,K27M,176.97581014358684,0.044153845965864746,0.4506569910300994,3.135821352656092,0.4499100331863208,1.0688578046881296,0.043774067623980784,2.394749590654308,0.6445533607823463,2.6115383487149946,4.489378100116738,0.07185883256795352,0.5512396566152152,0.81808792760241,0.04473634224909568,0.16918330261536055,2.2614529735353486
71,K27M,177.40747914783987,0.04405682678511212,0.3581427298288501,3.245222968130382,0.5995287687437423,0.8315623652829616,0.06495848592965049,2.113828448721686,0.3913341056151761,3.381428575058872,5.655209480541477,0.2332467889294434,0.765217553775131,0.26945380576849526,0.09884927824607932,0.5785433679222002,1.249822676341981
72,K27M,180.48884182881756,0.04442634105374594,0.4906264955380825,3.848366014153346,1.5015737459301424,1.0608419363260215,0.055112410448850666,1.628036241893532,0.6826483318600648,2.760459936320978,5.390787375647439,0.0697706017657811,1.8822217006128543,1.2261179311727743,0.0868780269505882,0.17635144825403026,2.3842770821424057
73,K27M,257.9373714975096,0.04709087501948589,0.23756792044659952,5.94780807318445,2.999122174290031,2.0560320009682425,0.011811445519021559,1.3434662488000226,0.6436057547405476,0.3917439981880153,5.720313030190158,0.7816857264570616,2.471034383634887,2.306102738182543,0.00047486960337003725,0.8650089000133606,0.537488133855818
74,K27M,267.1439383460388,0.044751196593407025,0.36370009076468923,4.209059194514824,0.6026929296175947,0.5285732446654401,0.01237578768827808,0.6948762994696116,0.3654651586828175,2.289354737509722,5.658711776434665,0.8592265471646316,2.9625280847885747,2.9764246604821913,0.07912333934617043,0.4956264011447738,1.8944604698772622
75,K27M,193.58078099375527,0.04481162807551256,0.2910656968541786,2.7423396116778798,1.4609717696477222,1.335036645805046,0.06874249611185149,2.294646824139543,0.6653932917572494,2.6475064863866598,4.75544625424805,0.24067868539274073,0.9080961463270798,0.11110649911328893,0.12928819329557503,0.20395039088672337,2.423670152861539
76,K27M,174.1709852647607,0.04359121137771644,0.4683022773388712,3.230808214405547,0.02579896592019872,1.2377949154181886,0.03405119962465772,3.0113527382536063,0.38857012610594643,0.6133689772380522,2.5158826406677126,0.19394552620832903,0.0016072310638829837,0.6956230508464777,0.02715919690849781,0.14806565779898853,1.2040241673216228
77,K27M,183.88451467064795,0.04216431995921402,0.4988128158994296,5.524922815093365,1.275021269102095,1.7827439954378728,0.056851665294513846,3.7497400089633963,0.514678485047961,0.7142037490357184,5.17280489822095,0.08312716557541824,1.899720137926496,1.6218614901152082,0.13719598180299375,0.0712890238842415,1.9175404826741156
78,K27M,177.1227558510939,0.04370103064559428,0.3867905510696917,5.154366953693622,1.2840128541657003,1.4727636258206134,0.06843418794324709,4.183496942661788,0.18664843632276054,1.30682134313986,5.50926992590004,0.01001485931397323,1.7546838681800956,0.19895888497923042,0.11053705077241549,0.6358969694717356,0.608748498521931
79,K27M,188.25952668171652,0.043320908566772856,0.174978549311734,3.3696838801434152,0.7138805045452851,0.5553239416057082,0.04219277674016942,1.4977012535159566,0.6864601855294994,2.2598119735601596,5.3054375694109215,0.8286703198849952,0.7800683667613486,0.012849992541136803,0.06709171997327736,0.37023365550978127,1.7761492386528963
80,K27M,263.26686401878885,0.04698825047996499,0.05646335543445047,1.6052930940033368,0.2298264971115791,0.39620266901174217,0.01877805650468116,0.4779055811593358,1.1194677128913901,3.969324939213333,5.458046292986819,0.27429649178920307,3.8474313158676345,0.7528125971707791,0.19170688433095392,0.36430993047078974,2.593072987250607
81,K27M,255.21035897916363,0.0483863178110151,0.2615952599609558,4.861345813402837,2.7657943664734512,2.8429176407774714,0.05475841807312479,3.3047711867390257,0.7722944220665124,1.001486202109577,4.993643207395472,0.3593054449596975,3.1303947095862963,2.3918278719420583,0.11818580728448942,0.3809739687453783,2.016733428950512
82,K27M,234.43467369365345,0.04405785102312964,0.36532573200621454,2.7604532095162795,2.6309008015184854,2.9021455732876213,0.061025797831606776,6.861229925822631,0.7172874439012134,3.0857212976071797,5.137803965933101,0.5625867453162107,1.1663070661161048,0.09840711185033069,0.14692103730540143,0.6520858954714419,2.458548306695186
83,K27M,216.98469065642774,0.04581114209839449,0.4807503976138817,3.783735338716328,0.4954246143300856,1.257826641952912,0.014472105777857241,6.292571950721447,0.8528120617349108,3.1298722311563107,5.7801637517907665,1.132985054814919,0.4198702731485788,1.5368040596668942,0.002156074165985608,0.9918854162196903,1.9897807129968845
84,K27M,267.4542941711227,0.04709063776174388,0.4802901975583605,3.401852393235773,1.1788405847735017,0.9833116398987399,0.039351080498375615,1.670927562680593,0.7715364040005765,1.0872966935892943,2.6566729273458884,0.9446434452217048,1.0213419442299347,0.11640576511230716,0.04409365127435887,0.9054064334185937,1.3322230725991993
85,K27M,190.17915950455162,0.04421434612610925,0.23542258441577463,4.82303329565274,0.7927619677996809,1.6098395821367912,0.061712093585653,4.257441741423477,0.8139943500729003,1.3231730745486538,5.625079014824819,0.5150808495895121,1.569129997643695,0.2542018556717345,0.17071910459828227,0.1448692709249381,2.464516272661226
86,K27M,205.48494319771152,0.04371849897979701,0.4541812221182652,3.3308724881481364,1.8797420711471997,2.339989073635357,0.06983472122465471,1.250935167020024,0.38987159808267,2.386037963761316,4.485995260695397,0.9810720121595975,0.8657104503784704,1.0890888173779703,0.08980750915960387,0.2357257007909604,1.4314385060590498
87,K27M,177.04005956076452,0.044022800088254814,0.2821417068640016,4.897271117062839,0.5824221201720605,1.4390107054615913,0.048804549877205526,3.6777004317095696,0.7103362465468533,1.5104862201736848,5.668959466455928,0.5619253854114812,0.7413496879837308,0.6102413999674873,0.06424288024575853,0.03855309228874074,2.5294240050847097
88,K27M,276.0309986650699,0.04601639917672873,0.24665083575031257,5.8608253222733016,0.1477602469749405,0.5138425205881232,0.06096362031199379,1.1240746501223846,0.237831289164683,1.2383309008042858,5.527875477195554,0.9929809673666823,0.06419441050737643,1.2333952205974552,0.14173012273967672,0.026995340620755592,1.3358799934782348
89,K27M,264.68052157901127,0.04867199203491268,0.4056632166697474,4.109329549549826,1.8557932946263378,1.2378659029793124,0.040722777953480976,1.5836901818337057,1.4509555510539625,1.1930363406622295,4.128648523440186,0.8136869526959237,2.8528890912184526,2.3722988499449524,0.058379138252757756,0.1535606752703172,2.088163469171015
90,K27M,183.91924676789358,0.04335541128764914,0.46389795643885184,3.7346705785383607,0.8088980282521219,0.6527403198408119,0.05139452565819421,1.5066880012540391,0.6559246897820263,2.4019138157650377,5.086080342330138,0.7337486602092428,1.529564017872822,0.2334820817327888,0.07006845025425723,0.12300722008795069,2.4175533506622418
91,K27M,253.58805182739354,0.031993025624611815,0.35768300052280394,5.306115784535518,2.706224757518301,2.2101905425631645,0.01905387365900177,3.6651280572765605,0.826439035539638,0.7723654224282757,5.847022958218838,0.6516592684389473,2.4519632659819024,0.28170231476444174,0.13078774228113058,0.006832163370075028,2.530383331942854
92,K27M,226.96430937763955,0.04766573724792941,0.4403908072203272,5.086651874449273,1.886589048551671,2.8288672744977488,0.023125434187182808,9.282119589712678,0.6894390992635989,1.6719485335834987,5.748393036417672,0.33387503674284114,1.548686602138033,1.6373538073341438,0.034169923081539794,0.5708057843163044,2.519319577868866
93,K27M,302.8480611980269,0.04923298097795559,0.3719230307138037,5.427987377072261,1.327067820658378,0.912925620597385,0.06773781665855598,3.7235559091074637,1.0337171141649888,0.9619254753980884,4.618152909199496,1.3702203799065904,1.220757988170643,2.0356597643543726,0.04990367913727105,0.741381656661459,1.231185056457905
94,K27M,196.6931923982866,0.04564102809852995,0.4408009921065597,4.2465443639735865,1.0230341628410302,1.2120106971512514,0.025728821213884666,4.936432038690506,0.383795196304749,2.038069016396044,5.047036469858633,0.07639216872157932,1.9027765257743747,2.2915680390484323,0.014627251812628358,0.6606023736667911,1.0053083353195902
95,K27M,211.92881971529192,0.0471717869491005,0.3805167681827365,3.4545602866998326,1.6881911328110495,0.9163598330470497,0.06953301818370353,0.24177400499536983,0.7183443058288589,3.6009901352728986,5.864467271311122,1.4666793610139575,1.2014445498858048,1.5542100500591942,0.1756906589046362,0.28927507240551553,1.7187607279333201
96,K27M,179.86092829861587,0.04320989863673817,0.4917000489608225,3.8315541705994858,1.056904508370269,1.2162033951229063,0.0672534375811131,3.1262538205760717,0.4945854567926104,3.4016247681313474,5.989002001558379,0.023457061448060257,1.0706697071987368,0.28731463551323566,0.11318889145446182,0.6208917330990622,1.5454535683442323
97,K27M,193.7171458756019,0.044266918055316934,0.16264550873320033,3.531376967891686,1.1345349940098564,1.25955521139601,0.04863553914595111,2.0756730280987665,0.5533493795115446,2.264143209084323,5.468280697986427,0.48486373982504055,1.0952898350487832,0.40473552003161956,0.0878213801567324,0.6575232470634008,1.1607486200986772
98,K27M,244.21374080150898,0.04194002684564969,0.4965636836968059,4.110126070344656,0.8159339084212083,2.87553517573099,0.006828030234612763,2.406071885996597,0.6752202484305028,2.651728935232533,5.859814171457598,0.7863219564906763,1.6940474412243895,1.8720838715877854,0.022079778788948012,0.19869270879026965,2.8226185838027202
99,K27M,295.0607427496004,0.044188710451153745,0.4824468118754326,3.781567089953035,2.936353385372739,0.29819030159179094,0.03252409527800361,7.167792050324159,0.6887778794666952,3.7101815166846293,5.952679993816594,1.2054847346273265,3.309915395333062,0.9760831307971418,0.141886930140015,0.25469082924938125,2.6636107255254466
100,K27M,206.08658998023077,0.043110568669112594,0.2318827980921896,4.62179291694742,1.5690684932357135,2.9650560444802205,0.05294922672827908,5.81424219523776,0.7965205033444089,0.11133435034613384,4.370553691200348,0.40434216485045155,2.822537261806007,0.35229805367366956,0.11257700519239207,0.025963509644494908,2.6300236094088776
101,K27M,186.7934620035875,0.04524009627895757,0.44386318893273824,4.711112678669941,1.5779192550058185,0.9804187404436865,0.032383885633341575,2.7062565385943933,0.5152474082726611,0.8354453327400535,4.474577218690383,0.234350919576672,2.643357088552363,0.4444943826131731,0.055589955091542416,0.09002746750498987,1.8647795588693317
102,K27M,201.81202202147472,0.04526742473432528,0.3122054028983269,3.4982840816700684,1.7480138456894505,1.4702254297821953,0.06535634898504432,4.4798778531681975,0.6827509497835098,2.304411899618021,5.128712314000195,0.16779468819070112,2.027841557950937,0.1654964931565038,0.14972478803944586,0.40149987030335577,2.7795687090839234
103,K27M,271.0006208462547,0.034389186966547046,0.31009276391283636,3.9819031716422724,0.8930893089625994,1.6712800412129594,0.06578942307472774,2.399287129917697,1.2854849970796667,1.648717812032005,5.462764288873555,0.4448394498273808,3.0279607967797126,2.056671131975177,0.16977038429120367,0.8537092348417445,2.428946494935416
104,K27M,261.8282965667854,0.045893051738505664,0.24971085832265716,5.248270881270512,1.3069881356731943,2.4143686537759317,0.052428561734089246,9.993937526821913,0.761592198403393,0.6791793616496262,5.223526535476848,0.5330887436583355,2.728853667479914,2.7863635737935395,0.03893033664643786,0.9838508874160774,0.8310020290415496
105,K27M,190.3103399339512,0.04446763017640623,0.10032812658973451,4.277993914004314,1.4273210945875072,1.4946257267957177,0.033707963298487895,2.1177995072255227,0.35301160467603815,1.8851696926006896,5.904051434159122,0.2582562232035929,1.2208371997177954,0.2156645528586853,0.02334001178058681,0.2683286305337173,1.5643346537183191
106,K27M,178.4417004208579,0.044944173787776785,0.4543915422363664,3.3282887958312197,0.5956135352879104,1.0406370634642974,0.02300222899545499,2.836237944306001,0.36184480777445477,2.4766725181740665,4.438692600497417,0.06293506947836712,0.8866043395973752,0.5626396114400316,0.00636804160678484,0.546213234390306,1.0703592381195546
107,K27M,239.10360055204708,0.03950021742881077,0.3473644639387447,3.35216521040708,0.42166209672259125,0.7709683992511751,0.06511459191898034,5.710032457214252,0.23371986351413043,1.043133781965294,3.8222685541313863,0.9922210993456821,0.7027172638162382,2.09174633952109,0.11978949945412412,0.21844543692495377,1.3513081624130523
108,K27M,176.87317231394056,0.04380738759962793,0.4488130054354883,5.886529088386406,0.26832914396894886,1.9792326178413209,0.031182204340821293,4.121298390007213,0.4304724398285362,0.5361937796477132,5.142528223331437,0.6309980437792334,0.3167803279878944,2.1370043384968267,0.02273073952696556,0.16790700170062803,1.4419089997690073
109,K27M,177.11597196940875,0.0436948563000047,0.4739015739772672,4.381779874125742,1.0475815810181082,0.9681608875780503,0.05411460131546481,1.253548809955362,0.2159109239700703,2.7470802034467354,5.895038913438016,0.2915998005017949,1.4083134153757297,1.6924001079187116,0.06980587646516637,0.5063213558334522,0.6956287343302267
110,K27M,177.48032612254218,0.043768264762881745,0.48114329910019044,3.8452937380097465,0.9226448292472037,0.9550691678057794,0.06878839093566803,1.02296257572606,0.5453186222287276,3.388916307858541,5.964706768477903,0.1998460263834653,1.1694163248482468,1.6223338857093785,0.09849930505356277,0.26413588176593294,2.023533309511984
111,K27M,192.75426056612764,0.0453663918919493,0.41471010158722216,1.8450652360743012,0.6963409946723865,1.2539153978797808,0.035500234532108446,0.3335490429763007,0.8000099618378606,4.132802080907113,4.8689171273314,0.091330822248691,0.40967089398694095,1.7332575093729794,0.04328124372414675,0.21949972854509225,2.7997111855403256
112,K27M,268.61837540288343,0.04553476947617915,0.48554268915970267,4.891860553859576,2.8332017837998893,2.882958150126747,0.06934621751083948,8.2544703800215,1.0764336676765054,1.5429228043151284,4.938463330641375,0.19392779494960077,3.058848254964903,2.895028229331171,0.0889982999758264,0.9200334916667192,1.598257699254087
113,K27M,268.0359228349792,0.04662848211083421,0.4640982950056571,5.112106848764684,2.9436166843889966,2.1493187658652655,0.056684168215485005,0.584458637584909,0.9972118734537847,2.3896440742665788,5.5934685610802966,1.0736223957806967,3.5088690312943784,2.194975702075033,0.03233004182738283,0.4938608588648006,0.9942279456377736
114,K27M,297.86960023462706,0.04795478917837286,0.4121415196338962,3.026139405489153,1.0703658436198802,1.1953787493979593,0.04859205219489553,7.554295529997987,0.3237999825574167,4.9828772887314425,5.892348468714747,1.0332092548556433,3.794225664251498,1.398633498158543,0.12714442969890347,0.5330613999257366,1.1985752856010468
115,K27M,184.76738136070588,0.044065535616913426,0.38922459350524097,4.502806819260656,0.9135530343324586,1.0892748007547413,0.04526723876767972,2.988054412578877,0.9275340227033485,2.529720465398759,5.929937235925665,0.019660715205750363,1.4348872901756915,1.8632801423557546,0.05532979386028784,0.03198614593437058,2.418943302127443
116,K27M,201.34829004129227,0.04509968554613143,0.48233152978474214,4.56540361073648,0.9005210814434366,2.97769300707302,0.0665926349325252,7.687530521864667,0.7952264873437572,0.7124443105819321,4.17931070809828,0.25055126990711485,1.7474407131788983,1.426863611050479,0.1327913530770852,0.09311044048473045,2.7237895577502127
117,K27M,266.28650427861413,0.041155236642776497,0.37733115420405117,2.855988311575443,0.15778244365211203,0.7024970136110988,0.04698409627321048,2.7675261066420678,0.8672817340804044,2.41386734283272,4.774986191399617,1.2759293498981847,2.982027099664557,2.074378457264066,0.1442188901414294,0.5053967083094341,2.748345315598177
118,K27M,265.91616043095763,0.0425858981814754,0.25347129625925535,1.946989715731049,2.4222889354377175,0.4487500854491082,0.03226480966045296,2.2337772514155954,0.8429354625538161,2.792890134167225,4.405907217418581,0.11441566308932183,2.8786811596174458,1.2941627141082699,0.11996146292623278,0.2995616083931256,2.429643241895774
119,K27M,184.51894512536313,0.04414787743754629,0.27956270098154323,5.21572632410367,0.6783518767028051,1.7552991700668104,0.03933041956882759,6.307287898143152,0.25901542081324613,0.8012253241537372,5.354931793352139,0.6177752821971608,1.027260991963866,0.10473599975785347,0.050023117989663225,0.712266461055242,0.6195445924905852
120,K27M,177.25117031600558,0.0439797532174091,0.4976576213003905,3.7567627198083375,0.7186584716949583,1.1360978658935892,0.045690838488496706,2.3871371443744827,0.673726571480092,3.203144815126383,5.579431690437551,0.06847353775462796,0.8894269048924559,0.7732293133714593,0.05060182427425049,0.30769652758284566,2.239011126367211
121,K27M,177.06635158740323,0.04412365320907643,0.455852131759472,3.1394287997625145,0.20752362074882308,1.4217041643320083,0.06441985787062622,2.6975520003798334,0.3114373645871902,3.7087610807948495,5.617827858326224,0.019518475324115398,0.22130348146609952,1.4764820416128615,0.0950906676875673,0.8209238621628844,1.0036423587088752
122,K27M,210.41800685790736,0.044147418619936735,0.4392992631777206,3.542810251261609,1.499242637908914,0.51270643013997,0.04400845882414722,5.584083344063441,0.6876472079872591,3.004727682347058,5.606204297274059,0.040779305196421596,2.499638456611359,0.018485181902390235,0.10956757098859816,0.2765627034248654,2.5822121528643436
123,K27M,257.4905179845166,0.0510161172958771,0.496272029498103,4.372382998381576,1.2434305300079123,1.5984722933569417,0.06591787236384912,3.1181771938649385,0.9544607379589068,2.874085884605621,4.780950980461059,0.25867636795501814,1.9937196551314742,1.26742350409085,0.09679842660798688,0.8648562345830718,1.3262905570923245
124,K27M,194.95378398533884,0.044365991281369636,0.4003367042652837,3.9589960167981455,1.4237173121538553,1.7745779916295936,0.042091796850388975,3.149296238577099,0.5381248287126421,0.8330636681844886,3.8761074140845424,0.07894715983733187,1.4349414425400395,0.3578907701358885,0.057943306352541225,0.39174157193211234,1.6271009763414896
125,K27M,185.92248984209877,0.045059970074906044,0.4208497053052771,3.543519333847498,1.572939149802876,0.5126548510677693,0.06685604741466579,1.0248864582526733,0.5246205886480534,2.9059951198410583,5.1711252504743195,0.1588323876582062,2.2840262464322243,0.17250126173510663,0.10658608623038798,0.28388150406416535,1.5329621180596393
126,K27M,259.9913753933954,0.03986282902902194,0.4666060166088122,2.8593295466564257,1.0733558027448318,0.6934810353832546,0.06704865140945601,1.1793578853494546,0.3465559438250543,2.313992408383368,4.3109696233923325,0.4829439852222819,3.4728106178097553,2.4064101483454405,0.07661482272772499,0.8265040766199143,0.5544850453544363
127,K27M,228.09169738946034,0.045645866527705456,0.355143428841314,4.213952353863899,0.7934594926363616,1.1281821754004884,0.034191088259450934,6.7255470182440185,0.5089898351084461,2.51413846992498,5.824986398731971,0.7362341987413773,3.558246972205441,2.1089199196639594,0.026164454599820947,0.2419188747922456,2.2923182049399156
128,K27M,179.66921797024423,0.044989861131818853,0.41588743049076826,3.1062435725178106,0.8829949865473061,0.3918048885568536,0.025212882715752283,0.7528801240230383,0.752067679276762,3.767552415446511,5.596305671655994,0.548088753232504,1.0431931340678842,0.09265708957166967,0.01058411287642881,0.13485218167979734,2.479823237070681
129,K27M,243.4889417429029,0.04812930410554997,0.44573033586509975,2.451484710962792,0.33174882494910685,0.3351917604227488,0.03814919166272612,8.856282376128423,0.2500210943670528,4.786046575220981,5.1328796986707275,0.5268012126109317,0.3474940390871408,2.55647871523828,0.048470825079897,0.9193496440428265,0.7103212449094054
130,K27M,188.75623753221498,0.04483584707168011,0.44181905468814686,5.86548908359699,1.3275703465683475,0.8553182715399734,0.06951193385816218,1.6027210021267877,0.19666757356481382,1.3298236332533475,5.97056708918003,0.9381352614931716,2.932254004083387,1.3740410071324773,0.08172719749536604,0.2740871532806042,0.6950560903729225
131,K27M,204.387558088222,0.04558637142581945,0.4998346611504124,4.339631571571211,1.358075437806433,2.5835633788982046,0.027658096074515196,6.62145678584634,0.11743088109139935,0.28592890081149014,3.5328447680037147,0.9749848257699549,1.2647201674709145,0.43498557663122317,0.033521900489935044,0.5517772151111123,0.4164917011169719
132,K27M,177.09163197523935,0.044491650892861605,0.3813410688133118,4.071838361154017,0.4901380349940604,1.7237781242425765,0.02074474820123475,3.6207235347068214,0.6572850233067389,1.3837201563091246,4.384713216915789,0.04114830440834107,0.6356235898339264,1.611877620952058,0.006273035863979001,0.04719011740543523,2.237910797139262
133,K27M,177.08630970343205,0.04383227065947634,0.08815749663229414,3.931077921480042,0.6165007882591509,1.3469437000055824,0.0681621384558137,2.9256860375961673,0.4080905827271728,1.8518060746004463,5.63772826285321,0.08121168651038942,0.7655166708918265,1.1358138122514247,0.10167898522257036,0.3389531129668335,1.3281007923576138
134,K27M,177.17489436868254,0.04419824628766361,0.4948175596226163,3.992964449181775,0.8445426507380667,1.1310765095289552,0.06535194414184063,0.7620528690264372,0.20085522552232488,2.369502657981459,5.012256068874724,0.11670975627545015,1.0412973407975543,2.6378954632398233,0.09653909908635733,0.36882396201310613,0.6231118130696559
135,K27M,242.8899569837447,0.04249949693462615,0.358149514503576,5.5217546273027835,0.039867776654290144,1.332661273723414,0.06332118528385475,4.096913749184159,1.2001678515684024,0.8278259839172031,5.643008227068662,0.8381085828200356,0.5070875238425163,1.6483324970871736,0.08628685911995153,0.15608765533799396,1.9116404166042247
136,K27M,224.0864918802772,0.04703267479392113,0.38070096017459226,5.584154213124605,1.881457144477487,2.3133652226717683,0.048552816265978564,3.507046160645673,0.7767365039137437,0.23896055306355013,4.742106743474792,0.5601918730805988,1.485413729944816,2.0802550327446045,0.07572723115989138,0.36696615288313345,0.9482697607410948
137,K27M,177.65785584035862,0.04347187689906889,0.24433125081794949,5.033832025776844,1.4387349454635234,1.2682423293821987,0.06329639056260822,3.8871579778778726,0.3710632010722527,1.452042085153428,5.93295544280306,0.00897835888991096,1.8107291507536558,0.23932435265461072,0.10534143111191732,0.39607853240514707,1.2821986065702609
138,K27M,183.51906036239276,0.044636755781181786,0.3039260946281535,2.1376821006227784,0.47315388149040993,0.5820271547660201,0.042034406541775024,0.13400898005691614,0.8801704037622633,4.0810092919265735,5.479672178495246,0.03623611123958796,0.958919557042863,2.1519626200306323,0.05533026438190704,0.06913095194724989,2.975086251702381
139,K27M,281.22750481298635,0.043780841433665174,0.11075122571627169,5.139031615313612,1.496495737148874,0.7748572662138069,0.04894770499996553,1.0906340078025423,0.030291618132426867,1.277784754685086,5.627305200802477,0.31656715530999735,0.5902878197489758,1.52492536240954,0.015166287442665058,0.18795327856519728,0.01541885097863721
140,K27M,294.7011053176277,0.04972362167069021,0.35499713963090185,2.039692435951036,0.36048080060903676,0.6675472447409769,0.06386475519616204,0.280148065607821,1.0277999432779263,5.453161610945659,4.8289334624345495,0.015807396242117244,3.04853493098326,0.7888189136355593,0.1081071524295914,0.46882204119738385,1.6379564661882693
141,K27M,193.28502336746664,0.04568415051433221,0.48513199363013304,2.5063956161384846,1.5769973622040232,0.6301159295777925,0.019144580737871505,0.5891251087352252,0.5844012927462778,2.789824386589151,4.036842430698206,0.5168304526395952,1.1543999753858343,0.4252486305247765,0.013613877749115941,0.1617444107197106,2.1299173241494707
142,K27M,176.8362994645159,0.04419554852348269,0.37157133405277765,5.204852644938225,0.9312690372831492,1.761054850152263,0.02764968126174941,4.908875196455692,0.6406579099361092,0.9480894342101635,5.163089846388991,0.00997728812025564,1.2659253055950377,0.7018568170670698,0.01556200025293233,0.15015102747391504,2.3063075806174833
143,K27M,259.5284748179306,0.04928997908881194,0.1520406086234052,3.7393917754335186,1.167138502580929,0.7964067247743175,0.04645673008035036,0.2970458518476353,0.28987598084927346,0.8601402141826093,4.091876759358795,1.0388153640192366,0.7123049097375106,1.2118052361041065,0.12899761094228188,0.16105838061393019,0.9522080179873971
144,K27M,268.5999579160003,0.04156092222105358,0.48873791940372846,2.2880100985236718,0.07170999274173906,1.5365871418029862,0.04481730768286178,0.04064774256915815,0.1377174865266978,4.673804122386303,5.5578201225741735,0.6216811857144338,1.9068518186981902,1.5524720147124906,0.1605345556606089,0.5779416265020677,0.5832956577880797
145,K27M,189.62803527564824,0.04379131612292869,0.4480254456998046,4.998401765277768,1.6710707224880708,1.106171311945707,0.051463725289445705,1.9090103216811742,0.5580308624843362,1.1148099479992175,5.032053500073648,0.2509410982724703,1.8776173452181493,1.2540674837950159,0.05403492903643244,0.10028136988262497,1.6371586087996075
146,K27M,283.17037395916935,0.049144291455612825,0.3734872532037329,2.8184410467864964,0.0011555144492501057,1.2739905824403581,0.0638690043026435,6.974472510091495,0.7247726222839115,0.7756063142937273,2.2662639497873225,0.18456905265396217,1.325638570895328,1.1901584256298272,0.09703308794945009,0.5657836988683307,2.4663701233478292
147,K27M,179.32124530756275,0.04455692228835031,0.49545372133830146,5.7400449010792585,1.821502559089419,1.4275746899494002,0.046733367830943,3.9812743039683562,0.6707104466291577,1.0816153831531743,5.581695036757403,0.31996502625656387,2.4380329284140068,0.2144066228796621,0.0627934089271895,0.06730399596074862,2.449637237906206
148,K27M,190.7745166729677,0.045353581213723515,0.2889571226043516,3.801735350129677,0.6765681293409966,1.8230543719448093,0.055495063243290434,1.6172550916165782,0.350587673586773,0.8098184770836945,3.8587325298070145,0.7413128457236903,0.46341109835559735,1.3890992354128215,0.0804541685562647,0.04740966133754978,1.4230509277489145
149,K27M,278.62483851177984,0.04349314562323388,0.230136536643187,5.3951542339471565,1.8647038640268279,1.4107447289928532,0.02793687411858744,6.4621435977771515,1.181513332599088,0.0324453114504315,5.09110767800173,0.7481584412283735,3.024035833738483,0.763948471638999,0.06477181851164082,0.906923998699722,2.468144751096259
150,K27M,247.91420955854986,0.037738505506606526,0.4425736540939581,2.6285791095913016,1.5249137301131779,2.4116781623324965,0.019705984555397266,2.408422132271615,0.836589656641221,2.3624580421440027,4.563634187926205,1.4632913291080762,0.6033499521734078,0.8764949517473604,0.03908694985461108,0.4268874123826628,2.9966512308446545
151,K27M,258.45684057250844,0.04675418628795221,0.33784373983184035,3.3746360645834277,1.8975439969401986,2.231180929080333,0.05110127857450377,1.3671843683315363,0.1915949419999192,0.34708248216379234,2.736106370289531,1.003782050988302,1.2611733242644496,2.7440391852844748,0.18208025764524666,0.10060861164248425,0.835560826637077
152,K27M,186.96840312069077,0.04595681932666975,0.48083773014179687,5.108328392975878,0.9182515033454748,2.387014579346953,0.0333493409142542,4.942336103002501,0.5777868614653492,1.3806952703583946,5.132068992878384,0.02637488657023236,0.9236486316643207,2.1056519693984956,0.04581603392351775,0.4536282561105277,2.2345300677465016
153,K27M,186.06998395587,0.0417179516826508,0.28844308921539474,4.7554527321007125,0.5397683287564725,1.4352340948337767,0.06203761023781265,2.1765348107659572,0.5696205059221509,1.7215223649997826,5.909605562984035,0.4979443458002142,0.6675518898448091,1.6796672210342092,0.06985936607343257,0.22496612571748303,1.5606844998298666
154,K27M,266.6733461190655,0.04905155416390135,0.4700076341133038,3.1993995595740126,2.5205795966881883,1.5844863919101828,0.04393736813537469,3.3308757609747515,0.690552292045813,5.078583188178989,5.814225526311972,0.582347085539519,0.6377762989438587,2.5368222054173906,0.043124356498332767,0.2777293956857185,2.821486144460402
155,K27M,197.62838744197157,0.04513020280774776,0.24774044275511248,3.8183841460491115,1.3608072511080074,1.3962138101842296,0.05885623314549905,3.8064220926652554,0.45912612006832826,2.21919961168852,5.467203963379768,0.6900656081466173,2.0890962326170235,0.2687208776991079,0.11287181813629227,0.39239564642899544,1.6027415111144176
156,K27M,236.62062861358447,0.048892818495000795,0.47803317598154116,4.690229533193104,2.1131013508517382,1.3340419896870455,0.05079301073950246,4.157631247479677,0.5578120878460254,2.646075571640269,4.720287577538833,0.46749779340563374,1.814379668485485,0.1565298912264642,0.02657861742397544,0.06372013977099654,1.5415380394411928
157,K27M,177.4654342306377,0.04438967670711619,0.48830418985523105,4.969681423001416,1.0957379016964135,1.2270820200696428,0.0518459993327727,1.8171849340394515,0.3635676507801564,1.8356066574510628,5.403348746398956,0.32740265695542964,1.2911640411187864,1.931114120618744,0.06490295886627907,0.19421458817964826,1.2210885766039543
158,K27M,263.87442060094696,0.05111166355550573,0.43888651247125976,5.882898053280851,1.7416056972185936,2.391892601518917,0.06645002024326972,1.757101004389976,0.4999310312457612,1.9036234880591065,5.82713539388196,0.7091171974605458,3.855518790353468,1.8344052311420973,0.1483385498647104,0.4740904923287028,1.957792650531924
159,K27M,190.17748895569088,0.043886228946129646,0.42918088220528083,5.455903499045573,1.714003321747339,1.0993192094138797,0.04592866466185795,2.3512560624874275,0.4186851388980227,0.8721915621387385,5.208959680745229,0.5670665410940942,1.3695918652479893,0.3533241967153632,0.05475793858137437,0.05128520540068274,2.0825586549057244
160,K27M,277.55911280738167,0.04544051219625824,0.4848549664202644,2.500188655100254,2.2978822739384555,1.5453476417112908,0.059802904956369425,2.290957268320296,1.2778986308719813,0.9493725212406388,2.3686328306535485,0.2199794688518475,1.6046080419179745,0.587675390560281,0.11437004503102191,0.48832387063389077,2.469932317240617
161,K27M,317.44221107105017,0.04934388891796713,0.46213904123184146,0.6058209395647625,1.2188321675631073,0.5679946167226015,0.03269749862130563,1.2458461623106531,0.7775431043245067,3.198491856642901,1.8897964000679335,1.0829678923152217,2.4279068968459083,0.11321654789624547,0.03574139120959937,0.05576803149301418,2.9257190861507967
162,K27M,177.3627976398667,0.0433902008011669,0.4192177833740716,5.605914482583172,0.938625329048273,1.1480308101140682,0.040926618181545596,2.2838527658299252,0.42500584169848343,1.0961536659911577,5.661619892122179,0.9682245862885676,1.136502499131964,1.1063945461838915,0.04362766144009757,0.09490691125082804,1.414345878215732
163,K27M,234.37648357915862,0.045185879171251636,0.4649791299094055,3.614514472191297,1.4496259536259295,2.188899650703468,0.022352441576480024,4.957546060736462,1.3794895276091903,3.2012058737288847,5.828766310769211,0.6929753333083147,2.478381740465096,1.5930745295045914,0.012400404719627542,0.44271861854551053,2.613884730514754
164,K27M,298.33350841979234,0.04873494487419014,0.40450420772590123,4.4469261338116715,2.443346242829639,1.017494182534835,0.030102819978192814,4.659987090130155,0.21635802884330346,1.7199264489520774,4.1186505632213,1.1072872461532652,2.621039469917459,2.4887417779092775,0.05244024381639534,0.06240528884564078,2.3918810793358114
165,K27M,234.7705994819238,0.04170735246056742,0.34002961491907835,3.7017429008073846,0.9291204225310945,2.471106298618917,0.027628688948742455,6.365703148815737,0.8067247623003393,0.6598758054431975,3.8582332614053025,1.091220602373971,1.9545468336633878,1.2090426441112163,0.07529183304027519,0.054211430977904485,2.4932081698016777
166,K27M,261.1999461288255,0.04575234456457232,0.39191698682238807,3.4120688923387026,0.8444821021667429,0.680233831958589,0.03001981740865356,9.322444353680932,0.8691690805034487,2.069678045122445,4.446112185073002,0.958936664103426,1.8324269343506656,2.3107590433264678,0.1647856948627519,0.06303067684899505,2.8095063918243475
167,K27M,179.4500372097033,0.04453286153094737,0.3112670628946113,5.072417688007591,0.9297142830579804,1.8773173352349817,0.06821101741975999,3.8248445873808374,0.6787316560759087,0.7260467644125064,5.031844102075095,0.050812239350144534,1.1090903540918895,1.6480881881350478,0.11546331322461989,0.06881322514064658,2.1405538813443896
168,K27M,256.20217184153563,0.04627717050228105,0.29732941456655154,3.723328782684346,0.74751081463358,1.5875579751728046,0.033297231269676056,6.665898080924826,0.9278103439863237,0.7846568621282832,3.6537184736739583,0.7322487276105869,2.0782758329016673,1.71514267191461,0.05864368141139057,0.07614751815891674,2.988512040713333
169,K27M,204.17567017357476,0.04585595249909506,0.3357338852058742,3.271794358067988,1.4470704193682307,1.3422306594467102,0.026049384624880288,0.3905340052886603,0.19801690782675857,2.2735788182815093,4.522839560887551,1.2210228912236043,0.9648161264723535,1.0024647724666922,0.011589664549526445,0.37105658655295404,0.49406086574611074
170,K27M,241.98590984258595,0.046938134604478744,0.16147527553622626,4.053476323365913,0.8908591449020391,0.5626555892949758,0.05620192047324775,1.4860143630023623,1.3052621617648108,1.3634559001698647,5.001028494393018,0.3963781879793049,1.9175026122743537,0.15895227438878057,0.13653613036306628,0.3375807416973789,2.282214882504195
171,K27M,261.79960464793237,0.04576569058320812,0.4952335171290113,3.276375741635478,1.7851337860584613,2.2137352308906135,0.06472018808421405,1.4949736906051436,0.7577544644811223,1.7456961200250496,3.9775545120137994,1.3876028349640572,3.2258664567771547,2.5706647510227927,0.16258183312797966,0.846261333811116,1.0028242239240468
172,K27M,249.4776069349124,0.0435459818222094,0.35000435587851786,3.9743728486858947,0.5904983629682627,1.9506448308444766,0.04693582136260326,9.46783967009248,0.9670426833625303,0.7476491067546287,3.855482669764458,0.476023853690685,0.5971077580992579,1.3476457946895954,0.16478113737962244,0.5240339168405773,1.1295388593456501
173,K27M,205.72717317878934,0.044208336675681165,0.3426166310789288,2.8678159526352967,0.6988829237124939,0.7859407729080669,0.06038188716386736,1.8783078052424356,0.8204810046262575,3.870858692629905,5.959569869348034,0.45521714848734923,2.802023337970627,1.1391432990129577,0.1005447980995691,0.35431462568525773,2.360907676092956
174,K27M,188.50520409143454,0.043138068432301405,0.22141427187124357,5.203482592882292,2.020116118006358,2.0740892276789995,0.01899530920051615,3.194391482571976,0.22184675927739256,0.21512329445817094,5.005583288881428,0.34355381132271584,2.1622581307539788,2.605921338026663,0.01797562224043394,0.13730773385311862,0.8234464822749802
175,K27M,208.29383030929978,0.04637738366988631,0.4650866096403793,5.16733318008768,2.0576762524636,1.3845343313053247,0.06565236905497641,8.145826982347973,0.31607226348043155,2.0671269865106376,5.766203568714637,0.04124919697586547,2.3434182544191535,2.6642539364789157,0.10936271543380059,0.38159469540547347,0.9848555304962828
176,K27M,299.75814191879937,0.045036951948185126,0.15152867065137166,1.1794452216302282,0.8277821068565623,1.6863414488937767,0.016789902908086206,1.2290609027590857,0.44607873809262943,5.231963555103341,5.893155633671007,0.40343531903552843,3.648356366265296,1.125665510271684,0.039760623840547266,0.3711130467470436,1.982591895957994
177,K27M,203.4908651508493,0.04297181333940857,0.3247121964241607,4.114439678871373,1.952195816768938,2.4207925400960075,0.06295419063984081,2.4145499199990357,0.05926992014229414,0.8040309306542109,4.245855233006067,1.4034693589491527,1.35609487390761,1.3978483607880983,0.1233035892790345,0.3192307600571306,0.19222781455228063
178,K27M,178.6004057602327,0.0433929735652774,0.20462085696442428,5.0702153717238065,0.6056863354870418,2.2202265750194683,0.06416337341110903,3.5731861692373323,0.4769103639131996,0.9448537552146195,5.575101958707249,0.31058420537949105,0.694391811741612,2.2314491137739276,0.10751950541041312,0.1546342836299883,1.7612861495563061
179,K27M,198.06278307721163,0.04426211002835091,0.48846168228895775,4.5612955123402354,2.1907994265199746,2.69890623746691,0.06459635027334366,3.7928852844220864,0.7070297440526193,1.0302312088760281,4.440933280492306,0.2068381464304236,2.18805457567552,0.8240219295031112,0.1085993278191753,0.07668356425105828,1.840391052365554
180,K27M,177.72055147080553,0.04354796562181259,0.3731615525662015,5.722585695240391,1.3404481717582872,1.6125269025608713,0.06162620097952871,4.441357498340083,0.36252750543701245,0.6053937910475564,5.440498689931607,0.07173405659042179,1.9097960413108281,0.930638306874081,0.10541886994872555,0.2750036842561612,1.2880190492689643
181,K27M,181.34034356072345,0.04460612270955836,0.4067297732367154,3.9367958696976917,0.5557400500691667,1.6429938709401803,0.06913944259088232,3.7107313058888067,0.8927260934436863,2.2258825010392287,5.135519010281126,0.39833078141091494,0.597827513328071,0.9206543166253065,0.11032947323412363,0.1858929591203507,2.8238613603477134
182,K27M,269.0187894003028,0.041609588479085156,0.4780240597860216,4.243421908640704,1.638288073840222,2.2479252284794637,0.03125656624614337,5.427111893758015,1.2578500895312752,0.1902512006334014,3.626207572372601,0.4245421352414961,2.3394612138143165,1.084869436750537,0.1502230114194014,0.5904426450763591,1.741168764064069
183,K27M,219.35875531724912,0.04189135829716911,0.2122761755069964,3.3288145395934983,0.38666567799342944,0.7770860646899629,0.0629689587159581,2.069265226374565,0.8182921976762499,1.8925712852360115,4.910098703236159,0.9180613683829183,2.1383423697438433,0.029002212947816464,0.16133224505490706,0.2315092949542461,2.974040322705567
184,K27M,195.57884493525137,0.0431940460782423,0.45608963560595706,5.985060885183555,1.4513180275457453,2.2240897828449686,0.04112004389900687,9.449780645645177,0.5392610337369222,0.3246383023091075,5.438760903688152,0.18555409814542292,2.9102779800247105,1.6550827951322604,0.07551884982964358,0.32719042578439245,2.0255492148390886
185,K27M,178.97680332549925,0.04453214467033402,0.4949900672214927,4.631753276554813,1.0537374705458176,1.5262218117123083,0.034309384668294036,4.127399647140778,0.7951070769102722,2.557783404052488,5.847448896489943,0.028559333031739777,1.3812730598741045,0.8219025690123708,0.03776379672451057,0.33157398323288906,2.833608978325931
186,K27M,179.81869720355695,0.045274106334424115,0.4386316401566027,3.500213437247161,0.45938664771447013,1.05161873432408,0.0640635984101437,2.1283204811688834,0.510566800815587,2.6205873087672047,4.888077925459786,0.22471952878646168,0.5677583035367147,1.1414881400872425,0.11366691387427832,0.3420742638735232,1.8817053012370153
187,K27M,229.1548976373632,0.03886498890049576,0.3912600774068479,1.9577370328602486,1.1067541482597867,0.6383332365979584,0.05666434171479108,0.9049774634947072,0.40252007571067117,2.5481340558732617,4.1030817409997535,1.250704149448739,0.9144094446241853,0.12100960141232475,0.15805422116133688,0.7940789101554617,1.159181445369593
188,K27M,214.08259064108728,0.042894997353125505,0.46144209187689794,3.3777573226623443,0.59905108768576,0.9277312182910252,0.039570309159156346,1.5777715418160796,0.3977842429231658,0.8413575169650505,3.303191396692365,0.9187736851635928,1.8370580755831871,0.4366726069245507,0.06506192705753917,0.06914521814609526,2.3723770761291227
189,K27M,266.4236548703119,0.04542761192658247,0.4778210627110973,4.100136786870401,0.9179514908917614,1.5551573358007151,0.030439920951449567,0.6044893619606073,0.18845512739311088,2.749327202125162,5.598939418566428,0.6642633087232724,2.6902201088088056,1.4865212175190519,0.15911297045814835,0.6516431783653751,1.1317536159271482
190,K27M,177.14234702606376,0.04417414559137716,0.23908295120204054,4.669624858403904,1.4548574433622445,0.6073431664053213,0.05165962708213077,1.4365616291380365,0.3798595525124881,1.2877988720004223,5.35326928701113,0.24996495874800892,1.9403419615491364,0.4170057123775234,0.07023174945407598,0.04197755578328857,1.2966435679936792
191,K27M,281.2210188721529,0.04522077719120392,0.4649267204559022,5.256023532814352,2.410926178108583,2.5287321292468823,0.03462725748555903,5.004044149433565,0.2814011611565329,2.0314605330202604,5.577660556041188,0.6167203100497235,1.2919210682115692,0.8061615222613392,0.1335359810495793,0.09279343201405499,1.4898096882894456
192,K27M,248.5331998683422,0.046462327710091,0.3931507311228885,4.143491016426801,0.38313401616238907,2.2147062861887052,0.016066438420552324,9.2986909906396,0.7593181759915982,2.5531330365895544,5.2226386064978385,0.5231968798725017,0.7537084081762864,0.079671510247878,0.04555235164136146,0.40521164471952537,1.776411581917442
193,K27M,194.45784595564706,0.04472271464397306,0.4618648722166629,4.2546897758627695,2.500880775501499,0.560015497302277,0.04504379153574131,0.773372193209513,0.6229064216630747,1.62295552097661,4.823711544876749,1.0615591509611344,2.6763159870445477,0.26623420505735695,0.0829582847500707,0.01288497551698524,1.9008407960343918
194,K27M,214.15807756573037,0.044471407464445445,0.2943002054887374,3.7209421079049005,1.025338658761696,1.7859812911426929,0.0546660252502788,9.802133022346062,0.3361384442576734,1.8294387755851587,4.960509714325599,0.16427585145101214,2.2488139883226586,1.2781584165466724,0.12350436639735027,0.6122612492384494,1.0583023421447917
195,K27M,267.6065677297594,0.048646280689554504,0.4711986938035761,1.0737379981934274,0.25000224235504254,0.4776312271200287,0.012436330201589026,4.016133322825993,0.5078991260842194,4.7569345116071915,4.4643683203671385,0.15240444267868436,0.32479157074347986,0.45242861113838206,0.09415579407185834,0.8865452454473943,2.315631004761065
196,K27M,267.6859768025036,0.044013356095144285,0.4826799360712243,4.892353709057053,1.7302314856651184,1.560413622699799,0.05852934776786173,9.957447167355284,0.375064917722873,0.517665981337367,4.755873475975339,0.7534057857111548,1.7348063902686013,0.6107854818432388,0.15849380136683794,0.7407586226108367,1.0705139220129924
197,K27M,191.87490787368665,0.04236710920349954,0.11674550230446695,3.896880695419585,1.2284075853446017,1.0114725329338083,0.047900429293221816,0.49009234032354837,0.11516636892434574,1.587032716872241,5.33607778840479,0.5630934556204503,2.119722548602456,2.73445684818622,0.10039359709290913,0.26138011823929463,0.4808616947850342
198,K27M,187.3765527252967,0.04591260691648236,0.4528355722257743,5.518473722352347,0.43261177400410605,2.4008420058333755,0.04981646596780452,5.197477020586364,0.6255316624217583,0.5412181776752113,4.856261951419683,0.24820960958985033,0.5793446757286661,2.436325405313514,0.11793253853498467,0.11293031534771886,2.76885228266395
199,K27M,270.87390370021456,0.04787984637064502,0.4863704576322419,4.146792999531102,0.06121650090460484,1.7929540077612924,0.061240245103084935,9.885834908665359,0.3730014351651424,3.149593596381184,5.07287090895211,1.365772657765779,1.2801963781771737,1.9073220007059537,0.0657766938893759,0.5191604706143204,0.8831386281177591
200,K27M,184.75400690636985,0.04509326217403165,0.48569888445539505,5.570235029586137,1.2650535999621897,2.6011754770593787,0.06257547398047245,7.850192385010534,0.3397349330063955,0.13446466713545502,4.567883029195076,0.08060418604018756,1.4708112004693834,0.5388376199855218,0.10779327780419247,0.6054211268716337,1.0783265523281367
