run,condition,CF,a<sub>HSC1</sub>,p<sub>HSC1→MPP</sub>,a<sub>HSC2</sub>,p<sub>HSC2→MPP</sub>,p<sub>MPP→CMP</sub>,p<sub>CMP→GMP</sub>,p<sub>CMP→MEP</sub>,p<sub>MPP→MLP</sub>,p<sub>MEP→EP+</sub>,p<sub>EP+→EP-</sub>,d<sub>MPP</sub>,d<sub>CMP</sub>,p<sub>GMP→M</sub>,d<sub>MEP</sub>,p<sub>MLP→M</sub>,d<sub>EP+</sub>,p<sub>EP-→M</sub>,r<sub>HSC1→HSC2</sub>,r<sub>HSC2→HSC1</sub>
1,WT,336.7050580299742,0.010913570440500491,6.974085557409089,0.005778716945386249,7.163034155906995,5.991411407553673,0.0014729199584593289,3.460302680221261,0.1040885601771509,7.350496186283809,1.6368114939948148,0.9929541790813052,0.1849502453802665,0.4256280632118765,2.419650137332325,0.03333491040248575,1.3089906495399237,1.8649657352714795,0.01649500738477299,0.0004807133940567896
2,WT,293.65465918651415,0.004031699560587888,6.739370044549139,0.019592463604663397,7.14115734284922,6.413084486423047,3.45193080730747,4.317984673695628,0.16102639163582,4.732257766909269,1.821541050569739,0.9303456209926285,0.3057896064687705,0.21743595559747975,0.07741892654748289,0.05458225624690364,1.0302391569925384,0.8789819089269693,0.005459817845023457,0.0012840414829725269
3,WT,345.02639170771107,0.004901955069209017,6.76456867627872,0.019289317782382125,6.557778354776323,7.663769356000611,3.543313464376504,3.656353012640826,0.10111237172692294,7.075151742511974,0.9645279027510869,0.19539534265878644,1.6094575632891353,0.49737311991710764,3.410544318885422,0.01501027690888003,0.8683092666386512,0.4062995905766429,0.004168888605062952,0.00708057486238876
4,WT,298.6232432445593,0.0004631979722381131,4.53684330196279,0.007129122657521358,7.787914676171762,6.214391312566607,0.8504821916671612,1.5150226459762146,0.1775688331644948,8.121678931621556,0.503720308286715,2.210265839910808,0.3236364855467414,0.366364762200701,0.0974387726096285,0.049596983509456995,0.3926021219918015,0.9094768844696195,0.03511703057382782,0.003046437650505695
5,WT,265.67468905555165,0.0001678437340057159,1.422206006430851,0.019915831671487316,7.818430385280987,7.93430038349006,0.46429545730664973,2.1464645460984917,0.1639842354505329,4.0824371638760235,0.3865861473978238,0.6377250542447013,0.26106108241436854,0.05355732324838393,2.1772662444318245,0.0654008815326564,0.9667550840758945,0.337462346257289,0.009966943608669081,0.004650718017416329
6,WT,255.8126606244199,0.0037155079287982742,7.518393800279931,0.013882134249475153,6.963137139942714,7.918747024081813,0.4148429401505107,2.606945715280845,0.09828345020486444,9.03306897238014,1.6253653171457727,0.024140396956851717,0.23362050822359842,0.055274837010342234,0.012985149627435957,0.03676462966305971,0.4810237886927187,1.1007685556842703,0.014859583346937998,0.0028668116736336596
7,WT,274.85071196747174,0.0035989922341608965,6.947149353189583,0.018431228189487177,6.385314651785062,7.17432540323769,1.8937476719587305,0.9343312316101068,0.1987791954538335,3.9962124071648315,0.8389007026632356,0.30615536926871345,0.11571070638107576,0.30612236847223495,1.555334921178367,0.09620604535863608,0.03129336540579564,0.5108414623577828,0.008163643454032947,0.0045152313160324396
8,WT,274.7599322439212,0.006466097018020234,5.0173585552125495,0.012585725335380379,6.578382435744007,6.0153841845488305,0.7300685984945442,1.4095916773564396,0.13814666033740572,3.003366080680326,0.8742203694690535,0.9736062950475769,1.022877297950598,0.13179613651219932,0.3885533505584222,0.041943093481905155,0.5772979061008491,0.4039114189294416,0.025741022597405683,0.0002859153351192843
9,WT,254.98534010118178,0.0009685816995454907,6.724370271416337,0.012491088977924726,7.7547268525872335,6.652659201217939,0.41150021381560203,1.9741152460690057,0.17005650728159472,3.290130236384088,0.6015554541332342,0.943698874866114,0.32865410875224943,0.06064751178167646,3.507121272424777,0.07535304108048914,0.2289732043578277,0.41080612356497703,0.020484434739180626,0.002697394717184199
10,WT,267.49180289657636,0.0010992098355855939,6.4628504182423505,0.010995447622406621,6.109187924760725,6.507210225039586,0.30926746443383596,1.6259216872201814,0.19639421807252,6.697145181588068,1.3462990298854827,0.025948987058387142,0.12236992297965546,0.06680339905551587,0.39901552124574174,0.08701743222348038,0.6786200930787771,1.7265511445058999,0.02162149489118578,0.0035675601354894556
11,WT,258.03663619431046,0.003277867650454609,1.608271895175212,0.0074904339661172395,7.824708070222605,7.529324658797637,0.6263422752947805,1.9219953478248246,0.19733188242772218,4.883015687718505,1.145232919338854,0.7831675159437024,0.05544655204066479,0.08668799360988019,0.8014480441939753,0.054939605207360326,0.08910959370571717,0.8654497718599053,0.02811269984755251,0.0016951022240512335
12,WT,318.4190946028286,0.003245126041422599,3.9958520442503245,0.004993574396112417,5.986868727671754,5.656003728071286,0.11260549777671924,4.1913669851899495,0.10442514276798895,7.023852329107273,2.382405380057067,1.5667954074238817,0.5764884868657636,0.022009815353163403,0.8394823329043002,0.05075571067058454,1.2693723416896168,1.0910744316385594,0.03380198019972255,0.005196366417064982
13,WT,258.5898117904424,0.002809007697420062,7.974170970932675,0.02113007623309308,7.403377351176142,7.772828705439847,0.7988509661456956,1.0901724928134446,0.10344669910200566,3.6556100859268525,0.401192551611377,1.0298776712141031,0.35728879766786026,0.17441827648656466,0.1954334889079046,0.02149502260700869,0.5478150243936095,0.4323025400919563,0.0024505499433719216,0.0022709850137804665
14,WT,274.76915599900735,0.0039174523912948065,4.610354964600379,0.005051468770103402,7.313866093638187,6.315130868316558,0.7920259828033436,2.103711003328777,0.16337954149414483,4.764975347137423,2.5447024187970673,0.6487081459310665,0.01598666162170792,0.16338235571257748,2.110490087952201,0.09675087983181299,0.52103563978202,0.6591458229403099,0.03812486267904241,0.0017331347633929256
15,WT,325.41890874256296,0.011781957159889661,5.284816428985006,0.006586604482742831,6.3584133683610435,6.54935387736789,1.2853257535461742,2.0038501242495377,0.1941058130043082,0.8352996248772273,1.0519960454666737,0.6124468321141591,1.085569729463906,0.4786106411931141,1.4089722891646996,0.09625480892891625,0.9570749446628359,0.0915369893700333,0.0225772339669493,0.00016278225042919094
16,WT,276.71688699104493,0.0038846162660048176,6.812550928345495,0.021866477576132224,7.762437688027301,7.568327450544856,1.357093128502141,1.5490530276636232,0.1090668269342008,9.922291991060424,1.5835221827019508,0.34801330506251754,0.13959523500081655,0.2558696643064552,0.5304171978418045,0.04358506174194945,0.8908752632048684,0.8729253970277023,0.0049436816331974,0.001700740590142991
17,WT,262.87824686585026,0.003868048674518591,7.985640773576568,0.006327244737383164,7.394688738359661,7.268702249546998,0.9743770847723257,2.0797335593416553,0.10003405743254346,5.729622504934333,0.5815268867571625,0.6098012564477845,0.43318793454657134,0.15342088998951683,1.4376613443336577,0.04039986633320014,0.5192139204918178,0.5855225794695526,0.027171564450034057,0.0026061232831637625
18,WT,310.62125267570127,0.0033576472599712703,2.9015891655233172,0.004537892052123121,7.733973549827147,6.298125147785836,1.7670199580188204,4.088865086122229,0.0878999019966805,3.8780530512662157,2.6300248292617456,0.9905155377038843,0.4585388666407837,0.20279495558674016,1.6024242496469054,0.053700255056897545,1.7474703934827587,0.8981008449170791,0.04427361627967065,0.0008681347523560408
19,WT,262.71074181060794,0.006246570544665565,5.5648712363628565,0.015452207174627702,7.124253754070067,6.876498348396069,1.0660167612823925,2.6850389152161704,0.16410134685358022,6.211327256129623,2.0616705304172713,0.14880633894689138,0.08984074479422668,0.10969872676579588,0.6596351378550664,0.07932013502521022,0.04494209944948256,1.114064075623937,0.013234078245450129,0.0014385058294116957
20,WT,261.0191770717765,0.000959707593882551,5.651195315805579,0.011835049821931164,7.903917792068812,5.548110151911749,0.5936278802170356,1.2070902274852162,0.07833190445480633,2.543429218068564,0.4259259935992795,2.8089759894999826,0.046055791981001515,0.10555771797260098,1.1417444443790246,0.023814697843690415,0.7541351231732084,0.28123888027222543,0.017538844412455075,0.0047466878544044615
21,WT,292.8520097744724,0.004938206010672013,5.265414980571515,0.011671696169386951,4.837556719884607,6.78016572173806,0.21192664500700487,0.749663091630149,0.12302332301088807,2.516549994804934,0.746971205407446,2.947106547047057,0.10868017725917668,0.08530223200022592,0.05812439652121948,0.06755457952196578,0.6014535964553971,0.3516209092201751,0.01993211260465265,0.002654247492586216
22,WT,282.0495784378652,0.00011876250227842897,2.3682454879520285,0.02250653152906575,7.3397234011684915,6.48729507354036,1.5339193112006635,4.335480013474261,0.18919486518355727,3.8998543842654034,0.43036731451111926,0.3956061833212306,1.2999270681382353,0.0767409429421968,1.0379325594229876,0.056943188988856495,0.2356097671037488,0.3123963290547309,0.000193564353225718,0.004435731683157947
23,WT,274.6160762876209,0.0012066073896436916,4.982938071213461,0.002130859465595482,7.9306824190136265,7.7956100927577205,0.9579653715549586,2.2061173281476374,0.10247313233797986,4.4518754733301655,0.9263970301298088,0.8693252758126347,0.7531771244713754,0.08779476044264158,0.8414014541458108,0.06601192548563595,0.6164773457618601,0.6083675122037916,0.04585987807723168,0.003948182803698229
24,WT,271.6296147121969,0.0018059646066140825,7.938158657571568,0.008421375813308088,7.985984731202165,6.4282453858789355,1.8569963847844797,1.6212735272897267,0.08784580591505695,3.068042490964434,0.5937523245118758,0.7300718170627924,0.37545883098478505,0.2540102803389066,2.1651941675865327,0.04109273353024686,0.18678907485185497,0.6107739440340119,0.02905499060580018,0.002708504284907712
25,WT,336.9684390734524,0.0033896397689278544,2.359329719016518,0.014415178874741866,6.926659575638228,5.771942703898251,2.011470687054331,3.221152059800604,0.11654496300660655,1.824677499909491,2.173236561208892,0.5553455609044733,0.6775800694707458,0.44483271039135874,2.0195973437100765,0.032183391005116996,0.7830895108778847,1.8047423571659746,0.01684330414171005,0.001158232507188602
26,WT,357.62071017053495,0.009753027531598152,2.2539692961434974,0.02826036983737012,6.750619623580321,6.857162604629317,0.976495004534554,3.5546642717764536,0.0525116846017052,4.373182593127487,2.160021740444693,1.838671512152856,1.3473807014559456,0.3905623971493828,2.0325068508178017,0.022826928203004887,1.011395025194191,1.823332548263001,0.0007012012244000387,5.249135878191043e-5
27,WT,273.41630483697236,0.006059963931117036,6.076417141636867,0.01575795457534877,6.562156565222072,6.475392175023199,1.3289138085096306,1.7417107715838716,0.16583470870405473,6.5995956548400025,0.5548647658187229,0.12940997134087953,0.5976529030220344,0.22916260146558368,0.47647849090121497,0.05926075869232565,0.3671500934613392,0.5416557519003908,0.01490486054787843,0.0011535305942682221
28,WT,254.08464099871685,0.002960251457077362,7.477917340176569,0.01677056784194829,6.951430362449807,5.927713798782098,0.37041677135948736,1.5628454965239529,0.18036230098952288,5.145805750674414,1.0501792510788972,0.936599815301897,0.05350586664136681,0.055467703954405416,0.18338428048161282,0.06462493602010909,0.38319131470575213,0.7833500398079897,0.006642818834228458,0.0011765934324585825
29,WT,340.58471578708895,0.009832674863218998,2.4820323303923573,0.0006395929296401995,7.842620848929637,5.459029261448986,0.7558281167493732,4.474167614487466,0.14377817536652293,6.966693715016334,2.0073079111528216,1.7731115199524408,1.1702192008320984,0.02028888471179824,0.16034456478047815,0.0365544872726161,1.6557260679753198,1.7472261836638783,0.02215174437818212,0.0006446825519685117
30,WT,351.7193996555662,0.0024733173703963157,6.794500615832296,0.011476568105700248,3.9444994598330796,3.5361902960019274,0.017844117011530436,2.5577001498539262,0.08446389658702011,9.814480679406824,1.3289247089927778,1.184136279094494,0.8778280043293876,0.46519442395821176,2.5522047822600635,0.08413415721143533,0.6049519371063021,0.36659298444351807,0.018065374372537905,0.00577257474018848
31,WT,255.84859865817594,0.001037884402907442,7.239124925443908,0.006814471860784862,6.566017663277456,7.506124015110259,1.0009011096990599,1.7951242209922613,0.1521021422917252,3.4969836979927664,0.8262081677786319,0.18200511103226055,0.12676514789289708,0.1689938261940851,1.499378540765262,0.05829811541795557,0.20000511675037186,0.701575241754239,0.029257609383804308,0.0038844580531340166
32,WT,326.7765761934041,0.0018865791509430792,6.8541736570753775,0.008286372600534761,4.273398819964539,7.071386912739676,1.146114618492609,2.7145674417013246,0.11010459468182834,2.0589930779668926,1.6168318888254853,0.45288209256390743,0.3534382786415482,0.8362588004141069,2.1408127324466317,0.035816459395831994,0.5530400602021488,0.692656156180961,0.03321843538402488,0.0023656355258627306
33,WT,300.2825480965092,0.006623767733786938,6.7165624273677045,0.018454878193819767,5.004184737287775,7.583969753931233,2.722976963254749,2.3220348899142262,0.06490000669349813,4.878937182135877,1.5960393953688818,0.04277589336327625,0.27809959067915085,0.24225290002190936,1.1656770628190596,0.021593931907620614,0.09748128640290843,0.8168382285070306,0.005431263258430255,0.00536624856127205
34,WT,254.77076772620978,0.0008318063037276803,4.609003211631602,0.013014100848898045,7.471831152991726,6.111679487711557,0.27926841147536663,1.099312483133663,0.19400755300668698,2.6262928523032016,0.3701018459930177,0.2981719718649695,0.5870099927979338,0.0444647311609576,1.3633995262838687,0.0844709341389361,0.2894144750596914,0.33336983396751335,0.013692084659497677,0.0031951460678766525
35,WT,346.0383973801505,0.0058926501906146015,7.300283689858118,0.008115645648096583,4.486380477801885,6.468092011106194,0.3935893378259294,2.524282122565787,0.047780612317795304,5.889738479756131,0.7527170199458191,0.8289487938743894,0.37803307852305723,0.7608098986121087,3.1119592641781897,0.061389271161110606,1.5450307342649192,0.14972814433888568,0.015431456642227403,0.005424711716634948
36,WT,267.6255450514978,0.003889068275789667,7.444951072168719,0.00709552200095707,6.982135001849454,6.20370637591489,1.030573491219461,1.2378760503936808,0.13935747827105824,2.659663339172239,1.2036636152935907,0.641038126327066,0.5384639509839839,0.23719664969524346,1.226969012308663,0.07323510660874871,0.08059867516709554,0.5780184076011013,0.030727679282625937,0.002397230331582353
37,WT,332.96056697608526,0.012804705866466213,5.522855908108662,0.005006517451637303,7.068276666681767,5.956272603825603,1.652536748311177,3.7725309908835065,0.1841313208460459,7.169649848730879,0.25013887600048995,1.4721024807106997,1.4338844023236712,0.18253851325634562,0.12065642668202514,0.060268265459465384,0.6092183265876502,0.3472725068076165,0.013643282892895204,0.0018172785338047334
38,WT,333.9636980609127,0.0007335941313380227,3.772135060524022,0.0007938769373127454,5.647060561638824,4.115727444456221,0.7842043945009141,3.1935414998427016,0.18850962459148857,3.1771617174604048,2.6927733245783507,2.3504111483732224,0.45808922947013986,0.07157466845158322,2.624377463021811,0.09832205890599922,1.0396512407515266,0.4482852109098303,0.0343448851481574,0.009080326522452208
39,WT,270.77833824161974,0.004282757160876096,1.2201583117423827,0.0015351801276879615,7.610473880980506,5.909611396418823,0.34574985330118924,2.649668216311973,0.14520041976899803,4.10830638439478,0.877336406313392,0.7735707892469954,0.5763817373832936,0.020692821326244757,0.6531408342030234,0.05447131589377969,0.02538820462255456,0.6858416268190413,0.029234870654838208,0.004560727195518048
40,WT,331.4871773718514,0.011858562595767688,6.911818161314894,0.007665831761594001,6.929819429620263,7.18208445551712,1.180380737705062,3.638487671191732,0.17841755700460482,6.3974282552804596,0.5772037789827571,1.4837463528399581,0.7047384443555216,0.4166975904565793,3.3567705501777327,0.06734775236441061,0.9761410835877484,1.4614049396923026,0.02346100938250715,0.00018767372778346995
41,WT,350.98524283818017,0.005528905441227356,7.840713478995703,0.015509130623526239,4.0840262738207285,7.403824244670186,1.551169638061042,4.96576210763348,0.18191501185959846,6.724470095070697,0.5414486428725847,2.252971438955207,0.21862541383246978,0.22215843446309538,2.680095661583665,0.07871149647265646,1.5613591401279452,0.379554541888523,0.012848732084022556,0.007804581051569075
42,WT,327.890592419188,0.006577501017393661,7.073826509412611,0.011809052619326747,6.939189042412302,6.309654398318743,2.5503885840787746,1.877465687080512,0.14539996258826193,8.725772684722086,0.8690388014591401,2.291952942847543,0.27042122800130297,0.5306986822826201,0.3909385889214354,0.033316823331959206,0.18715761831286937,1.34784175372108,0.01955944206433272,0.0002833521280755213
43,WT,322.46014811106056,0.001432543689853084,3.309950050948535,0.015343169887046412,5.77291673841019,7.082116778609517,0.6458872933811894,2.168593417474189,0.17593557231266369,4.2179406957778784,2.3833638411654094,2.2564885011597844,1.4530156577404565,0.1065557764317063,0.49285662474583547,0.06469688992245601,0.5575178423387814,0.2984387353729716,0.01775273129770143,0.005794625480365483
44,WT,341.99278741047755,0.004215621878468619,1.4560648506464513,0.01354323755969821,5.95899827213704,5.35801660791313,0.878397551606148,3.6123640374776245,0.17633151278085665,4.25231391951611,2.7306363624479277,0.9381500085600694,1.926969972136365,0.4037789800805054,0.7756370485426274,0.07347295435589696,1.9294173520807107,0.24008428128430115,0.01618447523470603,0.004197768849757208
45,WT,258.81320932095207,0.006046401146890887,7.6343726730995485,0.020707612731114388,6.4225715066647755,6.214655821020177,0.7718838771492574,1.3525455981171821,0.1910395862631848,2.76055252789807,0.40331767416506403,1.3493213114183362,0.6762792663366892,0.09893940984663008,0.1439886217413302,0.05268361498148702,0.5778203628515292,0.21022297117726668,0.0015375715829274612,0.0013478938340945128
46,WT,331.5449428500597,0.0006095300941617024,7.486338715040609,0.013672092222854976,7.581522401264193,7.724040098401069,3.679271045627911,3.1446715985328195,0.110648104230713,3.6041633986027226,0.0981267661032077,2.068757356634453,1.1663117813250774,0.35226967821692434,1.1589599770619055,0.03770662242312403,1.7736058694940047,0.21882916748633807,0.03295273612910351,0.0031013005738279227
47,WT,320.8513389475585,0.002552466765202101,6.193427599980163,0.007412272353562341,5.373944074087596,4.873938006855122,1.9580399476084818,4.359987364194764,0.17482022227756341,4.736689859503677,1.8268019401411968,1.0318151916088747,0.8326836338014827,0.11803526184184943,0.2919665044188946,0.032631127613063124,0.7335035090193549,0.34861685101489037,0.017038036214125488,0.004907433257111001
48,WT,255.95694396512536,0.005356467803360662,6.666493502189275,0.017692665847539958,6.076531268881587,6.812279220712563,0.34949419268578846,1.991314029132688,0.09545808820290297,4.172162154633168,1.4553580770453682,0.25434938367525106,0.05406839821345645,0.052985854644211794,1.08500200768877,0.023318733016420727,0.0952315305407147,0.8839838823038948,0.008190388577349392,0.00049828722390075
49,WT,262.58598592339257,0.0016321198308316162,4.944242700867551,0.004071690689921858,7.067778211143717,6.486561475283922,1.0243496187536423,1.5704729386472158,0.19641611537613302,4.376961167033873,0.413328282050938,0.8360920470292601,0.24080512596669887,0.19155335059916256,0.5120192394286989,0.08219897848083518,0.5558174653897934,0.3122220820695453,0.03502037586858129,0.0022025463522756224
50,WT,333.8637198374722,0.006192899915964656,7.467471654837227,0.022678695399762645,6.203616664337111,7.120909766556153,0.9914816786990603,2.727427034403557,0.14438603401515282,6.567397162361192,0.35089973063039953,2.693814667667751,1.1585336643946302,0.20881300250770324,0.599802079273184,0.06132002670526749,1.171366337639391,1.676901711380181,0.003584314202034918,0.00021280390880124532
51,WT,336.13985946469944,0.005736808838761439,7.159187521629695,0.01745804817092487,2.3212910760359007,3.07757666799942,1.5279649907689437,2.9757609599932615,0.17606263920941537,3.3800240599995792,0.24804717235315676,0.6756813020349445,0.7654099215732397,0.137204791255764,1.207847365539231,0.09828180651307983,0.34693879869534383,0.3652109462191666,0.0020890772846558388,0.001826028870983429
52,WT,289.44143371597517,0.0022680056214721073,5.484825317896755,0.006146864191320287,7.217161344202506,7.655375189663171,0.666594471670261,1.0742933212372032,0.09912782476985463,5.204603155285911,0.3444447191178053,0.7684336910345749,0.5937323072316041,0.09320310105949547,2.8786406346464415,0.06385609021721973,0.17100762535833722,0.39092413252538594,0.035610872725188196,0.0035277448093612605
53,WT,255.84847437706995,0.002745673933997307,5.046025996770675,0.016328674957701222,7.858620839271934,7.059544294242546,0.9086595840893381,1.3012227205206688,0.1028803038197814,2.6291918247561803,0.46971901242278585,1.2423458460374324,0.17299189642065096,0.14009481403736143,0.6053101349370678,0.03188739767847208,0.49045016194876595,0.3211572378856281,0.009894754309739998,0.0022733078843054553
54,WT,336.48684595060666,0.004320295328176291,6.748678565848023,0.010577629447977542,6.140146995683013,6.428331468249937,0.030084020922664045,1.8532850760081148,0.014236506447954822,5.84050373515492,0.9097221105303763,2.8357778022649427,0.0315299468598047,0.797548749785278,2.784875183315445,0.08423402869120165,0.0014377006315853258,0.6149487608513544,0.01617181522491833,0.0015570548952391385
55,WT,326.4930497295607,0.011308795287064993,5.702851032353177,0.0011900694800057662,7.3938985082180135,6.669079084351016,3.4538006155139773,4.582479751100379,0.0929079718894322,5.038334614153236,1.1283029880659674,1.5622189516616256,0.317132971203818,0.4038367851296036,0.009908426058971354,0.02352527418248236,1.3678910251730536,1.3157827602571341,0.03109321291387023,0.0016991502169786078
56,WT,330.41000212096395,0.00497764615617366,5.474593941485555,0.0037541036428277667,2.4056695062105504,4.862493383083743,0.3650625665672873,1.4688661537596461,0.062217348504951364,3.027281437112941,1.5150156147900615,0.05639805556301103,1.3292008751879623,0.05460488193840418,0.09482549620171188,0.022180824010736587,0.9211093247709607,0.47957960003242084,0.02556421739906345,0.0022204409775298823
57,WT,254.63566992829962,0.0010376921748614044,7.514836116533913,0.006970679457582715,6.0316283892008755,6.254124398951612,0.24230008594176142,1.8121187936626766,0.10221268324471391,4.597055691338659,0.9795738099241756,0.40360654126746875,0.35540956410932434,0.03222136323443222,1.005826507929005,0.03524244025728581,0.3781423743569762,0.670891780015058,0.028196040193485417,0.0033901657504949076
58,WT,281.8000133578971,0.002828450254086008,7.067307130548086,0.00020691252933478343,6.917328525447511,7.768436615675714,1.040680294344299,2.431687440850408,0.1887553671388498,4.208537822084016,1.433018479374285,1.6179361468781597,0.24784793456519122,0.15329155198013888,2.6852722903395394,0.0949189967904908,0.35371897772841765,1.0239641198191882,0.048909580267657744,0.0042478228972245196
59,WT,257.7650078994987,0.0014803339255333578,6.227171678501643,0.023609842073643188,7.683777027982826,7.554311987873917,0.24852795041006043,2.6451338747511457,0.0977392216717,9.707816243766883,1.478780692973026,0.3754792720556042,0.269602783756683,0.02442840118140489,1.244830415490126,0.03946512823696446,0.7504415483662743,0.9477515344741998,0.0005855426810133326,0.003091634053529903
60,WT,257.6529100041216,0.004452857847265675,7.448456368037226,0.013881485830899177,7.349498397777155,7.672267371853455,0.6198613387856908,1.751964224249578,0.12551509172964465,4.004927589684015,1.1710872702718593,1.1802730046264334,0.5488940441101688,0.11269496873548049,1.4762699426077615,0.05001972709570565,0.01916828948193264,0.8164562209182333,0.01939866444738947,0.0011412318450222383
61,WT,257.3437264499907,0.0007696986412326914,7.91901259654216,0.013820422502826217,7.113203001357136,7.667980880419686,1.293270243060097,1.4651302312984795,0.1793874982134886,3.9139356664147624,1.2839488654005156,0.10427041021493552,0.18511153870502262,0.2483050893332747,0.27008204586915924,0.07668979600714163,0.4770682865530704,0.5602798903298426,0.01258366517977645,0.004346629639289415
62,WT,268.8718722651333,0.007852282146347013,5.699202111632912,0.022175213834959587,6.58242442610325,6.026287144910512,0.31151020048289924,3.175839092651982,0.09672365904693384,4.607172843278922,1.2962530137212078,1.1784497061482664,0.9311606941322541,0.024026834604770734,0.8566551067976649,0.033827940621118296,0.07356446049676602,0.9390971466126468,0.001669669760589974,0.0011679817093307916
63,WT,275.430548239025,0.003171867291747589,7.953764299914613,0.009933693487714793,7.000800791969422,7.538308603260761,0.4739950851571638,3.38538107268015,0.1342167808168195,9.851360026759698,1.2327556273884208,0.4330860137216566,0.23754942576504223,0.06595282413738189,1.5330573057345984,0.09400587441978,1.3007920721252633,0.573957734341442,0.019072530451730543,0.004044292422359553
64,WT,313.69460563139205,0.0004478629564098474,4.646384940813716,0.013347518373527434,7.079261489914828,3.400414778806275,0.09045253626821717,0.6121564062177708,0.012079467455620503,6.308906597019821,0.2351056021758353,2.4891761190561703,0.2957588637095848,0.050148759411603586,3.3975990390033433,0.007801444193843725,0.2892056880801219,0.18421706678009242,0.010555149127233496,0.008714612453287284
65,WT,303.9904809117277,0.003973378051572188,2.9327345178145645,0.016544040074791506,6.555707991389218,6.87638837063075,1.7295768071105266,2.315872629152943,0.12458463184505088,2.3508600505664767,1.5889180471500215,0.04410409447395036,0.10741609860491685,0.11953679497608327,2.035505931355723,0.02889851956344014,1.839723909836382,0.6466934248953522,0.010538106647374623,0.002050855157188783
66,WT,262.28875955472427,0.0031314204295132208,5.86430636309422,0.01782444686818979,7.508789340678026,7.700701361952975,1.177058789839624,1.9998555637795876,0.13353861230896172,5.561604512722889,0.9465974277812275,0.6822473997374365,0.03237568529376848,0.24111183836360622,0.13446062019835558,0.03312074013059114,0.6694994909508076,0.7687093228813376,0.008841479509719363,0.0022262897255206195
67,WT,330.0204328351272,0.00613359795650402,6.681206103847179,0.005117328515150516,7.354609251098639,4.265690422384656,0.21532673715219275,4.8189466308325315,0.18734099915005975,9.428970808702486,2.364318355007739,1.9669192633520507,0.4486437259752294,0.056605652278581164,1.3021413599271199,0.07955359180210637,1.695641380260977,0.8322516368779316,0.031602005705969854,0.00026730557989070643
68,WT,289.20843513480366,0.0011029879868943615,6.843448213164394,0.007178266696082821,6.946915231141667,6.818342866573503,1.4720564712221942,4.321848626159904,0.17884915900809914,4.219122780412395,2.238388388779965,0.7753881162992458,1.2302007682739131,0.1367935610318615,1.375950202615347,0.07542018652226709,0.5579270217797447,0.8068476883786982,0.03570196811924581,0.003653696083446097
69,WT,325.858637562456,0.011629303764960585,7.733163694667638,0.005485502903070705,5.134135281552752,5.684541311377967,2.3514623620406443,3.912813512051586,0.12353502445425149,4.507332989650169,2.99256411624519,0.24870815334067653,0.9143498406819218,0.4017604207071252,2.208868172222839,0.07146405233280756,1.5267513187860984,0.3324501265101764,0.022808302312772116,0.00048801443221376916
70,WT,266.5405450726801,0.0059970438575948914,6.962613451307784,0.011580230625441588,7.926821116993561,7.35998288542336,0.7811504311237601,2.511695743415103,0.19218581857516617,7.848532417019442,0.7460924607331092,1.156236060030816,0.2027708663380082,0.08238734057021282,2.5135270467497186,0.08331092377367579,0.7508099967257319,0.4258743176324079,0.022153317046032166,0.00021141605938598796
71,WT,330.485495342466,0.0066734163479674966,7.329536628856028,0.013360399540422622,6.328679373310539,4.997725354302235,0.7424119550342686,3.2704811457231147,0.15445588359721757,3.2940459721674213,1.9338350589566837,2.9303430033757287,0.5429456879341299,0.7941444932905205,0.14532228913772194,0.027429762018496763,0.2019132746541624,0.6054488358632909,0.00890690370036121,2.059210088534158e-5
72,WT,347.00203722555386,0.00031240042245420183,4.237527973893663,0.005256479646312806,4.069000742771083,5.468057461682022,0.9509486967767784,3.4121593049100776,0.16978745901259246,8.732806466539033,0.773052230015038,0.19152098304487952,0.06350845509530634,0.6382090084055002,2.4901358560163853,0.09410569851251073,1.256605187443275,0.5333068789231297,0.029297491324447054,0.005465686528453304
73,WT,283.90567321866484,0.006407497162892896,3.373243822634763,0.010489510208497208,7.173648863723833,5.549224992381125,0.8197630807971953,2.9422188950878807,0.1984307945932271,3.754641761834403,1.4526968602805632,0.30106910392471375,1.0242223250329534,0.09680661036453032,1.076335946217081,0.08024582171779038,0.28804205183209586,0.4913206896039282,0.02304845378353138,0.002093027723903629
74,WT,280.3953765431795,0.003795956133181023,4.453266809786108,0.0176291978320223,6.9523521754574755,7.569501666892307,0.16394313527706617,2.6026811636555047,0.19662254688192643,7.882687003212323,1.4354313071450746,0.05086910767809204,0.5135743007839109,0.011966126308476432,1.7806756550941796,0.09902642510796773,0.6312482497443125,0.4833579899478563,0.004019377598142987,0.004778942394621422
75,WT,313.49142347327273,0.007752707689332028,7.076951278432363,0.005458421048117366,6.19179825120866,6.315197328914697,1.6291175235335253,1.107158245193779,0.11856409361126866,9.934684753123632,0.9007444284449004,1.2017327226955787,0.3323142780716776,0.18456176307850952,3.2305841381844536,0.05059811646413587,0.30830137484835474,0.6744943308892818,0.042864617863934924,0.00037806158259273475
76,WT,353.65813675369884,0.010318735419886347,5.709717925436371,0.0027712795615714714,7.525903029184795,4.576629071819513,2.8629175048759743,1.89495411601651,0.04645004300159891,7.705829479838814,1.556695860225123,1.5731090376724879,0.07609463962103657,0.8373264339368878,2.0620978255773688,0.021361017270344895,1.536451071304267,0.5304997776599101,0.027216278801201352,0.0006414022912722577
77,WT,325.46040629680334,0.009133438684633175,5.1996227143266065,0.019456291135580814,7.197480841797407,7.817171940382426,0.4487225261505694,3.734416462394567,0.14658996117938622,7.299545169319941,2.5673290902628154,0.21927794180588966,1.1536677160352173,0.7314081996871489,2.0719774367069883,0.05484966489274885,0.19888340663806492,1.0523500229246334,0.0025088848798567524,0.003148951937963901
78,WT,285.8735988117236,0.010893951785825624,7.627618657012919,0.019916975257324776,7.571728326375138,6.810384593242819,0.981260190381132,2.474380180886661,0.03407335752321286,4.0469709239777245,2.300236491095684,1.6933111845535016,0.6232267132915654,0.1742688004717824,0.03172368075939028,0.013213248811684722,0.046122458288936796,1.7989786192829982,0.005956537438815863,0.0003841794694287574
79,WT,325.2789228069424,0.008469077915282923,6.179398124647718,0.003773595449235497,7.459233638709965,5.05086550093738,0.2913341756650576,2.2634743065412106,0.18342060019417103,5.119105086587904,1.067679653227452,2.2782570324779146,0.31324461797596115,0.588852303926968,1.8732467102684929,0.08791913621544374,0.5187699839505986,1.9842551646711746,0.04419950417656039,0.0005839183410992759
80,WT,289.08632818106025,0.011402138305164696,4.320401146176151,0.0056724748415821445,6.646312703653893,7.303931207481363,1.112477003722874,3.6233140550322998,0.1496932663871865,4.743341319487239,2.261609551833187,0.13441636581828648,0.4248269568537101,0.05989837401172918,0.1485552314820089,0.08347574598579253,0.2126035252974552,0.7327002310826146,0.025171812781023463,0.00022248030417957036
81,WT,314.82310180590946,0.007737984885993582,6.756267237283048,0.014052525500797379,6.481508536327614,6.434774082436544,2.755358659839888,3.106000718093311,0.11712360696642143,3.6738773372695417,0.4615924807153535,1.8088474404007184,0.8412685977263719,0.245351404927584,3.66478212113838,0.034143513702148735,1.2248283620914273,0.13853264626882855,0.016382049215171758,0.0029831656784382763
82,WT,336.19606164843435,0.0004194908682721603,2.2093812958498553,0.017472620444784186,7.5130337229240975,7.023646855216239,3.9375834461392323,4.647858521838678,0.09999350051223603,3.80143924444522,2.7765115424976696,0.12642434784210632,1.5002566409567135,0.48580790582416133,0.30150073094666263,0.08783333405067399,0.8723350924590749,0.33792907165725683,0.017458011793907963,0.0018548362595375732
83,WT,320.67429635216456,0.0054453257482974865,2.9199012925481624,0.024101990179898055,6.307993712170948,5.97411677134765,3.9659837319119884,3.8598599404703147,0.10436174541931384,5.42528153369304,0.2963290977695455,0.17156078203950176,0.40850466394260354,0.7802994611873587,1.4193589211780722,0.050181804392633415,1.1147907221396534,0.12025198269896756,0.005084185530520333,0.002545753639766687
84,WT,350.68090951478877,0.002630896791832517,7.179788246330184,0.0015930559522300165,5.557602878883392,4.537230849554817,1.414651487569273,3.4654005835935804,0.1275664800044631,1.8984506754398414,1.1493332367549474,1.0048749899884089,1.1388556307350655,0.580429414648979,1.7796738191430919,0.0636689839285449,0.7735139299467666,1.753407657677844,0.027130308103876382,0.005645726837982319
85,WT,335.7809632213076,0.006137645572617703,2.5007057727038697,0.015708164965538066,6.952827319175832,6.168159894063711,0.9840262603117929,3.420591422277436,0.06938518562141224,7.858760339533376,2.3102875727305934,1.6410724365694085,0.8759138859619126,0.2449654399359793,0.7439925364959109,0.07218357924514991,0.3058184474088712,0.5010853939625008,0.012221871309215818,0.002781954223703597
86,WT,328.04677555500126,0.001712072080516781,1.1984709914740417,0.003488464642605594,6.535052739389513,5.982517571116329,0.46265007941461755,2.9464761829283814,0.12368601755578736,1.4704758172970993,1.445564410753954,0.04190509456991498,0.6607462701005777,0.039122927751985725,1.1540362268946172,0.08017953510917299,0.41702456760524376,1.7046036198768,0.03068267967176856,0.0040458753196086356
87,WT,264.20522545332454,0.005042109800976766,3.7079819071504745,0.0029053665285355937,6.272334234299564,6.556146376360427,0.36429440567429605,0.895838860544796,0.05435044360197615,3.644111800124184,0.38213933195699495,0.2379214997468579,0.5042072572896161,0.083764298150281,0.780652529788407,0.011545605714140171,0.3005001732400345,0.28559532998590687,0.026764030222289535,0.0037171129107365806
88,WT,272.07975751527806,0.0012807698053061709,1.1383865081243394,0.012191076393155146,7.513627512345015,7.635511301259129,0.9728495598211139,1.6109175252797476,0.11876383594306167,3.5300962046304676,1.4781326089808497,0.39898918969592306,0.18477618033637933,0.12708503468274274,0.2071392182215216,0.03614103290431912,0.49311809814787266,0.9148235702771456,0.026551786390710572,0.00024383971402525443
89,WT,297.1515209754427,0.007612386493888003,6.57307821034472,0.0038276445491437485,6.074418558114698,6.849070603921549,3.0370912925485505,4.089724803378877,0.1665340479297546,3.9470229761482596,0.5191124271965714,0.15062384846792043,0.1664377002307946,0.34402162066318404,0.4095921654008301,0.08007587866766316,1.5168557582405438,0.30009370073800096,0.02600075537162049,0.0034720653652881416
90,WT,354.9645322438988,0.0014308294720645188,2.958428559882721,0.022123797376137143,2.4309407187816086,1.960033825692626,0.36895380694277247,0.8862513183019849,0.0730525610091429,2.5752939437040716,1.0356013020641737,0.14105951240628212,0.2240786819031868,0.1439565239118672,2.3375364315264617,0.029139710336005292,0.7718025671585607,1.1187292437754115,0.0055146813884339166,0.0014289068344714474
91,WT,278.50266869178773,0.007818497224003837,1.04840825573736,0.015995568589908863,7.613734244625203,5.7971681927258665,0.3484950516743529,1.4878716003546155,0.17326709622826567,5.949978436832207,1.3057658914516186,0.05604398334160465,0.16006081112788137,0.11893743747002569,1.548710927683138,0.09136647802442444,0.13472582254738502,1.6853196346316393,0.013730452630816292,0.0004765668019720801
92,WT,269.48556879402463,0.00122939772455512,6.479530370067583,0.003803614688640706,7.1345432061882486,6.26766356263691,0.7742927548172699,2.2999416987483854,0.0485476025709997,4.594266334543908,1.4348884292717639,0.06762591450973497,0.18015371238701755,0.20025220478258174,1.3965407381639934,0.02219148649500365,0.3187065379165645,0.7547419594853488,0.033346159556763115,0.002755979205998127
93,WT,311.79560318559436,0.0020360136364476642,4.647602319251985,0.01672189141193183,7.343514732859587,6.668564330686575,2.0873073189508435,4.445561757431513,0.1468375211851043,5.219240490313406,1.2874176741149035,2.530229246857644,1.204807725333169,0.23861481106830124,2.943226782649551,0.07487337565606603,0.12003539357811012,0.5474933636736302,0.016211173188901525,0.0031960911558532477
94,WT,281.6410392442564,0.004079304429621502,7.4281168843661,0.020186675175932603,5.2583935576465315,7.19405212773635,0.7950634864389877,1.5728794650251001,0.1997598796609151,3.8025374859163765,1.3023693456087104,0.7566675345029859,1.3360741832914398,0.0694166152731452,0.3587056373634424,0.0702588094164353,0.07544063929202516,1.0899957670859843,0.004222144014033293,0.0028978660649615537
95,WT,310.558435377329,0.003626454386953398,6.721234629291472,0.01929989879249298,7.446133953011137,4.893298010734819,0.42785611023000947,2.3029428882920673,0.08041476391391177,7.506827420654838,2.6161340296829994,0.9977451326595512,0.4729903714229201,0.471839135289565,0.002679382381578074,0.027248385543810927,0.4323220846590932,1.5568608883223425,0.008435053081758143,0.0017909557643331516
96,WT,287.17048681768307,0.0023169224841698677,5.355736632797164,0.0038438375179472638,6.907715095664822,4.313731141384752,1.286793135702388,1.8869699229356776,0.07284784319693058,3.8453815005834633,0.658694988204641,2.6980464981571326,0.7112178929169821,0.12080511535535635,0.7195779885298643,0.026336330955210485,0.2866575475099738,0.3233647794443356,0.03131603130725358,0.0037196415506954416
97,WT,327.89633529685517,0.007634203369942806,3.209625367174275,0.00489206710684836,7.737354654825705,7.491700551043769,0.7686159400518315,2.546494414724852,0.1615418569318508,6.5200817362436005,2.6688764537723784,0.3412922656342395,0.19458142311976667,0.8802987573265086,3.0582183741216933,0.08876717649000308,0.7092522843026822,0.40582580898955867,0.022431485003885396,0.00209408361356037
98,WT,317.84569455105304,0.0009725363778738307,1.8325922162626216,0.012997229274535442,7.976286505891784,6.5631476114074925,0.5724698229895793,3.3935125288377774,0.06426437619066246,7.122946059902259,1.5215907268732025,1.4025170017765038,0.313645062020496,0.31585140075411755,1.5328775800582057,0.09010681200296684,0.8701358461305275,0.8935686656892362,0.03040355630739304,0.0019590357993461145
99,WT,327.06276569843266,0.0075048611436716395,7.250091725979521,0.020407531572790762,4.772834101604114,4.658945170862352,1.4415864256673467,0.5726997399461611,0.1618463091781339,9.612269876768803,1.6595885709556193,0.9502760310056324,0.23561742212554715,0.24091383762608037,0.0005070743564989932,0.0705564116064786,0.3873229386659286,1.2209609679339744,0.005030624807414923,0.0007033736308278138
100,WT,338.13757947334216,0.0005839013291739116,5.353003495117033,0.0059863311558427225,7.303524772261893,6.055322719727628,1.147124005596324,2.92427917227733,0.13979021127558564,5.608827503706246,1.4845792244214249,0.4731090479183291,0.22154395653053793,0.429526922121902,2.955325293714738,0.09191249267302884,1.3290454985556677,1.0180567988065095,0.020854930245590955,0.012034293125148424
101,WT,254.2299030091212,0.00019340070365006512,6.177282458683682,0.017583411293650375,7.007724168335178,7.441315184650639,0.7937593571893863,1.43991046354633,0.1252157932091064,4.905132872743492,1.639483444850598,0.3220267555121257,0.17441855046510973,0.14270517365094756,0.18446438551148867,0.04862883386101624,0.05357905637619093,0.9085800280161833,0.007809341664114687,0.005111457889678108
102,WT,252.99615387975078,0.0030543920168195986,6.914544521667798,0.01961733827542552,6.664283158013269,7.045230807652108,0.5165091304076913,2.1872879631921,0.1813158074617416,6.186728041894229,1.53371605406305,0.0672479670983834,0.08828618543034199,0.06849169392594306,0.7214534886350933,0.08062223803606768,0.15566309943145026,1.0877110596223267,0.005008899520828083,0.0029260396669034106
103,WT,258.4047297485299,0.005027981263949504,6.17738022759897,0.014337348660186232,7.214221748410442,7.198396483042708,0.7407011100507636,1.6148929062995276,0.07810534436223517,5.866065978175379,1.2204861609278153,1.1850088834722463,0.11532036615430688,0.11906614301680928,0.7130249927043878,0.019169039945904114,0.18826417138929277,0.6432046969713567,0.013337619038833305,0.001358478766735561
104,WT,260.4028145611744,0.004903427763691865,4.835262500272641,0.017881719552873234,7.591635192885706,7.5855547540378865,0.0907128402063894,2.0460665771678013,0.07028953705381615,7.508948178869145,1.2630458740119606,0.28668193829351857,0.4442423771805329,0.013525882444141487,0.32269472879218575,0.02084921043216418,0.7272365772448305,0.7247433432878693,0.0060540222190351095,0.0029274655886544314
105,WT,328.37088265256267,0.007101391315802622,7.244786972139777,4.288352897707445e-5,3.94836779948605,3.1620705595144623,0.8416700569767013,4.705377750109918,0.09270768301695607,8.0712454587578,0.6381603449884699,0.7766647191604872,1.4553306478696957,0.05793446784931677,0.2896241841167715,0.046849723212969006,0.9920736365135494,0.18630215593074517,0.033655695606308954,0.002637627777640694
106,WT,258.4867344546422,0.007251255435994506,3.442124514260554,0.0075856411571523326,7.5424468715601165,7.175340589190227,0.27965251857699397,2.556356726044538,0.055978866774093056,6.92687427205782,1.6625191665576209,0.13045766053916136,0.13300613311843584,0.03884089883981225,0.5972295961659739,0.01838175807711584,0.1332354553098817,1.1610334723806528,0.02869375538314153,0.0004124950670664814
107,WT,278.15851236768015,0.004036228425635176,6.330931108588283,0.0215245665193114,7.267016810455487,7.771842984587291,0.5545632745903221,3.267373841848455,0.18673940075423204,9.852300945386249,1.2301506274693084,0.23618643819070018,0.9836851690693937,0.036956118276613374,3.10782553017265,0.09520232563999664,0.32816816987222797,0.6841744873449822,0.007331209167931315,0.0019685943276233015
108,WT,258.38556392748717,0.00038110153065525456,5.002705767139308,0.005794938460944778,7.309034113493111,7.323316823472932,0.636102434350916,1.6144551073667872,0.18892602773900902,2.7796032883844206,0.578164462247007,0.0858144698971375,0.18424270875356222,0.12936703985737583,2.713635433910577,0.07326467583872182,0.19478129856329132,0.3652341714573541,0.02786080197656422,0.0025687656307963073
109,WT,253.70074203327894,0.0009859887239634362,7.531686279914119,0.017376317128524665,7.664651095835158,7.845136806993648,0.6785599076120508,2.040739309459261,0.0970396435238947,6.267884059692438,1.2647770420228668,0.37110688174666884,0.08129749948983238,0.11769773395987106,0.6704671480999437,0.029909131786362515,0.16401785274790925,1.0278399070144142,0.008571269781695673,0.002334516861337177
110,WT,329.9334749793791,0.008579208854987714,4.8858505530134195,0.01786030716785969,4.277185900896328,6.571153138441208,3.0040127291960967,4.412677673723984,0.033565792540191416,4.512388033367339,0.6006805513602897,0.5704867588483253,0.9916259386065156,0.5130692810838904,0.8351710652129358,0.0004833061341276701,0.6441804031707612,0.5518760852133293,0.016344070820455435,0.0009548729370102609
111,WT,254.35629760893795,0.0010189801258814297,2.576361481293043,0.015605231382386913,7.496340091207971,6.641311483994895,0.3977487512163989,1.9234905900920019,0.0523487015501181,3.8885083237359432,1.0954951910454063,0.2804151001142924,0.047214940922057795,0.05999992073327789,1.9410444770526643,0.009102530725900095,0.1113043997083585,0.711756245322059,0.012930278839145914,0.0032566812894563274
112,WT,355.63348134524836,0.0008860009022808234,3.01001699374543,0.014406903161589622,5.534655176674819,1.9273997273082275,1.643533635717235,4.9154965827083235,0.05817749922481728,4.07223961813844,1.1922485760525563,1.7549784201132483,0.4935266603611739,0.036329060005238833,0.355130107199364,0.018632840264443635,1.2106745606041924,0.6632858802876513,0.00475012566026144,0.009923246244077406
113,WT,342.0320355731212,0.012760617040965991,7.722695715623921,0.01828118132705873,5.602803779977226,6.007027825739286,3.9570517378988566,2.0994001865637655,0.1317137843613113,8.659267074689682,2.9023506655625027,0.5467219981367304,1.4667248942447104,0.22547802999546707,2.2470653651052306,0.0954266250360257,0.2672826277876088,0.43030092589200564,0.00788778739380851,0.0007591365671622841
114,WT,258.3829373397077,0.007552931764292742,7.185578299181762,0.01226930135214799,7.3283270562968745,6.6823336207004855,0.5015386946415556,2.367461298748476,0.18681141215192015,7.510795625968472,1.3884279976399028,0.1444836419589844,0.22403513206118295,0.06807226482026847,0.23501349928181353,0.09401780997235082,0.506633774740409,0.9178178872249964,0.015353197220149939,0.0014019711607576636
115,WT,275.3116849233504,0.006459246991633463,6.1653556735024795,0.003952547730937562,7.348990849894458,7.087846890979094,0.61496630470919,1.98969955481423,0.14754873729695842,5.0190118988818595,1.5505405112379795,0.08726890532315612,0.4960013673065635,0.1710561108119463,2.0185380524873,0.0741817855916341,0.44509420756762164,1.0664531676475966,0.03239195717657793,0.0018823372066809234
116,WT,271.7765958408567,0.00533447808142824,7.277253919450694,0.0037971438953485186,6.3036025359752506,7.243511484009193,1.0568414864728006,3.998387816340544,0.09768466318011775,6.117895284934112,1.0622343687452978,0.9021459841013253,0.1856740054564575,0.09391105302424042,0.020665901976287954,0.04376263419787845,0.8283788403836285,0.864481011545608,0.03652300816695758,0.002056225757299484
117,WT,257.4111322225793,0.002891144889897956,4.585419032195357,0.013997558241001786,6.90873765840319,7.048066754967572,0.626255024983685,1.8200201736137025,0.10462530575489187,4.056475831224931,1.3239330139997987,0.0637927215385568,0.08931634210864835,0.12424200209614092,1.258617600739067,0.042726944150537696,0.23997617328415058,0.6766586028952306,0.015664436592464057,0.003169502576143572
118,WT,265.2574001515308,0.0004031661487173231,7.812820175621271,0.0016701082864066393,7.628028695381981,7.3870934919460005,1.0082525744568374,1.3957067762800859,0.1251107493447753,3.980744092659122,1.225279081111883,1.6190742907045839,0.11259931909274029,0.20961538090319343,0.17125525945676554,0.07709481371516934,0.5455645784361718,0.6521713212753965,0.0395360609541378,0.0030868351584385162
119,WT,288.9366918463543,0.004258324341513001,4.411082444860208,0.00177513475688992,7.087224909770388,7.479543310216475,0.944125639272615,1.3940855290390828,0.19444247880495458,2.8950679610256445,1.1371154620654704,0.3164540066869615,0.39716192308217446,0.32872709662911476,1.429231034139981,0.08665881498633467,0.5256077486656688,0.6687920385783025,0.029896955463745302,0.005078670553248681
120,WT,255.5408753621197,0.00026465241645594984,6.916252798444337,0.0168507340901497,7.209608081482613,6.778272931815637,0.43147376109978014,1.6923352177769337,0.15712246219124726,2.604679770027077,0.4119183112611601,0.5026414919915734,0.20665617961032356,0.08236325348459314,3.25034625547518,0.0648846506111704,0.3185237115364333,0.3568414055379473,0.011850321916762496,0.0022858124119684796
121,WT,315.20609706048725,0.0038539116812984203,3.593323158031942,0.0028410016539686432,5.355546248158551,3.556375738116597,0.5139419849426949,2.872514485169068,0.1418206818085854,3.6149546959546677,0.25116120781380114,0.9975383269119933,0.10123135264840089,0.04250731159662957,1.7398852744721613,0.08326506796223554,0.1471358379176264,0.6870076842546714,0.020376153207538154,0.00448697703087261
122,WT,315.376489780777,0.0022220312621116277,4.274639964995321,0.0006620021278414268,4.543062432952366,4.614862626719872,3.319769863510082,4.2993066239683175,0.15093042303221868,5.153923944935798,1.306458921310941,0.7682534283784102,1.2715006137824054,0.15785008029661785,0.18554379374367347,0.0869444304829115,0.16375178041906624,0.5810987803233063,0.03972169906858982,0.0043530616077585935
123,WT,299.6026255091376,0.0026289164477256662,2.9573043648001525,0.0153046020823028,7.388705781834252,6.587438982424303,2.106084898378735,1.6383255446451432,0.1855084914050512,4.576058571709562,0.2650170550389038,0.8667917490442916,0.07314750491791253,0.4864674173302657,0.5171611359597168,0.09902137113101375,1.066709581726219,0.07872429056910202,0.029636892433816522,0.0007498147063349074
124,WT,253.8997133264553,0.0027805445631408857,6.916042439178727,0.021062059112381935,6.236773911109933,4.8579968358408,0.4628927743078274,1.4051817968503406,0.12194652239534842,3.74615002143684,1.0099852807128076,1.2456708639106935,0.2149013838760296,0.07641714933301656,0.12836195642837003,0.042228520903682905,0.013781216249579427,0.7489038038665004,0.0011699767344016954,0.0023914546640712697
125,WT,305.35555127276746,0.0018152266698299988,2.432174804252975,0.012902081699608423,6.694684915635147,4.888713873931375,1.078626758717415,2.529039622770625,0.058457097811916284,2.45004341584447,0.7783233723075376,1.2855302521623648,0.5550826946426659,0.054604751696020186,1.5616579986227126,0.07125755206542839,0.1851157376687978,0.7931490800818756,0.01398640477495586,0.004276670628315575
126,WT,348.2936293514382,0.004893053652221364,2.002102659040969,0.013782043637971864,6.470313868876176,5.31562742056874,3.8950514948749317,3.4329319360897435,0.1458221549017528,5.464143479339116,2.309979026315647,1.6940390988298568,1.1161314423930415,0.17122824912235002,3.6629589708971633,0.048176584439395924,0.30630421214615833,0.4543891779890319,0.026379689487671245,0.0032825552507106215
127,WT,287.9998035678385,6.517735690477486e-5,7.035972378891348,0.00894012625560476,7.31519194916735,5.831562322224471,1.1085017925964096,3.256842303875462,0.14468106666781363,6.965441485185024,0.431975008949283,0.44406864408856617,0.8401581445348251,0.24818396734730314,0.4326383827147192,0.06269910651191966,0.8066456663373037,0.38255383576143137,0.019721882174415367,0.006172404741205352
128,WT,321.032306093953,0.0008110306410324686,5.973038938407919,0.02147664499018135,6.058781820042464,5.1899966196870455,0.8951556784927635,1.4818746327789256,0.1608936860053457,7.983397800323716,2.1192399447474486,1.7379144409134986,0.35493263934396635,0.1195434216787633,2.925419241652819,0.09662110198586177,1.2636928451288223,1.1698148764448981,0.00970589215262465,0.004501897748549093
129,WT,288.5675567237257,0.0043962806807932835,6.497059824462971,0.022885123631123633,6.713950742492215,6.870455017595776,1.404144264239964,3.1243686096144216,0.05259142023119063,3.423206834098661,2.049307787064273,0.5989715200944001,0.7992981164648508,0.2006829418478704,2.2780603782141147,0.01754136716044639,0.9274083017950808,0.4014668951327669,0.0016744264855939272,0.0017198717019422194
130,WT,256.21155161159237,0.0008491913450161333,7.580450034923125,0.010119270562935784,5.847171628379487,7.254320030516219,0.879444696186705,1.3724090614606472,0.061789998267426614,3.9437682865181674,1.1830588445424777,0.2603050578728696,0.2584303534154527,0.1288274226125816,0.20274301647415338,0.018158598118815386,0.2183676162542795,0.6772272803697996,0.023859712430057408,0.0026729524141164223
131,WT,329.4504208579287,0.004831327154980351,1.7923323673206766,0.00019800447241274943,6.118583762253541,6.052501422684457,0.1845501779493004,2.782657599161864,0.19210313770897464,2.448955913422572,1.4991936102941443,1.2880066805977064,1.2743783983361952,0.6198705831033133,1.013864759028115,0.04599765949448948,1.8748990741858798,0.21730438871937574,0.046587275253073636,0.0016957377032115867
132,WT,254.8516370912433,0.008107699402415097,5.189574736495686,0.02232059379568148,7.650306556240144,7.093325132028398,0.5089468324936295,2.0108868053001,0.1874645114938602,5.663897986781424,0.33465964699999434,0.35983874705269014,0.1271024888035992,0.07060248693111171,1.8857864085227725,0.0805916602426046,0.9893541180296658,0.21849588582444737,0.00017741178863073026,0.0004102533695507979
133,WT,278.90385650150444,0.0080797230437528,7.608903169442341,0.005343416070787513,5.412754797930328,7.020530514701533,1.1638405294784988,3.253730187527756,0.059771915747506635,5.218994381349748,1.4027683261688115,1.153655573188337,0.29599147080122185,0.09696292108418818,0.4117114891770006,0.023669182538762518,0.03377578673290737,1.3148335579727972,0.027296680213805824,0.0030726872515014934
134,WT,257.72153582482537,0.003608768334089573,7.5982206060510284,0.007195914257435611,7.743220392854156,7.080859546562725,0.44613478056101086,2.340739819686783,0.07055125370340425,6.2089357040082565,1.974357928058589,0.4141417208875534,0.034516449537569285,0.07194242388728844,0.37175573564355224,0.022399583234585723,0.20217497488578837,1.5969187905375795,0.023958544082868564,0.002300097341243719
135,WT,282.4792092111795,0.006267984255875176,5.873551438946472,0.014283744217477926,5.9251361574049595,7.2128019304102144,1.617747831720896,3.4823725433235024,0.14252331486090408,5.31761060713358,0.6376367737477081,1.320814305958671,0.2766682722359912,0.15902341088068306,0.21459293743489005,0.060380654352010246,1.0347677834052111,0.43388614015003263,0.02113512081901838,0.00042353494286977665
136,WT,270.1962915235011,0.005787319335836807,7.566956540758769,0.000161727221718149,6.402883375575615,7.439946955930641,0.120997069757659,1.778139777087748,0.15441415128953098,7.727330954795716,2.266815416953565,0.17064003054731047,0.28057244616095145,0.012199185550930636,1.0364709568943486,0.04692447711350544,1.0007424520665986,0.9677324194110377,0.04161023632484033,0.0019269323294841148
137,WT,328.18150228619146,0.007058793104777156,3.300889271998053,0.016698556099266584,6.199094844159456,7.040933488424642,0.9612759790953871,4.671236018083915,0.17539387018245844,5.08762965461398,1.9286026861829968,0.7228512429301581,0.295540198340263,0.8695796238571722,0.11145946231451265,0.06546013566817818,0.5882856018846303,0.7730529747093853,0.005123460910404035,0.0030958875665603484
138,WT,258.81577766704004,0.0028335942888847374,5.776504593059873,0.008567126145740563,7.518113132420497,5.99158571539609,0.6486834002137114,1.9223312549516856,0.07893779929883347,4.945625618979868,1.0432160486468218,0.9113664663818217,0.13096653663082497,0.09593044321376813,1.0886463204680328,0.024703662639312826,0.6596940195031457,0.49848853653842257,0.02572670087365625,0.0020501994509481395
139,WT,336.9754213573176,0.004988686729637032,4.064062949719256,0.0021554750035948575,5.599142983170737,6.032645658566843,1.835618742537691,2.8837431675600533,0.04955118476441905,2.9143468433748048,0.6554268836461961,1.162446554627021,0.9690238329539986,0.343466528904788,1.7122876324550722,0.0038174714167782536,0.7451957357622314,1.4719183207039812,0.04446534658200693,0.0020586120361994866
140,WT,270.7348367562586,0.0003586449674660027,7.692852177629407,0.01661633495448071,7.293934934313851,7.797932901331907,1.1285267762525437,1.0517075198833408,0.11254996956843095,5.76791014030429,0.24273808945403977,1.9486317175273689,0.06479868989635605,0.3205178227749242,0.7767488707141297,0.034894263136208484,0.8749819648618873,0.22311226634689751,0.01363576168289925,0.0042828372847237275
141,WT,255.180512412257,0.002296713035863814,6.330323812632829,0.010196300700854267,7.7300815730025585,7.0239660526767045,0.9877444186422724,1.093094840901196,0.16936936504458586,2.814203977980431,0.7126959950840005,0.4371251924304311,0.26193796425466187,0.19751699714696017,0.7185779599442625,0.06280426008057172,0.11689957433520179,0.46429819325346866,0.021711411161201295,0.001661199490685017
142,WT,304.85635633369185,0.0012569887758244862,7.9201113072370335,0.00393003266422854,6.262027177914556,6.468830768746455,2.693749087058785,4.127985875523961,0.06884608116022625,3.6049045698064184,0.972806030705905,1.4602384868261011,1.4954685660602487,0.1948547778713205,3.4955848344027185,0.025413571205730075,0.27402679641676986,0.30683365238165633,0.04112800351010336,0.0021707976238071235
143,WT,267.78088824659346,0.006710066999205602,4.023588207392224,0.018014095605518206,6.39214516901482,7.736295434733267,0.8274577742703979,1.2535477288966599,0.13563662361472548,2.758837908044625,0.560761679220065,1.4590721815275243,0.18766400338392866,0.124381689848387,0.7922312794738997,0.044034795144736405,0.611847802662985,0.30784142357248095,0.010794048690647987,0.0029620288502654746
144,WT,319.3610776072851,0.008976179774131338,6.120193354622666,0.010273740651175596,6.22211607064269,7.140076863756299,0.7451818936728837,3.210857074157304,0.17556744892752152,5.85792356925602,2.547328063191023,2.0746189201898457,0.647134472561248,0.07999153737264184,2.238722253836619,0.09786659947453598,1.209390659100458,1.1378503189036275,0.019150160700187963,0.0029791672266274755
145,WT,273.50736428974915,0.0013133332655498775,7.4916361330128565,0.011747293955964015,7.468166433063057,7.434954937565581,1.4349620840567257,1.958880481777852,0.12075155904235768,4.131750144337301,0.6849371873261219,0.1560196816139616,0.45134230239028134,0.3184458143504284,1.5888570781677533,0.053139086594747593,0.06809857920419572,1.2156386582079652,0.020658788449727582,0.0036868378868433714
146,WT,318.7183226338844,0.006503897081940853,6.040476434579426,0.023500688974574108,6.960551574061501,6.542313302821558,0.2540317747898532,2.364771823637988,0.17569521097274993,3.9759033572619034,2.5416586316407765,1.7129312369166265,1.2348532121812443,0.19950953079599554,0.45496502848170844,0.07832551986785903,1.2733652528133017,0.9328941985869639,0.005187182339008639,0.002837337862903526
147,WT,257.2487827172641,0.0030784461362519237,7.041555339426513,0.02009747795561351,7.931140347674904,7.02327298045937,1.1465946775290219,1.4813071874787564,0.13752311030792802,3.742112998768054,0.4862763296360111,0.5152757995690113,0.4936467297125807,0.17221962775382718,0.1456971690088683,0.08555913351078487,0.6373248107014179,0.30674195314864644,0.0019848825889429225,0.003356954323589772
148,WT,353.92073820613433,0.006160357420408185,2.445089403685971,0.0027704113991175866,7.69278195393473,7.867490486163094,2.380583098105458,4.976868481221999,0.014080721568189195,9.536948580184072,0.31320602078944315,2.3778849850434796,0.7811977451209353,0.6731645820271746,0.814519376554101,0.047994170786514995,0.5126376466534139,0.2785306639697116,0.03906912254803384,0.001927208377464682
149,WT,269.9135824081987,0.0058092593384167605,6.563282817161505,0.0019412820192033825,7.8280634188880045,6.251318047547539,0.8568287245506566,2.2398963741297933,0.18158342767708047,4.14871210591776,1.3189328174618664,0.4477276272794302,0.1870306283061231,0.12824666738473686,0.851349148256347,0.07463717820925017,1.7347551923089548,0.40167951923756523,0.03236325952369582,0.0011903893202116806
150,WT,266.8386898428388,0.004717621062272527,6.689264892414219,0.012516671318708783,5.54538562141986,7.35512000974643,0.5904359120511529,1.9528511258734382,0.10212398504754398,6.602836332067258,1.1128629400828272,1.3184519161009802,0.0015131824081480172,0.06521827557725342,0.791602082719633,0.021748957221044737,0.8520434919250427,0.6233984542414361,0.020757149013912807,0.0017792328977734796
151,WT,301.55769214065754,0.0009510382385310206,6.82299364603316,0.02262528270905035,5.080133833690353,5.624559496335884,2.2385941101098292,3.9139860902190446,0.047381675462177586,3.007102310165555,0.35547944935293146,0.4942276050023916,1.0624671492259523,0.1306803440404717,1.0920243973483683,0.013185827990005712,0.3786277468201993,0.7697419551275044,0.001586413725986751,0.0005322432758525229
152,WT,255.52279216875442,0.0068833175799350495,2.0867968929404257,0.01915331357332229,6.464874210388234,6.092975187281627,0.3295416164566345,1.325471325108829,0.1334630062401282,3.490709313241503,0.5935332939281478,0.6553346899285463,0.11389815324150188,0.04410280157395023,1.1364743528127124,0.033069798518475926,0.45627459902459244,0.34565562890896717,0.006453199404736518,0.0002973238740765176
153,WT,319.8263709743447,0.010733533552193409,6.212762278699506,0.0061334905246484585,6.074667551653177,5.04687536846538,3.256358789243924,4.896964325674023,0.14349984187291126,5.75693755162004,0.6584542787553024,1.2183376907681742,0.5003656262718708,0.24235184900088735,0.18533389286046542,0.09694613165897545,0.32064068013545516,0.7412849136776736,0.02037345974021585,0.0033981121784297137
154,WT,312.2026639287535,0.0071583169829339145,7.353116961525005,0.009907662142963252,5.233755632504797,7.409981253412778,2.3037923500747777,4.968796307398756,0.09691288664370819,2.895856079395589,2.916874413959247,2.103254558508083,0.7138093194412813,0.07566361915319442,0.1966666157309489,0.026346867691854948,1.3779943779218105,0.9143960331625813,0.022565702395259856,0.0012247425822288945
155,WT,326.8177549004415,0.006494876562289375,3.339045507896476,0.00043824395892268914,6.773032577308198,7.9872795950832325,0.5405507029292673,1.749143843171834,0.05178643746438567,8.066844953631788,2.854609230140335,2.2681532735080117,0.0193721311991516,0.4461117497355473,0.8267625570388482,0.02114437409538375,1.5679536431338996,0.8711336133983807,0.03759715373372017,0.0017510046713970968
156,WT,257.8505921760229,0.00331062534450111,7.675976238308141,0.003620875856988737,7.4625607840125285,7.681580897338334,0.6670825448982435,2.023347968211727,0.18911540253795964,4.483184667548901,0.869627957059673,0.710256804255804,0.17837259916524398,0.10394297397005217,1.2945298566332124,0.09121186660821887,0.366635301171733,0.5725465207573907,0.02701891276331993,0.0037440320026176335
157,WT,268.89074303407745,0.0018112356737483546,6.482995466341212,0.00249723422059513,6.400550205149497,7.193306221739036,0.8860778862380418,2.1774368730048153,0.10918465829177533,5.3660660503104065,0.9659899656187056,0.5814444089816782,0.17130446038579714,0.1726723506899256,1.8159737292838993,0.03775949267745693,0.5920908453829837,0.7666636378504462,0.04627926370423936,0.0032672205324950536
158,WT,307.905432499039,0.003500544775516845,6.807308968648143,0.017732783558012825,5.369791743881375,4.010431575548049,1.40807025030417,2.9399181341409633,0.0879352323702014,8.929420328834432,1.0402446452101075,2.808122928701043,0.018407605001408145,0.0953093871867259,0.11485321020120143,0.036176677969867364,0.04061510340236296,1.420019732739515,0.012705874670790047,0.001754531072347614
159,WT,283.4101804137299,0.0038497670228805543,7.809908453849579,0.003376893846940677,7.827948504461177,6.8865850770148525,1.9426973474988454,2.1773920347991855,0.10498699469448289,5.329607055865861,1.6866017646864166,0.12892653733630233,0.32054650451961786,0.15455163715069592,1.390873595425803,0.043532868268156846,0.2324556276993917,0.6497156875196717,0.02598660202501514,0.0017508376811296547
160,WT,281.60272879650796,0.009486007902642648,7.842703997033777,0.011710749866273809,5.185208151493441,5.589073735073596,0.4299463528919134,1.8962513250560373,0.09251789823394638,3.1241479040102353,2.7429944121105447,1.0334582106148487,0.06627292382370444,0.03558051958247114,2.2572176166956703,0.038841607576722635,1.4037221036388672,0.4442112129201762,0.01779409057903849,0.00018286127656363255
161,WT,278.29285922306264,0.004096180857438321,7.004938972591426,0.019415023764288206,6.942770330123144,5.496114820567232,1.3111364882595535,1.9084577399531044,0.07700623186994283,3.448087829899329,0.5932501394989271,0.47577924680796413,0.7399353236800478,0.14452538324712574,0.3944654797456785,0.040791386722739555,0.06992534845067966,1.2888077475413853,0.0037860131427467788,0.0012832972151175517
162,WT,352.8165053714213,0.007106642516746642,4.733912367380851,0.020702549101167714,7.939234258217908,7.822791829182126,3.696907968728624,3.8082305746951315,0.0025558366800988164,2.1321861142889,1.3736818399104618,2.063825036899715,0.39281688753083754,0.5201692824101058,3.77017042706568,0.005236473461164265,0.8137265818084818,0.4378379447256222,0.00019727506608071058,0.0012026717746583197
163,WT,350.9973651017883,0.007107706345022362,2.9995584242094995,0.008560986873461908,6.4871547809108305,5.027527136686541,2.923238630766016,4.081129935624163,0.09810468458693236,2.8436136979289355,2.6328239557423423,2.636782164570127,0.1906079796750242,0.5053994998990081,0.16492859251155334,0.03647961953292906,1.9147582990780911,0.44738998422982545,0.01523150262289449,0.003852313672619105
164,WT,256.4094915231432,0.001463979716371168,4.903608645487452,0.009965024572757192,7.811189800202444,7.449748828764771,0.5726783540229183,1.694157368598556,0.17950366750998692,5.2682583863281875,0.9162558233673961,0.13947939308076895,0.18875648860968722,0.08777888501083916,0.8979506206433273,0.05544059148638271,0.1817564552637621,0.8059355067270297,0.0202666179607797,0.002156298539879248
165,WT,300.3977961466491,0.0019827394534592205,2.4779873525322076,0.010914244301138604,7.512847469561077,7.27152171989,0.9044194121511744,2.326508402080541,0.022233562187114128,1.433844801311035,2.107177472514532,2.5562038074599975,0.673662725017588,0.15299312323322523,1.7629113052849794,0.004723260747634628,0.0899853085419059,0.4069085319725141,0.024871089051225523,0.0025892343191036954
166,WT,259.84236224403185,0.0028666650257155465,7.585921527262786,0.015304242385085518,6.420981067272643,7.4294745868428125,0.9853303128948122,1.3335188232122543,0.13191814465623344,4.850329916991157,0.6256160986107488,0.23593855040781553,0.04429606078359516,0.2124502446353791,0.5509041737861249,0.04738785512520277,0.8043190334759565,0.5380045021835498,0.0159841745034441,0.0028693965965266998
167,WT,260.5816478800224,0.005290533878789542,7.037544674520243,0.00298682503523716,7.616845180541067,7.561606865822355,0.5276834153074591,1.6513544186638078,0.08086376844151545,3.983609980581374,1.177757163906448,0.6855101266309095,1.096956356340647,0.07593702981854634,0.18038354147651472,0.0375329019092583,0.4272725923013297,0.6437837219666259,0.036645848893698645,0.0015287731407187732
168,WT,264.50049798184426,0.003161938973310445,4.057061646281121,0.01706787494435424,7.975659800369829,5.7210724885188045,0.9022046223057046,1.2805083862687905,0.05205477611100025,4.231317334563858,0.892972768090811,0.7967694555455953,0.03733274929226712,0.12696668732274694,1.5453656435656027,0.020545673474966858,0.12980375870529798,0.7050601550951072,0.008086400704572932,0.004203968193562048
169,WT,271.77783791120373,0.00556616406712848,7.093671854036972,0.02114214419731861,6.101979528569062,6.709203794467749,0.49009467481696833,1.587394745555969,0.11017900386703428,5.717888689583801,1.8461274846487423,1.4623650335860232,0.18841642761752087,0.09547753325717542,0.45784737293338323,0.047545363149043375,0.6503772181752984,0.49896399746021325,0.0022479935762509833,0.003758689060376322
170,WT,253.20175117924828,0.0008434049085211875,7.13508784758904,0.022069654592739435,7.191189417253581,6.365343660071723,0.7686182960205847,1.7890871925661156,0.1587814648790531,4.9524582104068315,1.1705473304841103,0.27495398905247087,0.1195803314160496,0.1170431066870936,1.0964351007755841,0.07505159599587212,0.10925762221099188,0.7625953118497274,0.0005377878723548913,0.002805305403250885
171,WT,256.59286757618315,0.006768419957496035,6.51230410637245,0.013427791383046872,7.905998612032106,6.492535760360002,0.7940609768516224,1.3967293576609385,0.12644472663757803,1.6826088693999253,0.3737190477533599,1.925827691483336,0.049257583933602994,0.1526790061159728,2.7314079868034136,0.04833301137995289,0.24564709648664418,0.18094278325744811,0.014079450380026328,0.00021981097781343298
172,WT,266.9581856817006,0.0022429276699947338,6.110248409862768,0.0006473018008274546,7.3065493324246935,5.843572622472151,0.2980767386261214,2.327278377992605,0.19060535726078445,5.425439658514121,1.1109054948942114,1.180028118929643,1.0157312293636085,0.01875146780100408,0.43386568770127565,0.09584071429820067,0.03293106487286174,0.9783823543703646,0.04305684861001953,0.0018167287648856642
173,WT,253.78579212477752,0.0028865693061109095,7.558468374751911,0.013227099536646735,7.174793914574978,7.731132157349346,0.757128391804573,1.8381446746164745,0.19086405497074127,5.042739300351071,0.37149986671906976,0.4837840412892648,0.07134088733603679,0.12900535457317663,0.917396329068482,0.06484767776537026,1.0192854209441355,0.26814781695536194,0.017161990880932895,0.0017361672998573562
174,WT,333.5760183476619,0.003013532434330601,2.353945965106254,0.0019983965281642033,5.450289817869163,6.285876677734898,0.025948871152539965,3.9369340713750844,0.19022459735933217,6.171689855792555,2.4344642598681565,0.6683023818727207,0.6167379343646071,0.1790708699245307,0.5555032783784402,0.07035673590990381,0.6632878683828745,1.225456859243847,0.03783863257608236,0.003563634759578137
175,WT,266.9864298977465,0.004761948583129924,7.801620613922686,0.0018394181614952993,7.8392294421412325,7.865918176976039,0.8087889198350235,3.5448797350504684,0.07624116899969141,9.297353349129597,1.295982274477539,0.23907492853672294,0.0539217814530042,0.0874103369830162,0.0250374189691923,0.03712755337176414,1.1945381605667051,0.8082165747159902,0.0475025127062047,0.0008228761493008031
176,WT,268.36481778043026,0.005603611471309439,6.3106317600361495,0.013367131795521412,7.598556434452882,7.33477520992009,0.44874904130341414,1.643087234966467,0.08953000843126899,4.9053926427546575,1.975517027267487,1.526187605388763,0.43643075617942145,0.07816797935293417,1.3656041092361453,0.056448812403284115,0.13129256180915583,0.8581561188314569,0.020657889121684193,0.0005777360179705963
177,WT,283.9742179567494,0.0017258356436621125,2.462215263156641,0.02244980759090207,7.054269687552205,5.410128445958205,1.9202422602587996,2.646425660337351,0.06385695410083728,1.9823905563725126,0.43694571798577025,0.24935567083825264,0.21144718018502479,0.12019490720027481,1.40690206616516,0.07034425587807373,0.08392512523646309,0.39977893875831616,0.0012330771943530258,0.0023220970049221434
178,WT,282.6347900128569,0.007445282155587679,6.021385593096227,0.02039696996796278,7.896241820307838,7.336532522814816,0.3808249143982896,3.3996493472102967,0.15464516801979744,7.804302406538933,2.294856007671945,1.211511100613792,1.5358715115632884,0.022655207112470037,1.5611956430280176,0.0412842950210199,0.23714474714492806,0.8316414244081682,0.007505110714106375,0.0007725170606528539
179,WT,333.6317638106697,0.008163591785879847,7.087822896859301,0.005635080154550859,7.3768750460794585,5.983376904017197,2.8607961377423425,4.1694104974386095,0.06685201585390707,3.332707715725506,2.757547018985904,0.20222871218568272,1.2688409730188273,0.18728581556637702,3.643951347845725,0.059800390112291636,0.5967224706813261,1.7539637389869132,0.03513616714992671,0.00014014565335814964
180,WT,332.76972315689574,2.9809975919356177e-5,2.796394572226183,0.02088015988745157,6.71805074550009,5.788891968868826,1.0603071085899012,1.883323706269342,0.13636909637659322,8.280946247707147,0.693960306063717,0.7249567427169413,0.150457732780074,0.7842895938274217,0.7048366306107485,0.02279737259075958,1.1432873383142856,0.1690633287026052,0.008979806294879017,0.0007063044977140533
181,WT,257.0871659414981,0.00682134104973422,6.51372056886702,0.0002145818087373407,6.884990392972981,7.314973729751685,0.9842642514905198,1.3003167427936972,0.18028279367301803,3.895125262321898,0.3740854815478609,0.23478588514698817,0.05983073078187001,0.1755908650799552,0.2336556394485078,0.07288587198185971,0.7950284100157665,0.26775325022667046,0.034673742773971075,0.0013586728165658477
182,WT,252.6982889521351,0.0015523042288960772,7.254963379634961,0.019779689152637673,7.8596994577422485,7.4952778944275185,1.3509812661506582,1.1750071515318272,0.16934312492389123,3.4961351466035238,0.8515148017748283,1.39551500349442,0.19513829381964437,0.21114674348181675,0.11747980587119354,0.055654656920065076,0.08161540789301834,0.6404483134086788,0.003672243312033308,0.004019075468975274
183,WT,253.77556172415456,0.00028652479154698526,6.75963918759807,0.016268335305228237,7.642227092880019,7.5103290665084605,0.472663212776068,1.9731155210934666,0.08397270477958156,4.919824729673317,0.6788820059882006,0.5373187124415049,0.08476090260113955,0.07815018586682217,2.3713185334754043,0.02064395721817564,0.39805520415499396,0.5586419187796087,0.009444160282379493,0.003990256731436441
184,WT,330.4971670961391,0.005974037073020911,4.820814536347197,0.022075486098722726,7.709202625542797,7.229358649601578,1.5583103452872757,2.0827952136520045,0.06304526271775734,0.9316608511339499,2.560356872128093,0.7651524802804377,0.45403477842588247,0.9155495128426736,2.681401968386008,0.021642766346542722,0.02848887853345561,1.089688859568751,0.003237229185571587,0.00208486462633124
185,WT,309.8505276896275,0.005307934535712358,6.33217369611958,0.0038976539489092334,7.910551501940654,6.22253124462991,0.45218892076267636,3.138488663492134,0.15740268711754823,2.8434537334928054,1.6304871401411534,0.7013132531733819,0.6258723401057079,0.08249427811307153,2.9396905255767294,0.08340539626194911,1.05626435610384,0.6801782866940853,0.01729570697879992,0.004950576292580412
186,WT,316.87330478219303,0.012549768032305071,7.32910814235713,0.015944274638941193,7.1253920328874205,7.103305524486927,0.38000721105907775,4.090681003972437,0.06031545763682447,4.262771113548228,0.8537676313890337,2.046079543241436,0.6773157939880763,0.0443617039652886,1.9990671661990111,0.017915374574061553,0.18470622899406575,1.9476270284032782,0.0017904797855146318,0.000380026959665933
187,WT,293.6669521930764,0.006668146766024793,7.889581970696249,0.01656360726020769,5.230757165324791,5.061378379648154,0.8057712778714791,1.545325659794603,0.13199402820408418,4.01399329279565,0.5083376658977535,1.2895651654432623,0.24469030404765568,0.4122149942626236,0.9852135933851296,0.09887948069261479,0.5827880025276829,0.4427634481218168,0.009559979169095519,0.0014975412965844083
188,WT,355.6201798053776,0.0038958815387886763,3.4058324604731016,0.013318573025907677,3.704235858629852,1.9280010085449852,1.2274906703220214,4.163199452228325,0.06787801155644746,3.9535465484697605,1.810487727105592,1.2081216161023762,1.9182169861117473,0.0016182579907990102,1.887578784779609,0.04603357481508894,1.8164792591471297,0.18083702281773184,0.01625096882491623,0.0014327680411093738
189,WT,345.66117640118296,0.0005208324887269401,2.504661287815855,0.016076444738695968,7.5887314778483255,4.803495622342333,1.4929150625061622,1.3909470738039085,0.0672164902228963,0.36433682198919826,0.00016485058001097785,0.5821757025872142,0.7286111581424527,0.172275817384563,2.9209421729069494,0.07023379875138652,1.4247540950581719,1.737156338611756,0.015624773827278893,0.005607556678155686
190,WT,254.6671916312582,0.004207405519871647,6.68521100336509,0.0196814081819872,7.617190422949802,7.390576933774454,0.21924498733987657,1.653749496492209,0.1868460590754094,5.368411667551358,1.3616239738189546,1.4218523831355971,0.12595100555577698,0.03284005509289319,0.6993486713297727,0.057326418650432864,0.13422180845612536,0.9501706992035353,0.0017481461877255217,0.0014186977723616035
191,WT,341.2363145135159,0.007129143850714268,6.072980330454543,0.0213582037647688,5.633069950589599,6.634729323256213,2.0650553971619665,2.381997695652719,0.05492382419396345,2.2544320922276273,2.9665301857481254,1.834071109988647,0.03689853968866208,0.32397954703856735,1.380995820356187,0.012870813973012154,0.9223765158178949,1.3871817067818708,0.0017726593984833013,0.007115534195295572
192,WT,257.6778264764144,0.0014793635128426685,7.890733975997713,0.0022458343594837227,6.504766552142782,5.8353036852269575,0.5764329402455336,1.4760600242874873,0.11969817827282223,4.081287212146543,0.7195346696984425,1.4807889682402835,0.16855756659564783,0.09302775256210068,0.43297260101193985,0.0602553605078038,0.39835710000597907,0.45615807276733755,0.03637245701874709,0.0036190911207833716
193,WT,282.1014218814102,0.0005068283083029487,3.263749019110265,0.018302035982143243,6.4145666056348825,6.627731932537181,2.036225441226644,2.8088967843680672,0.12267055690865629,4.840595331014473,0.3534824538112625,0.7165356500236136,0.1729449950154178,0.2502836557854891,1.8474628841868526,0.0384146970490209,0.37984373857841824,0.22129233693414033,0.011985153836759056,0.003644337394084521
194,WT,326.8376755099881,0.003405372079698412,6.251974547357953,0.004308168268703675,5.62219684671994,7.613571031690748,3.8910638427629305,4.410059478993933,0.16072462752860378,4.714544979417588,1.042266336629412,0.8982501601037226,1.5595413473652866,0.47465842687127535,1.2262920384055809,0.048404964490997335,1.3086368222746052,0.20940949202284798,0.037361637340731856,0.0053251897027128195
195,WT,271.9278917148297,0.0022740393660124134,3.6425542717999586,0.012921537334984825,7.793885840116937,6.780635076061582,0.6449564261272194,2.5142965538719375,0.12107257008711929,5.828910248057375,0.9096059891332294,0.019733677767103847,0.012392747407520485,0.06325685817116461,1.7893142262685695,0.07613386713537067,0.5113548443945273,1.1558624064289438,0.022469295799710277,0.0010186985871176995
196,WT,327.04385098791823,0.002346685399239278,7.685549718876047,0.003457393661477299,6.91032793967357,7.255208697250367,1.5975297490943863,2.7743303976954956,0.16053736622055667,4.66039798118633,0.35872019192376214,2.236153225169641,0.061129611875069045,0.13707389889240518,3.7947997813365104,0.09084876783097554,0.02729212438602513,0.2297512065602585,0.0468690316357657,0.0001583975167560414
197,WT,304.80184957224503,0.0008457061938043754,3.6141284428531986,0.007661218376238193,7.799253073299911,6.660408562788329,0.5620954159244608,1.1849678255362266,0.14505858891463147,3.8536796291007347,1.146571585735753,0.49319715961968374,0.003090865829622762,0.89718580892123,1.9446473016188488,0.09949009950334803,1.1890512835626614,0.395588958709155,0.02948164761350204,0.003928081433471986
198,WT,333.3114127711923,0.009550698148899419,4.936575486794242,0.003055315450913084,5.615206588244864,5.579114647507955,1.4848921598585996,1.1803509516002093,0.07550963024774261,1.9119673089733942,0.23753794822763652,1.2051646892035413,0.9912200221034158,0.09068129419861617,0.031129065479280155,0.01654374859931567,0.611337648274898,0.6499012238917086,0.026886879917955152,0.004813637516244249
199,WT,345.38515287508886,0.0007806706540488661,4.70329009704516,0.02123467202960522,3.7249701870844545,5.050539966302347,1.445805150596914,2.8596362755788363,0.04791622064180345,5.250853215410467,2.986090825056355,0.23175639453397878,1.3022709767863831,0.05449247090174639,2.721783463368376,0.013536955933582766,0.33865383802928195,1.3630872160878333,0.007500674276079791,0.0007161601559987005
200,WT,269.30625135592106,0.0021512782292412835,5.85393648311466,0.011371988781558581,7.159494394804731,7.3779711699687995,1.4721964768254858,2.1903753228736456,0.1800259662924228,3.397089222268333,0.6847852482502855,1.0972468589760074,0.26390231703629363,0.1996645336934546,0.461079758751621,0.054740776831051795,0.38783051329302004,0.31706901732284865,0.01922943731694835,0.0031248589225868657
