run,condition,CF,a<sub>HSC</sub>,p<sub>HSC→MPP</sub>,p<sub>MPP→CMP</sub>,p<sub>CMP→GMP</sub>,p<sub>CMP→MEP</sub>,p<sub>MPP→MLP</sub>,p<sub>MEP→EP+</sub>,p<sub>EP+→EP-</sub>,d<sub>MPP</sub>,d<sub>CMP</sub>,p<sub>GMP→M</sub>,d<sub>MEP</sub>,p<sub>MLP→M</sub>,d<sub>EP+</sub>,p<sub>EP-→M</sub>
1,K27M,233.17395094583563,0.04336114748464069,2.538084024414233,6.3068119500310615,3.5119437781798877,4.850697996411384,0.08834671706804063,5.380134067849361,0.8121375315790219,0.9391428675947324,0.4659215118305454,3.136999235759663,0.8083998209399699,0.18505592921008998,0.06553797673879991,1.3333870597214301
2,K27M,184.740649823156,0.044073419953062236,5.0915202301041145,7.501798832028299,2.2685403940097224,2.604979885924913,0.025862943272167507,6.911487798094499,0.3880585695269629,5.009793207792715,0.7229476776300328,2.200047186546705,0.9112836031447626,0.030714371711001474,0.42254937193104974,1.2321519642753713
3,K27M,226.32546627461483,0.046740156740106904,3.874948947744863,6.382744937582118,3.179658980891406,3.822628271741535,0.0765021408734631,3.0525810958707185,0.6520686237030198,5.881204068228609,0.038067605179127106,1.993733862520552,2.3512831700906895,0.17451148909014597,0.2643277978669484,1.4715442775404546
4,K27M,177.4389047253241,0.04437418084281524,4.257017290936728,6.619047374322894,0.6594322083828487,2.7227057303223834,0.05965812973022408,6.958268311648665,0.4645762154632159,5.683794444317865,0.3782968491065053,0.792561591484873,0.49447603245283933,0.08456211220009037,0.4508531952464905,1.5954117051483594
5,K27M,178.43255787624798,0.043841188684456814,4.760543856302619,7.517674943382974,1.1671865586497294,2.5087094152916314,0.040103208022092975,5.521575402510881,0.4870462382754303,5.015700052444045,0.8997480029362448,1.470334712838693,1.3286688263993782,0.05804133853251814,0.19188909382451916,1.7137111060331942
6,K27M,177.28318940612556,0.044523133856439606,4.127702073867747,7.803877627345809,1.1287392861335195,2.93567956203792,0.09744010689299162,7.892872964221754,0.7803289361135191,4.284339079134725,0.13237767322580826,1.3954818477654234,1.3275137838214426,0.17511366932367042,0.17690613538651337,2.761642225490685
7,K27M,234.8500194383849,0.039668378953167306,4.855681574269868,7.301908325457946,1.3674103432385867,2.4110080529394984,0.03827085851631211,3.255406505782613,0.6148920479714304,3.8608304392442276,0.1824686928618311,3.687058428782674,1.3345887374597631,0.06661761127756446,0.20929772246204115,0.958148705615902
8,K27M,189.45355471302858,0.041208897895804904,5.127929458156947,7.998167622068714,1.9219605557403223,3.322370502052454,0.07939702834098206,7.280767820191278,0.6539068831094574,2.215946180322485,1.3046843447851362,2.071891887772837,1.1156942954152145,0.18027725627396177,0.10714296070459313,2.8046930652910853
9,K27M,224.88605232958673,0.0389093899470239,6.180804425261812,7.3680080366497736,1.292497288664742,2.7891890726378494,0.0386054034377281,5.78766835191442,0.9365941615459725,2.868568347475549,0.24781873740627824,1.2462196748301375,0.29434089718040024,0.18796561578895757,0.3475079868167973,2.346377902133561
10,K27M,177.58189364061155,0.044297284856793316,3.7338812463601845,7.964112121310399,1.2523218020896731,2.2763022263379233,0.047440385348408644,6.764795394680427,0.5036996482330101,3.2176593066723655,0.25329623898046527,1.66592851778751,0.5530666260991597,0.05981321326582862,0.3567762292609174,1.8465491798638876
11,K27M,177.05185725087907,0.04427736606673921,2.524849745373586,6.821077128094819,2.008581852778407,1.3525477334466007,0.07283364599716358,3.5711245676256076,0.23932223207737283,0.5248831026171519,0.17180414237681313,2.7025334128000416,0.6533832218466452,0.1150182580212449,0.1745975016096112,0.8480301665863216
12,K27M,178.02813547467844,0.04468781477753258,3.337806582572117,7.353514024933566,1.1939647716096664,2.850221474795772,0.0908734664071015,7.757703566349332,0.5728300990255442,2.004022275510899,0.08444611245404827,1.5833553914719438,1.3665294048773011,0.17628296196151472,0.40167641189603764,1.893113740854617
13,K27M,179.48880818151912,0.042564595752528654,4.463090587607412,7.810986899133342,0.9363660218051364,2.8116967884694675,0.07484395809646667,8.39573422914234,1.0111519131036946,3.4773568770866485,0.33464276975147494,1.5471776991494655,0.27751025340392305,0.125558311243537,0.09047824156214612,3.500958940079191
14,K27M,177.81503495933055,0.04374987100109736,3.7369003022100484,7.325325282194888,1.046435777272756,2.585653195312358,0.0496486221611985,7.93324047251414,0.6706308577094209,3.084661758858071,0.36326982410668623,1.335828980186319,0.28201573905197264,0.059549142438684526,0.2619619892245457,2.5432899234561583
15,K27M,232.02080514497112,0.04358401134766897,4.679507962907688,6.409736560168415,1.1336973706529507,5.528595681594247,0.016666385243240274,7.9548710982901945,0.9710063900794835,5.399372953794403,0.17878498771834894,0.6069036433522044,2.6351972309434926,0.048910377863622935,0.6830550504214881,1.639943762383262
16,K27M,177.57325200461247,0.04387790800317182,2.7366307993701158,6.682782045773767,1.0769299708898192,2.0718140745421914,0.06861192987264828,6.283195033478382,0.6279196076151602,0.6237745294251403,0.5061301519036152,1.3106867181550474,0.28771970437012223,0.1104774209874418,0.14916650473638754,2.170004358427139
17,K27M,205.07109548313258,0.039537350314944854,6.208090344663607,6.752350405806049,2.9188202183696155,4.11072316150492,0.06051100099051813,5.47036428476129,0.3587692994201432,4.463021686793804,0.5753503446403302,1.879265907466197,0.771541995119356,0.15673189171968793,0.4900642947146934,1.1073489291059597
18,K27M,195.46844263416236,0.044522915350319,4.546442404889649,7.9528908456544425,0.9873751016382171,1.7028571587303323,0.08919913719344376,7.591181728111119,0.4754484719743569,4.639873644462396,0.7728562803346863,2.8923980942301646,1.7945115103569464,0.18793552948591058,0.3207677391243242,1.4149047371739016
19,K27M,215.11660042568667,0.045410190888399767,4.320744092294467,7.750096833124145,2.510097503764086,2.1956839523429386,0.05637476725054185,7.039524108996682,0.403093305941179,2.6420732406721057,0.38353760324369857,2.94375750264963,3.441586028068174,0.10666538121231967,0.5636410440472484,1.335561603603594
20,K27M,177.69135577126988,0.043270726456548385,3.840564324937426,7.933860186373406,1.7953677881335735,2.3778979134168923,0.04347120267328446,6.866347435569197,0.5001754964640407,2.098482236872865,0.2227546459972873,2.251196463420237,0.2449688393920995,0.06203878228591812,0.330854926810581,1.8421012554345766
21,K27M,246.96473841964908,0.03855287527826937,4.59311695915361,5.411875946246756,1.879640543779285,3.0617817086448427,0.09622490480632356,6.938611497380127,0.5531505284608299,3.4197932786439353,0.014076142706393457,2.7837567877521394,0.6274072815154978,0.15250166166944523,0.8079234840008179,1.1622955386475597
22,K27M,189.95861465092682,0.041427258980457175,6.507116558044925,7.813503248547722,2.4254794077682407,3.452439976749312,0.07385155335938923,5.4682175205275225,0.7869422216991073,5.905801360151725,0.09301540667371666,2.810021424896448,1.4463454959895428,0.12971168045215115,0.2093562115267247,1.9762423684654906
23,K27M,177.11240192994399,0.0443198232245758,3.5881272792070433,7.703482226281977,1.7024994737847006,2.4082677779593196,0.05794671098462992,7.195617749566056,0.28397200850161475,2.8678472177510277,0.017597926549954696,2.228222337947998,0.19704296257192158,0.07781351344069666,0.582249430548432,0.9573859534958336
24,K27M,187.63705801348198,0.04020578443587109,7.473907830358638,7.8581796687788765,2.792581705008353,2.5111319580238547,0.08549604224453866,5.440222120780136,0.45847912287914894,5.187553879303572,0.43174290856532965,3.6262045253222377,1.4362417977084405,0.18887011278908025,0.17615561598388613,1.6370242070320844
25,K27M,177.83684233286448,0.043628076031869155,4.298677473680631,7.10206928285741,0.44594483113823785,2.5303604070529273,0.07231699561214693,6.680870234715989,0.35140223276602894,5.231902911251064,1.0173672964149338,0.4873390160754238,0.04174358381300307,0.11325712969418913,0.5021313534508706,1.2772311970510541
26,K27M,177.4473685020368,0.0439772773948392,3.457966646797341,7.948865622614627,1.9678355508396335,2.0554679788852592,0.06494754401350095,5.9440520554976235,0.7351558841424644,1.6529165922463034,0.2794825591351568,2.5872603188974352,0.07659915959630602,0.10197645394662914,0.055917885492948106,2.694610031345113
27,K27M,179.06288519717128,0.04443844916750888,4.208635594672873,7.382603680945023,2.0762464431255174,2.284656619366024,0.06041703801389357,6.69042635311412,0.4106958205229033,4.255362957790824,0.229181969271596,2.278864260438379,0.09826186826092995,0.10597600004928631,0.3570106848296381,1.508467762714515
28,K27M,177.67701620972025,0.04314371558381293,4.392745808435747,7.539137870069073,0.7337344720813498,2.5901433364677615,0.09049370239035998,7.365821344720401,0.39354732565865896,4.086236636090323,0.5929086215937694,1.034003575272122,0.15481609076079567,0.1578383873160857,0.5845392029027291,1.4168193380383507
29,K27M,202.1246685778131,0.04269352234969671,4.46489959233994,7.749933959423783,2.398896737252405,3.2809193169406634,0.0974810886222049,8.152092933267534,1.0421031074286482,0.34419500763062005,1.2942738004538916,2.9803900980426428,0.8600504973107662,0.1945580912437932,0.12115374048559256,2.7693809143252626
30,K27M,220.12206793489156,0.044626712007876004,3.454107733779936,5.949866705411766,3.563927545227531,2.2165397366318373,0.09088594662320555,5.109738641408985,0.4082848563434307,2.6116597870535094,0.9824953772224863,2.9050292126775643,0.019561610061789025,0.1172002455838157,0.304251933844886,0.8618888943923437
31,K27M,177.97541024144027,0.04430541206349401,4.732850965497524,7.766133064182069,1.203425422201855,2.8452263031626073,0.07242111812512886,4.606759787754278,0.5485027231136089,5.645339466210342,0.15725179909119888,1.6810075875457526,3.90701294941275,0.12807174348705522,0.01568047729058482,1.7831211898675008
32,K27M,177.05305806745167,0.04347325835687227,3.8907270210085474,7.178248260406506,0.9389366066760917,2.677621908341119,0.05087796034091024,6.331362144498088,0.5085946338718726,3.5458218058941333,0.1184641604257251,1.1969450407050999,1.9717193088039453,0.07016648071121225,0.2826356845388975,1.7073131389065075
33,K27M,234.7769771143502,0.043781618052770824,4.387533545790656,6.471175972175314,1.5916567441217415,3.400315905475204,0.0450712132735397,5.194248771578687,1.0950996070276422,2.4191730749182656,1.092631053271949,2.442441130473439,3.7066614740512307,0.06242969063531493,0.3770460943444396,1.89150262089822
34,K27M,179.25192657416753,0.042654036386330106,4.458406322000493,6.603261569444907,1.4625947834695787,1.9407319544475798,0.08223624992203173,5.049249522940668,0.5773938715654937,4.761692916574689,0.030632788975219913,2.0144850952996642,0.39049455426821683,0.11742944486650211,0.15480658386859675,1.8492588211543541
35,K27M,177.65670984338283,0.043749506150473315,3.010713415443592,7.92667776053711,0.49582020932334175,3.0200391329983804,0.09743703503017026,8.036472923345471,1.0785085834270498,0.3988254968765594,0.5178905789881365,0.6880862615989417,1.3871363565519708,0.18122091478297164,0.0068444294332619905,3.4052753206158766
36,K27M,229.53675893867955,0.041647897531467595,4.203816356719228,5.7537407717679825,0.5536272271632059,4.496945911979365,0.04412703774888589,5.623446150044305,1.0216820777276494,1.7011146198641378,1.2451041218266998,0.5686725427042694,2.1684816199490706,0.10737901603417854,0.903937616960983,1.6677762330003727
37,K27M,229.73334739539223,0.04759419822540893,2.8862873345056377,5.488969987005143,1.8442277072917785,3.9150371918585773,0.07654990278670529,5.7411984894583545,0.6864236707888705,2.4911763694367464,1.2227873606442174,3.1460392571909845,1.2045313400436957,0.13722547260697077,0.11136781946024706,2.892626155866349
38,K27M,183.8639628766834,0.04421153784736738,5.371726054826918,7.304701155266373,1.6307813834416027,2.814962992420034,0.041843868431473134,7.851079415611782,0.9847248578496748,5.25807467013538,0.1543228246622501,2.218713961267503,0.869222976591292,0.06711134342878985,0.18109213622393122,3.1428465857036545
39,K27M,180.23409869333906,0.0425514830338215,3.3777319136224633,7.557196215558988,2.0335862899060735,2.661262566802564,0.07966950490927173,5.761388052124528,0.50696800377532,0.3175856520654291,0.1771759352647546,2.3854136438721807,1.7089887056809385,0.16184619262186495,0.13969116366712456,1.7913029583251538
40,K27M,179.79276983984238,0.04393615797282346,4.784639259231053,7.539301861900865,1.3901929616182085,3.512240140993132,0.08143040130387208,7.181229325816179,0.28523148550698185,4.88544523602893,0.11019954542970038,1.6446514667708627,1.3530183502345874,0.1535747448333641,0.7794367154296422,0.8886715601541566
41,K27M,200.83114442651583,0.04190494811291007,6.07495861205665,6.312573169574515,1.2689364670306784,3.907075959038573,0.04431031968821065,7.054253904742772,0.44402209572854967,5.741389152357317,0.644899866828721,2.237172556266713,2.9317223292103822,0.06797632614253973,0.2619264584914038,1.3931189988277042
42,K27M,177.09065288570824,0.04374016615716724,4.161096824453887,6.603931638568882,0.259150289329239,2.9921819328919548,0.08487307416096714,9.30805410468765,0.9096190042734323,5.290535597005765,0.08650340646796303,0.3330492509298926,0.025697073509433788,0.13420653045962475,0.26759438163257065,3.1935408108401337
43,K27M,179.20624363085795,0.044538278972097514,3.7101625446575808,7.880775557135367,0.46903442416863883,3.6351882935122197,0.053377254320083486,7.788480993720151,0.7922404512272634,2.6593693362790845,0.1843614542507837,0.5403608312631275,3.846485169827514,0.10014587540085954,0.17233974497135285,2.8150253420355495
44,K27M,220.05140282523087,0.03831862009023898,7.037727496370197,7.224945011651182,2.9247683081286886,1.7568209602189917,0.016232023798435254,3.0877487351459116,0.49572239919749705,3.1156324528060937,0.34412882987417537,2.584020670016258,1.1256912249744495,0.02051263149812064,0.06985613238277982,2.624243502002357
45,K27M,178.39667448667566,0.04409997967836652,3.317211894034594,7.368436039597553,0.6635557066853743,3.007584508060979,0.07489419355013026,9.353215941702919,0.7771383012843918,2.1428068617737788,0.2952528916927921,0.7844109489547233,0.3214484556539634,0.12273001073190931,0.46501039657604326,2.391844574418248
46,K27M,176.71993119826158,0.044215308043969705,2.76985531242817,7.062679434785151,0.8909937652978644,2.8396934402882485,0.025208612445702293,8.407208815907357,0.4745985174516961,0.9878790776486659,0.06657505499362469,1.1695804458211465,0.19194872232772262,0.015337117092220465,0.5679312155943489,1.6929489700694769
47,K27M,252.25706113639401,0.03420951950318933,6.284060439762869,5.782567832534745,0.20645958809103604,5.381419565324586,0.06725692872117828,7.5429900800933085,0.1831309472327861,0.3007711455171638,0.0830247448546706,0.22583116691154625,3.833675262750691,0.11294545592469035,0.7042977944019756,2.104368904062505
48,K27M,184.52400416511318,0.04386303998653698,4.753913245139577,7.918720408182763,0.8605613195600724,3.571218523752749,0.07768693071046816,9.622841601871588,0.42880796453716413,5.572516587539158,0.22338284701849026,1.2479431718130922,1.3217303496543378,0.11296682293160346,0.4561922934683274,1.690667521997141
49,K27M,176.80388958813003,0.043659509752437306,4.820648537994685,7.633552796960924,0.981679839983608,2.913412852559957,0.03235015052729473,8.218720834511737,0.8428255511029115,5.764923816866658,0.22038502194988002,1.2333417001458806,0.5959078107633013,0.02568141055226222,0.18172413505526208,3.0291796475773882
50,K27M,177.44887139753524,0.04374250861897352,4.126500895236802,7.562690786052827,1.8651380446766785,2.261170235784178,0.06901379076618135,6.069672522789793,0.6566852728754412,3.505812465559574,0.12002548906243164,2.42534684006129,0.3273359150033115,0.10829466471565594,0.16767485797327314,2.252225506089648
51,K27M,198.83085726074646,0.0426383401104905,4.317608104384834,6.9905570945635915,2.9771341522060233,3.8649794759298266,0.08936486066095622,5.0105685447534425,0.4254991230033466,3.765606890775422,0.1700153028605735,1.889691756189929,1.1540161186710225,0.1693417799222235,0.42835771442157977,1.403115749361339
52,K27M,233.07965127338045,0.03629471122252792,5.272205707464217,7.183502414184974,0.9280663823135669,2.3861281043252514,0.03179022485762373,5.320589557775744,0.2456686665018497,0.7311814991625458,0.7929105484203295,1.2828698899556805,0.8540749278402853,0.03391331831439018,0.5977030045433903,3.349080313951988
53,K27M,192.3048784973433,0.04401432236456936,4.820295912730466,7.726866319488463,1.623488391828881,3.5927890713782977,0.03561619051966581,7.121360604344255,0.6994554130846198,4.71763175662848,0.11379233461645977,2.67778864088648,1.198488894617681,0.09189898894070223,0.32632733355357235,2.5839824805562515
54,K27M,177.49812530772243,0.04393309608675025,2.750768133617641,7.2694504227169965,0.6698262715382443,2.676350415681501,0.08587332199505954,8.111610827292903,0.5487248094548395,0.7707669959338657,0.0912468697930007,0.9300658473168303,0.5510647080987282,0.14716040523020454,0.5153604211795109,1.936980097701123
55,K27M,177.1790797745573,0.043736274719444135,3.5009929494505956,7.1914527681543765,0.7237635685282068,2.250676719624727,0.08672633549221855,6.390552604075401,0.6048080994827192,2.2428700824495555,0.8006633262276605,0.9276230669651249,0.6274150187107016,0.14719740318939084,0.2021263429915951,2.120248718838926
56,K27M,235.0610643250439,0.03564565547562983,5.054745731457198,5.919681626783866,1.994593105501004,3.5873892902398685,0.09547284806403358,2.9830987731184564,0.25206754276666776,1.1583807265541604,0.8957128173222146,2.6489409327073976,1.5001526949460209,0.14566205276282418,0.2651172061978991,1.2010215939489173
57,K27M,177.21474856477312,0.04344193487225291,3.647632488394636,7.64627268110195,1.833727156079402,2.082043406397939,0.0570855645008841,6.266606387010912,0.7098678673040935,2.4163066413159404,0.06272843673880682,2.4483095308964797,0.07944486397988056,0.0731126756971706,0.06327537258132823,2.440510346403406
58,K27M,177.42820192474036,0.04393606580374069,4.338932216727405,7.519412608808358,0.5109961385194961,3.3890187719536757,0.0525796242051178,9.538168848750555,0.30829884269942404,4.343876251206901,0.25343882594233763,0.643001888272722,1.288676620373413,0.07401597702767482,0.8210769713283318,1.0131215096797874
59,K27M,256.16294236199747,0.03855859343501776,4.8930768415274475,5.564338853865659,2.3655638504483183,5.852942382972923,0.042661696974606575,5.435063451926465,0.4704633401005455,1.5760823347760153,0.31826310968457006,0.9735768185128353,3.8771920832591684,0.1557111692828244,0.7686074606284985,0.5767343662063638
60,K27M,228.42240101986272,0.04461631378605456,3.0510860464876237,7.248796685062012,0.5167326870009039,1.9671627342527702,0.09963148698300217,4.314479522360429,0.4611057103116778,4.237058474147189,0.35145023173874873,3.701020231949119,0.942527224286376,0.14753058868603333,0.7435351103912528,0.7057593820301136
61,K27M,185.58183713462702,0.04178633701754691,4.715598708044343,7.945727368507049,1.8083018755720963,1.9345403542027728,0.07227242193456124,2.906031909704111,0.15204311574087642,2.121055221606356,1.1643363812694982,2.878257941834928,3.063932652008669,0.15885256860608996,0.14805101097924955,0.44041957543432164
62,K27M,190.80714243193634,0.041957926290207115,5.417760702544477,7.761699023129582,2.3147860091450316,3.000340824231904,0.05447690660758114,8.43149523237568,1.1004020823085237,2.414666663146086,0.2640677881280587,2.837480703375584,0.8084481688706135,0.08607201511207696,0.09499252823188253,3.372976499359601
63,K27M,178.59142801559355,0.04473329223997099,3.0166845254880514,7.258563904425145,0.7023430432139695,2.701126110827975,0.05185426244929795,6.4107391390997295,0.5961064429389137,1.4373396853234641,0.519883529754621,0.8619709690686858,2.7840057503600413,0.07819296219171512,0.16254421392207424,1.8415725286355584
64,K27M,176.70422674528274,0.04440758870558496,3.564080317372317,6.939186447654961,1.0985430119737642,2.425608817919611,0.027722611067949272,7.292422484829729,0.568263026052426,3.8263399100001565,0.031942877997398825,1.4688301638938035,0.3366220246500679,0.016734716801049432,0.35793030363780964,1.8665656197757046
65,K27M,179.3406260775222,0.04432474317648483,4.5910776713355865,7.739142927278592,1.7761611213588346,2.9411795027874166,0.05951887475425832,6.996733878449472,0.6252271172309929,4.667951833139667,0.15642703733653712,2.3029852973073006,1.1650365997820433,0.09140814661484307,0.22693358314081646,2.505575062447085
66,K27M,179.4775981007848,0.04451632236539115,4.746414730503216,7.954654703760256,0.8047335365796285,3.1862079176472293,0.07562709401023338,7.506886252837951,0.8744787055705208,5.844609887969702,0.042573713068948554,1.2481604887267435,1.907074722800938,0.14747676503379747,0.15433759645710382,3.3632002500008675
67,K27M,228.73893279437686,0.048378621113491935,3.595733923891626,6.118393047766756,0.6153173179140223,4.096486570227533,0.07176695875180256,7.952350632589161,0.7958889609159824,4.752343272372091,1.2688269441781368,0.8370994036683157,3.3694357360515768,0.10748049307765489,0.17175946148342564,3.541986844187292
68,K27M,223.56683459060787,0.04146865001762897,5.2440066804019825,6.157561808778391,1.2003453253848033,4.466783484868387,0.08486391197464492,9.681899896275835,0.6837971642576481,5.3038678335428875,0.0036538589003232147,1.3459995533669225,0.9116728967126326,0.10535663922982906,0.8184032345588292,1.0678241375100954
69,K27M,181.25346809239574,0.04079418700427386,5.89416272462266,7.716829389539845,0.9583046831627878,2.702769480280435,0.0613341504082068,5.159154010339288,0.17905131001750954,4.892854168207992,0.6133071089205807,1.2152100714163458,2.226583274591657,0.08920441318315084,0.5289867715365268,0.5965104955365301
70,K27M,199.53647521177916,0.04444676103469979,3.2425200915050905,7.098056380501712,2.100044866830063,5.123836478796659,0.06584557265147971,8.158268714578885,0.6582288892252469,0.9657913010951948,0.20135629356927454,1.6034296455736767,0.6092391146580898,0.08412231625406924,0.39173854094978977,3.101745153423887
71,K27M,177.31243340961686,0.04322553762808949,3.0737718826005422,7.7109951457699335,2.163350191726666,1.7254663668501715,0.09517837047548772,4.344521627551785,0.46963433518090475,0.5568218011466683,0.20263347939868448,2.9230909185971963,0.7825413850851499,0.16918711371909326,0.06884089368527414,1.576789366624087
72,K27M,178.23626946945802,0.04265321307126896,4.214637206034416,6.753258775268174,1.0351691121049942,2.363552952996335,0.0888543991307252,6.264461713210682,0.4542634923670838,3.779138411728245,0.27894528540130487,1.3544024872427791,0.8689906820508928,0.17339241038865497,0.31848113371362596,1.6371147333838159
73,K27M,211.4590205643805,0.043704297361727026,4.1459728546497665,7.7858959596161466,0.710919363012241,4.300485434558554,0.04025090370663958,7.2748748294653245,0.8612141586610262,2.0539197248521095,0.36684769669308626,0.8699977257089908,0.7501444200460141,0.12912096806953632,1.1570279365574743,1.7501755365146259
74,K27M,210.686150175861,0.03651488255959943,6.214785181282103,6.9124167243153645,1.98545437095232,3.6857722938806488,0.05433888292974194,7.369331938697129,0.6949157917796306,0.37688135952095814,0.572199805509574,1.9977539138490827,3.392516971003669,0.1527142756809193,0.03504239520254208,2.974555791568763
75,K27M,238.02548738475843,0.0429018405373421,4.453642132142864,5.727837097730734,0.6170061548721595,3.4524545815932686,0.09705117444940552,9.232365085805787,1.4228634481401792,3.2826783199808465,1.1095123824668096,2.9305169567782308,1.1119513577339113,0.19732561187732744,0.317141485288308,2.280194913639014
76,K27M,177.2345197646888,0.043436402984346416,3.334528215528948,6.35323340053191,0.48663820852067086,2.3153244694848203,0.03859294582692885,6.344154465570046,0.5149600815858618,2.9185546846642394,0.3595982952367877,0.6497833991395522,0.4665537870941225,0.04094792010088509,0.3396843526116824,1.8407216973034985
77,K27M,177.39925445425075,0.04439913732393323,4.3807067812537746,7.966329758910839,2.0955864843902687,2.1677533968173357,0.09727307565689604,4.101792285066607,0.43395101713813977,4.467736947825006,0.06746926120334493,2.6625486867776837,2.8525395646978327,0.17081190190943535,0.039193551968967726,1.5024115929036819
78,K27M,180.40201905209025,0.0431157716319588,3.9497298179833007,7.047183842060893,1.038199888751821,2.118575019653347,0.06737609158712758,6.798538191382577,0.6611354735755737,2.8763350450942586,0.4045170131128866,1.684285338386028,1.0506480526268587,0.12996756462232364,0.09244226834067475,2.6225024348286943
79,K27M,178.151812931742,0.04325674527412088,3.714672759928238,7.763112615206777,1.2847500913793375,2.7409322560137066,0.05588949053504497,8.002194445319894,0.8131399409930418,1.6899732373433127,0.34997522321572416,1.6162846643005315,0.3868737915298777,0.09671869938292871,0.18422481695417486,3.0262700168532053
80,K27M,178.98033731061722,0.0441293566699741,2.645580265658086,7.102993626853784,0.23099010556288793,3.7032383293868483,0.0771717287476994,8.475952791903474,0.6751573282620124,0.01628831069007397,0.4405493797531364,0.2755235635773139,2.745461696691725,0.12588091954364236,0.32447629660057814,2.3368732528712646
81,K27M,177.79444478768218,0.04424037462807866,4.346691596817062,7.791984953662814,1.7441410648477547,2.399669705930865,0.041885851593204716,6.356063145164625,0.5573236684102746,4.256449653161411,0.312672699513584,2.0948946559239743,0.2693342110957494,0.0544836705598095,0.3010392890660369,2.011416934338304
82,K27M,215.7184514980593,0.04416730402649864,3.4852040023636777,7.7366846121364,2.904749403145841,2.5940641944788565,0.05166615879757945,4.938626711034385,0.682828028926147,0.38550566603426706,0.894496083204571,3.757771393644235,0.2062411083136697,0.11241697100883014,0.5232096155598003,2.913539170062333
83,K27M,195.36154324168152,0.03998270984116799,5.272210733171272,7.980234826642666,1.3752415695661142,3.6664527631075563,0.041167045639325564,9.343015703558951,0.8796201948276205,1.4574299017076953,0.24849702106772453,1.5446738099673178,1.5921921815230775,0.11092142421902589,0.5514721345478937,2.5061237124838747
84,K27M,197.10926022173163,0.04334580294792001,6.0744116794135605,7.73854893728179,1.7122825671137059,3.7680083104476982,0.036742466750091914,9.670865382565998,0.7615889007943081,4.535910008803139,1.439095844030489,2.3202600823698387,2.185845877122272,0.06469025798837744,0.34680247790303215,2.4646781711242616
85,K27M,217.32469508721363,0.042137913350491905,5.790167218349529,7.6320009438184115,2.9312203309559988,3.7709050129111694,0.019360514803914267,8.573054464449392,0.5385598371678622,2.855686099261499,0.8450500990503218,2.3400005960920813,3.0672874696998105,0.06942491908057398,0.41089295542396487,1.721668065036407
86,K27M,176.45811054158764,0.04418061738910929,3.6646863449238345,7.316174960556712,1.4543468217994087,1.9758700051728593,0.026236252216555792,4.432756895405833,0.14131599698384825,3.3428017328587556,0.349776347470454,1.9062042966526656,1.6758614750722116,0.01397462532833779,0.4016833537800117,0.44508185376124487
87,K27M,191.45662731605552,0.04347415906793487,4.186416513864269,7.403792434883698,2.5160193157598214,3.657022860957613,0.07215020308790102,5.529253098910677,0.3421524511736668,3.189472431867211,0.904512154859761,2.0341859231724007,2.1086575819638105,0.10945028093999529,0.1914489762083871,1.5463345687943182
88,K27M,236.5512439058959,0.05044391134450749,3.4141977284852563,7.174926343089453,0.700422746010295,3.6312325365793146,0.04689867867217211,7.470046686704048,0.55585590104055,4.8394594084251565,1.2515966150222042,0.9724943310005205,3.366193164763841,0.09910857166306568,0.697725356312236,1.867127718899268
89,K27M,223.41050794285906,0.04137768562677252,5.30801202228609,5.655273333157329,1.1270555120736265,4.184356166625234,0.08035840868207614,7.898373526084477,0.9154876188273346,4.519752566270993,0.18237752571896526,3.375019625274688,0.5832282963787483,0.12409534643306111,0.533132483498462,2.217712950989532
90,K27M,221.1843377588424,0.04448472928325552,4.461537437401374,6.428239648604066,2.6971159563925937,5.367572538714885,0.02128978322315599,8.354074148135336,0.8661400667210656,2.6732440519763307,0.09564111697211886,2.9684315074497256,1.757798666332958,0.08339279757440307,0.27631275166201297,2.5772306561502996
91,K27M,177.05313423343352,0.04401979074068965,3.2766371421836693,7.374838129630634,1.5210904002943588,2.288320332386822,0.08909667708923365,5.983514610008248,0.31154370443099394,2.0414545210243324,0.0035591344783349583,2.0639501384190146,1.2641447510824269,0.1460753230554754,0.4345735794978759,1.0340801450026849
92,K27M,234.85892235485528,0.037245800018219304,7.174584460013954,7.14399073713619,3.2584496275477326,5.957094127230092,0.07126530146544571,5.794049018654077,0.6601672480624098,2.697813941014458,1.4705532236336119,1.6993589564255507,2.6258114254918543,0.09403121436884554,0.287322576869473,1.3091417627713586
93,K27M,183.50136975832132,0.04352627046228293,5.476141140698724,7.7763852994057325,2.445379560998383,2.87088951168729,0.082982015211404,7.71257386620974,0.7819295415891896,4.866323490008608,0.09430567214404414,2.5504340037270303,0.7025341175709355,0.19394819621603365,0.19694481967211222,2.8464143185271533
94,K27M,221.7380274889255,0.047733266524245,4.235967654582915,6.050679324572715,1.0574078498491772,4.5280097978294584,0.065446989058326,7.455938691201089,0.8748731695195862,4.74099817766284,0.5360932665107687,1.2349085945587257,0.9212943129359203,0.1507059421151048,0.6628386696741464,2.3126329065762317
95,K27M,200.88973751562486,0.04044379787775123,5.404301113388493,7.032060424764202,0.8793757487809255,3.9008668407714535,0.06274625151868499,8.929613727324677,0.7481343744938894,2.2968571143841388,0.4241675231435126,0.8645830701273867,1.0486976989103054,0.10518233691558923,0.6262391650517594,3.7949321797117275
96,K27M,177.25831899862965,0.044266505299310706,2.72062238418025,7.111900622175507,0.2988670834918791,2.5586431447359663,0.08222405099407469,7.188583863401921,0.7950969361699689,0.8381048980005982,0.8877936968155653,0.33355645806721457,0.7865682012690325,0.1291429270251716,0.06974256912875178,2.701367985123042
97,K27M,177.97622355854978,0.04267601346521945,5.378799430958996,7.975881192866499,0.9461813619533103,2.819374233050582,0.07437348349060173,7.932547285286663,0.8395430048113418,5.344948931954946,0.5602554585171995,1.2109207880624178,0.7616839186190204,0.1250550045165077,0.21344897497047527,2.7471224113553676
98,K27M,178.3324472955085,0.043300070038468544,4.774177304926564,7.20261216377428,0.36375993276931573,3.310446074343127,0.09631864615012398,8.305864874762229,0.8592950126557667,5.781708925996836,0.396149369747056,0.4303666225562603,1.3303337337778092,0.1616194037457516,0.19829406575267633,3.1916459735254605
99,K27M,176.75855766569882,0.04420427819117845,4.532684637244523,7.324407809182515,1.5887971613168073,2.193929818040303,0.02246465809759875,3.4784392490508513,0.1990232701543397,5.484061819404994,0.24800053939952227,2.212621484294393,3.406177802400634,0.007528677258311778,0.18891644219705378,0.6912996190021695
100,K27M,177.3198166272308,0.044457252946101374,4.471366605629227,7.962420615106462,0.7203503121743885,2.790076465497254,0.09089717693997872,6.8950248574426185,0.6558169173705184,5.252625176230399,0.7400707784740267,0.9349859010928921,1.353296214357467,0.15745089214869654,0.23549325794516415,2.134208184505523
101,K27M,226.72227617256692,0.04335618070042798,3.43872384739446,7.838978004498919,0.47367570423877803,2.5647170738985725,0.048173021905051086,9.174785620729482,1.310993042011479,1.1793577307407042,0.09880343349477627,2.1823378858122586,0.8482318574168998,0.12160399524933324,0.5116509218901595,2.17431334297919
102,K27M,222.62422836798376,0.04064805958178883,5.86970345340552,6.699194264256004,1.7897285086467378,2.7262143266282295,0.03848060011914883,8.562861000782087,1.4990402198919024,1.4805131342382727,0.5537491680100706,1.922114363974806,0.657897699536754,0.12376015698316806,0.024448993409268427,3.9622610754289456
103,K27M,176.29294041596293,0.04468939543085651,3.911605563723125,7.707327853511521,0.840191984644195,2.9119539681059052,0.02015592450225975,6.367385599049492,0.75733307953466,4.320616716857084,0.22640442213529732,1.093703759490932,2.7295014120189767,0.0017961935610439671,0.02117310054680141,2.6754733075841424
104,K27M,245.41361767120725,0.03732073460986121,7.147828025905692,6.545852310013679,2.0904964759755784,5.860870346061209,0.045790175271846284,8.708074130790337,0.6952860123602153,5.363779058007642,0.12219795074699769,2.092936984493898,2.1029801482661865,0.1295926025627437,0.4018913322787836,2.6160498561695995
105,K27M,223.04882731764084,0.045614457431540446,2.7897420802116795,7.952389832686638,2.499444079338944,4.521268354168253,0.06848118027160309,5.095741224035786,0.7353579752943195,1.9424414051513188,0.22746227557472343,3.615687039794796,1.1810464647573946,0.1826048244913834,0.30879740925612664,2.4356191858168614
106,K27M,219.232373326292,0.046678042972006506,2.5353754611616557,5.477381452888766,0.9165926760074163,1.5421510054641356,0.04271104119392849,5.925029529909926,0.2776520943932283,3.355592232768367,0.7298699616880462,2.3828516181660397,0.11028593850374202,0.16403807662475842,0.41383893300945046,0.6668727194726163
107,K27M,187.02841576772727,0.04537522783436356,4.6466774618421205,7.734245216722133,1.7976558995806837,4.219599605993637,0.06655872860827991,8.249783472725973,1.0128593421725225,5.113092599469848,0.0061539610123627075,2.042672623740321,0.7142735913720422,0.09305637429138766,0.17315450015828449,3.672943999205287
108,K27M,177.34102668490362,0.04398649011917242,4.811975788780482,7.583275660831528,0.8536469519574266,2.982917289080794,0.07602362570052447,7.022023114683556,0.16720842874329925,5.7632262673231,0.10737954314311804,1.1265338637944464,2.1940073894163494,0.12038529857671741,0.7087581925470994,0.5572617089624221
109,K27M,185.170972171478,0.04256251523115455,3.892798980569907,7.462281455737109,0.3660924673002845,3.509198691540699,0.08637866464415739,8.773887787944904,0.8442440070884742,1.7573184831580806,0.6165791110160279,0.3732492119906763,2.706087347525422,0.12543889351976187,0.014486472216441199,2.833269378623919
110,K27M,228.35151831432216,0.03891299697811414,5.970193646724873,7.551923921188473,0.44010237497125804,4.673807312835617,0.06296384308407459,7.325083093573072,0.9077895084190555,4.586485994391566,0.058480796821272385,2.767731785952476,1.5441897093379469,0.1482956019089576,0.3304940925141767,2.58084861041256
111,K27M,224.9375244692906,0.03827912052746534,4.60037708959801,6.471414659402486,0.9923121103360588,3.608504702946912,0.06021041117335482,9.366437033314792,0.5185162578256487,1.1269713159959314,1.4798877448195427,1.2764959241094844,1.0896999398003957,0.0638004315474282,0.23768093535732326,1.3762509039286632
112,K27M,213.8846067735119,0.03694918373101564,7.58152539446953,6.134222870941173,0.4875714152567858,5.529841537833196,0.016558090938859567,8.913285568578793,0.432065204990113,4.734731159237444,0.09988226683662815,0.7300738502733874,2.5259934664100165,0.003297321621674021,0.6604167525044126,1.4511769999041262
113,K27M,250.5475105756473,0.03638764844697309,7.7802603405904325,5.464781728861774,0.7065666185152544,4.257149271616623,0.05995996853688807,4.274443856726268,1.030106213576988,5.010951738695264,1.268289452296753,1.0458023437959088,1.7594383970458543,0.10725338729410153,0.4224851060221855,1.9383422219343418
114,K27M,221.64301715884653,0.03895915183458901,3.26262355233789,6.710467429122386,1.1309745646752247,2.45959263497289,0.0964572713970806,9.448177302563618,0.21951432307179575,0.03437751025046154,0.13154565322870626,1.7711561748399995,3.789913311726438,0.17119099405324315,0.29778090818866576,0.5307063866160697
115,K27M,203.71672329096162,0.04225072866161096,4.8105928906876,6.102480082398349,1.9790941548480814,5.037385444923256,0.06164735320315014,7.573226181142168,0.6166478628747951,4.257543606850711,0.6210784315704524,2.0106050792232124,1.8326548780753207,0.11095616351432433,0.14777716769629823,2.1031559307927767
116,K27M,180.1525644909416,0.04404432243572333,3.6575616655250323,7.8252480576417005,1.4881856551243187,2.514855041746632,0.0911878927609234,5.187181926338792,0.546406312888799,1.7510739644813447,0.604126333977274,2.1409578412562444,1.3063326234830197,0.19651789015780333,0.24079144757786303,1.8043305673746823
117,K27M,185.17811085816538,0.04290807417190387,5.224615859555794,7.801310045867252,1.4028121746049533,3.2703970158926574,0.089731041537008,8.676460867829325,0.8219468663802219,3.9898748162206044,0.8262325432084847,2.025080218795032,0.8514417870876589,0.17185470572817826,0.31020757438488017,2.836646484887011
118,K27M,177.7755969066817,0.04369356111906829,3.669103126501645,7.678305393910841,0.6762282573840926,3.4489981235009735,0.08333679147636716,8.813424658339407,0.5166623219019447,2.128192265757673,0.3358620019134328,0.8027164615109629,1.8664185760532794,0.1518358105047505,0.5316689110772919,1.8249848060530625
119,K27M,180.78019613766298,0.04257067525331914,3.801573438880692,7.358868191026646,1.340942233013568,1.948929038180815,0.08897358267022802,6.874084757462047,0.659791157108843,2.1479340493279278,0.028440025554625298,1.9872781711428458,0.7855019635357209,0.14171844372507564,0.1829884743898289,2.3300487724743735
120,K27M,176.33035445618805,0.04359590636038641,3.525870850758464,7.617449358339835,0.6626972543352394,2.9958255609569253,0.01765916708076502,6.967483482368203,0.17038074282390636,2.083691321186194,0.4935018717763304,0.8400406537738868,2.0319738492393977,0.00011003547185495504,0.6907681858356562,0.5485546657157431
121,K27M,178.35753572788025,0.0442811773364165,3.1907511093997454,7.374964382076481,0.3031634510344465,3.490786711800864,0.04961454401909848,9.24860585258039,0.8242781829894105,1.4286736568252372,0.25509548536856547,0.33994139848252125,2.686502387393397,0.0641319230129968,0.19286285101175188,2.901756170259119
122,K27M,221.7127257004069,0.04744558263539315,2.9134115096928204,7.267645515971884,2.1520642750790735,5.7240365949632075,0.08048654162126412,9.674485797994336,0.7627277838203805,2.9068910711116276,0.2883488384291497,1.158078913042957,2.8555276336039244,0.08939741741410313,0.43105336910074044,1.7207494661803426
123,K27M,182.2645626292125,0.041479413221630936,5.835753757392486,7.718871337561091,1.2046096620211875,3.0847092434953054,0.062285587221005884,7.082608219335231,0.6132459488623463,4.352258133028841,0.5094529990751067,1.45165889773668,0.797007500438602,0.11728593501605587,0.3651566074455488,2.1402106704695183
124,K27M,216.52824528920152,0.04370000613125507,4.439757879410079,7.247244596785281,1.4962248029085936,5.110905916059923,0.08216878948481879,8.689584782640825,1.1684085006347225,3.180890060827111,0.7566082951607673,3.776315878547267,1.4121967012114707,0.167483746057366,0.3576519782255891,3.381648157456671
125,K27M,176.97605796592205,0.043854137189881806,4.023250298050412,7.166816472585139,0.6373351015664154,2.8404329667382533,0.03911471740763898,7.627089413804415,0.43092016717053117,4.622488866391319,0.1905211056571547,0.781191408331177,0.6287303871392316,0.037096077019772855,0.5953467324892655,1.4841777039123893
126,K27M,194.6243610315577,0.039287887224273225,6.872141737688705,7.857027896776833,1.3149053625152416,5.0462344620684725,0.06229177695550728,8.337024391499302,0.8102618942638683,2.8638753221388655,0.021964455573428077,1.4525760411837447,2.5380851163668927,0.12356350387432033,0.4636426332547529,3.212450893302376
127,K27M,256.34902079557355,0.04509015579727649,4.045623885734079,7.466621264286497,2.0016504599726064,1.9969287041540724,0.07114622928995004,2.452192524985184,1.2932441806208987,4.319874647735864,0.15814175235843775,1.926320332693602,3.898825216002211,0.07966320999715992,0.9030726593658075,0.5201950708089367
128,K27M,199.36525159013462,0.043084139730004564,4.062437580505821,7.22806413005818,1.2920607404341178,1.5388964848330327,0.04278508931634716,3.4789737611784317,0.28084129751346976,2.7824687715867693,0.5882687347887795,2.0218201853485587,3.392522316788214,0.07547829444523747,0.17082508586335476,0.4884391959626013
129,K27M,196.62360982005103,0.04117577219979262,5.5035597247711685,7.620234850488151,2.220692845010169,2.595467457659427,0.042182243440121926,8.327248810348873,0.5979228011897184,1.8102589157901225,0.5448084605575569,2.558010906431762,0.45709205859648144,0.10638495049429024,0.32988100950993093,2.8481951994238646
130,K27M,177.04744435679189,0.04382375968864854,4.8156031755422966,7.570138218165919,0.9237549792761096,2.8780975411092142,0.09714584391520704,8.211302521907502,0.5943337148334347,5.915605348741121,0.16198603557528912,1.157765895143903,0.4752042040585687,0.1721986744218068,0.486750839233263,1.9930182183552416
131,K27M,254.15287264381266,0.03913833746900263,4.815675709763427,5.6294827025288985,0.8602846067945586,2.8691662749842886,0.05349317850893666,9.380863157555414,0.48852780953088193,1.1150336826443588,0.6177996964081344,2.9012048140415665,1.0479607904673358,0.13838990377816734,0.963938041715342,3.1861735573838113
132,K27M,217.7178275106811,0.04253633134716228,3.317188492640311,6.970271006487021,0.46150683689748595,2.9318107938958993,0.03339245921655644,7.78985131208849,0.653559827951156,1.5083034893794725,0.25410069620227393,0.3346717738531688,0.5603257285041172,0.12945425971789834,0.5430473042194861,2.5994874545523152
133,K27M,210.8024431111412,0.04454898899233088,3.957933407642778,7.897161898517593,2.1043237416616396,4.989218190211637,0.07590926520189244,6.903181781927748,0.9212077389699197,1.2639134350565495,0.44838802596474164,3.4416693096949005,3.932704485811052,0.18251926104331956,0.5524855057618274,2.080998340071256
134,K27M,176.2394933810873,0.04376761653522094,3.960995847692459,6.27838114424325,0.8386224604911383,1.8938127439612182,0.02084612806084746,5.636973812071827,0.47016539876371305,4.8317941066862575,0.4642850092046409,1.1089403281935166,0.3306723675203212,0.0035586726153431125,0.2383499536117257,1.615576067037181
135,K27M,177.18151871591067,0.04445050729764877,3.1666086902311372,7.671691676273433,0.636324039109187,2.461992422650333,0.0964527663729068,7.618970521486403,0.7940315102676294,2.006911948805826,0.762626412796397,0.8531910334772459,0.0509576546080893,0.16315262267585764,0.1354835887454151,2.8145227745985855
136,K27M,185.25056781061966,0.04328827232523723,4.42015847525812,6.857097789017103,1.6242255461792787,3.448179863181888,0.06967186769447359,7.485921917326273,0.6038189822915099,2.9963348417696523,0.6990354481601934,1.5339654183246356,0.49595906420922165,0.1586776324725937,0.35553308377577364,2.0691315775368317
137,K27M,177.2953111108971,0.043546667541844906,4.285659656370025,7.7564137377560405,0.980539675454993,2.211312954936779,0.09472749252127474,6.2543933431458925,0.42706622440611164,4.140885575906734,0.7064269466465115,1.324163444129944,0.6089237224617053,0.15993704859425015,0.3321843726257657,1.4759735237261433
138,K27M,180.1905698274424,0.04432966305423415,3.972907394653855,7.857826590875246,0.6176372174317812,2.4824175474961683,0.05643549903256988,6.635137427166885,0.8303614548831244,4.870845212904181,0.18669852981249604,0.9359389198868963,1.7467443965888503,0.07752028245043403,0.05959042043553933,3.2769468693078694
139,K27M,178.81658937134233,0.04222552117899512,4.749680004124539,6.709449096676812,1.4622610169428263,2.1031296210390176,0.08916823110654706,4.268784941133435,0.5185330348728114,4.7505717066191195,0.1378123718733178,1.918878515174778,1.4984351052807212,0.16251035262146624,0.05099716370466509,1.8940650673748922
140,K27M,180.99782847625346,0.0421280242227134,5.5726922384420154,7.35141957769016,0.6290240427804263,2.2666581291947567,0.060991753349409907,6.147191984501177,0.33238753502323665,5.372800923536604,1.220388542666863,0.8140511725472311,1.217700448590882,0.1260677958876869,0.34252117174082325,1.1680890606460403
141,K27M,219.41160135547034,0.03791553197096607,6.13767723077222,7.170265073361994,0.3861086374075917,3.908432906727411,0.07761278564101247,8.07250517370925,0.8594070783415735,2.064340844602359,1.095017631784866,0.5412106622669386,0.5991890825601098,0.10756928531082077,0.9524503952672467,2.765503887121043
142,K27M,176.97230321541758,0.04389843300782419,4.259197398597297,7.71082286115021,0.5628077274159546,3.0784596784282803,0.06269152758267482,5.813224974747496,0.39524299203440466,4.764151895413014,0.20493581860178117,0.714752485804109,3.9419941326826624,0.08853337320515604,0.31901130136790384,1.3216186678396262
143,K27M,177.12967447398907,0.04430595273344032,4.140807843955489,7.997542293458157,1.1811922270261852,2.786813500568241,0.06919120710649798,7.069451926332443,0.4884323804685351,4.129373115279257,0.23726876909178007,1.6506811478868264,1.4091087118479484,0.10557888142826577,0.38560567360889364,1.7376874172309011
144,K27M,227.40475778623158,0.035973336601248226,7.070559678363656,6.333481567839923,0.5465334536448685,4.108075264665668,0.03825465578822202,6.6560211704299395,0.9602522763262953,1.3050741267570733,0.9294749987687088,0.9375039283159496,2.339782575290273,0.14500427770435276,0.26528064432894105,2.8735743533748606
145,K27M,199.0307160367671,0.04209565302290773,6.190674810223912,6.808829876645294,1.4376076905218989,3.766947219011719,0.02291086265721579,7.135075977285665,0.9676997437938576,5.897746503883766,1.2533719018958447,2.1331517474707624,0.5340463776540728,0.014717864625179334,0.14369761763670275,3.120578352419847
146,K27M,176.48462888747454,0.04357429713031486,3.9464869350850904,7.494385746605131,0.5931713990344832,2.470510375903752,0.02199695805289989,4.481325183111606,0.40515330038192254,3.721196371242984,0.7765409463186771,0.733532351437175,2.6837814142185086,0.005031806946906898,0.17112818252782924,1.3515934522950535
147,K27M,176.52620940823718,0.04399941204088503,3.542251772565805,7.637774694289713,0.7443949687096783,2.826652143780632,0.02557693782233453,8.417529285920516,0.9604835373451547,2.4221995684015267,0.4580211513528222,0.9452501161744264,0.207784672756683,0.01363248366255609,0.15419536307258971,3.250491287727516
148,K27M,236.49270553565034,0.036470066652494866,6.875146183626379,3.3173822979402035,2.3872255450987474,3.0162321069082334,0.06741367866800765,3.1739131613178824,0.3176933170690765,4.540079212714373,0.07001175396454795,1.1649795246247963,0.28200747999490416,0.14264901418712123,0.11811672303405335,0.7712943189282067
149,K27M,177.23742278564944,0.04337907849424697,4.332986609455765,7.116269713740601,0.8334148482842073,2.7756471776569334,0.08821556446856633,6.437585424712574,0.6205986546126837,4.6811439807973505,0.13482240384761923,1.1184983936225326,2.1225617876453926,0.15081503868660415,0.1528372926011855,2.2740019219658025
150,K27M,183.412573635951,0.041961135030448946,4.167495132823782,7.798805394928388,2.547712020122411,2.6262096865366487,0.058013725731120847,7.038005224353075,0.22899751737453763,1.327787744752374,0.08088415865740414,3.2167339802690105,0.3411466581552398,0.07654487986813333,0.6041945200290906,0.7236339946449405
151,K27M,215.86887210221667,0.04351418668611315,4.642083482307488,7.1479439918143965,1.7501447681991693,1.574121532336013,0.08457644403654423,9.695979776902137,0.6848534850971641,3.643031826099217,0.30833615985340757,2.2233507904693397,2.646220570287403,0.1376038581262787,0.25340131722670584,1.7589266653840143
152,K27M,181.45542805934875,0.04307239195957563,5.212207003946757,7.8394970038360885,0.3995377599058651,4.53733336644746,0.0984341478198161,7.9883846504524465,0.8999170897103459,4.917431611020092,0.521061078635812,0.35289512427405134,2.744602810495712,0.19000947428594442,0.24651489950587016,3.25592146058423
153,K27M,217.95829467304316,0.03946859554720808,5.171538598867214,6.7946130584106585,1.0643745837809229,3.016980318783056,0.032633616805924255,7.038093718220404,0.3113860352704214,0.9875538955103627,0.3211511212821161,3.5477148647781145,3.298766953757609,0.11305433335826337,0.6071239628536831,0.8282865047009613
154,K27M,217.69019610800711,0.04199697908972025,4.138434391060135,7.562367019231386,3.1100099846131464,2.8560206196368503,0.06201805411684082,8.996919231190537,1.1442132497077804,0.5412170233244629,0.12207902878016952,2.975299439966882,0.7725828124194027,0.13500456189046167,0.490373596715305,1.534694119538929
155,K27M,185.60456966438153,0.042239667395907204,6.237268164446767,7.526402177956053,0.7236057698722217,4.015268668260541,0.021015304932362266,6.248795973192319,0.7234271139251188,5.393941185971347,0.6735139586935623,0.7440456967495037,2.9429497311441297,0.01841625999462977,0.3297267866855462,2.1693791372487357
156,K27M,176.61986547930854,0.0435866467324442,4.001466457323733,6.355828887110867,0.41457075488568573,2.838230378255945,0.0239266803332311,6.236373641662241,0.4738059705454426,4.77667513557288,0.0020846614392037773,0.5116231622263068,2.269191169112396,0.012009731372824822,0.3183651367197027,1.6773421473652546
157,K27M,209.1311922843525,0.0443247515885959,3.414356079070083,6.7294673760282855,0.2514430268639707,5.3685192786667795,0.05187834452742705,8.026074626582444,0.6231258510831779,0.11227273309985186,0.014798752672275928,0.3226347770895268,3.354780086131889,0.12301362016000504,0.941365622951326,2.7149302863632503
158,K27M,224.03633065999227,0.04361323528119566,3.2889833923083893,7.135352427757095,2.0945042415810877,5.764103741138598,0.06849002775655055,6.318726999018913,1.115493922142246,0.12097238351566286,0.2988054748543023,2.35141437885577,3.5380940133679104,0.1734636207929481,0.704461176943472,1.660613500421167
159,K27M,212.96102711632437,0.03950103608688359,6.304144267501439,7.740730493906848,1.8643893262676579,5.036128428529384,0.0722327746999425,6.332149857526379,0.559572551407614,4.860257441972892,0.5056453083376227,3.1865190017089815,3.3567606299019093,0.14308110524130788,0.21440350869413255,1.8696508538677876
160,K27M,178.13670441747473,0.04356710397277072,3.8228314279351205,7.786077388904502,0.4222787722684299,3.596661565933414,0.03647836816745818,9.83375686715772,0.9099747284155908,2.395723266935362,0.25123669723030945,0.5045844891072752,0.31742155296516494,0.036999257491018435,0.5671321006245844,2.7510672410547965
161,K27M,177.17459235659172,0.04347180415761628,4.012392668718392,7.035576314058777,1.302463311898292,1.5908585772010462,0.08175920275321356,4.8990030535311675,0.3480341982087586,4.208714152561216,0.630882564121604,1.7596439070859764,0.23066038529885974,0.1250611174685179,0.22491080694714674,1.1841995376271925
162,K27M,177.1399708083902,0.043582190633570696,2.9272363230857064,7.591362784057498,0.8807454618377022,2.402781054677784,0.08179500973159409,7.076472060723429,0.8014972671764561,0.4758340785546019,0.7441528863245082,1.1964211340437108,0.12248151040397735,0.13090650961121525,0.1070049797745887,2.770013832126333
163,K27M,177.98136827815148,0.04293802582596465,4.5394372927754665,7.663762809851799,1.6113169682111232,2.500027888405196,0.06907768418428267,5.703718130958116,0.3113854123212377,3.7449567478875054,2.89811250996962e-5,2.2255768397513602,2.208568071650465,0.10701450477980945,0.3613221676845059,1.1576912024610593
164,K27M,177.57731505921106,0.044151415615653535,4.375513535823133,7.95964908880886,1.3174061637134171,2.085185104887584,0.09112706475434654,6.583167034579924,0.4342357366605273,4.777815373060068,0.5225079848635619,1.7915066805536206,0.05303249669906743,0.15644897320195938,0.3456735263158583,1.66749075716976
165,K27M,223.84750239756715,0.04287738702834024,6.202218222165706,6.960724519447028,1.2809357986340704,2.429057463078248,0.09550685312363276,4.6726944086408135,0.7764586975421836,4.238543137309891,1.001834395357827,1.6316372560714099,1.6436754853153284,0.18528853976150483,0.640335950227082,1.5752094410047937
166,K27M,178.2954498855168,0.04348805260297929,3.700519448469518,7.7327978711938785,1.4834546253226228,1.5460593091375043,0.053811643323454575,3.534908718510857,0.30164426933604704,3.2279436080475077,0.7471882893080948,2.0648006005448654,0.8841359747795106,0.06873467617552971,0.14136853380144568,1.16278385408505
167,K27M,178.16662467385294,0.044844725305937486,3.775422533384856,7.088147805844214,1.050270374376589,2.6097809918229187,0.06318194485613898,6.709313676574858,0.788145743191465,5.207504951427457,0.1145088606270019,1.1937387263155455,1.006487282608767,0.08715449154620517,0.03201046435952762,2.7740364405367903
168,K27M,212.40488125812277,0.03925677975109833,6.314794378533442,7.218798305392614,3.0477343160137575,3.0697671009823715,0.09038464836940241,9.81231442068725,0.6117824363340469,2.5771715641621435,0.7310996698471907,3.4179195819786097,1.5965561482229855,0.15492740520100134,0.19477134313477273,1.9982429163016278
169,K27M,177.03114955299048,0.04414644015344549,3.1946609131221955,7.064166086919357,0.6213452387779824,2.9120362259637638,0.0734313570029205,6.510828089627013,0.7598133959877614,2.1344585463708485,0.1962561308000107,0.803520683645618,2.6600898916701814,0.11930000343902003,0.023205500650758736,2.709752398909689
170,K27M,176.84770702152406,0.04412012814307731,4.08252014804675,7.993623271097268,0.45905747879937736,3.546955775647879,0.03619543022890569,7.6142804630981775,0.19896289416709004,3.9842170088524083,0.053653138085324376,0.6220604544071506,3.211625056086523,0.0343836207864601,0.7895698465958215,0.6687272736241622
171,K27M,177.73009391069178,0.044150933223908374,4.474139055322088,7.899341592594919,1.3249504382157562,2.8235329868761054,0.05997544534767569,8.247476505326574,0.19388599967821618,5.325830968625095,0.1848872920929545,1.5573970442615073,0.22213724719419684,0.08170392901198748,0.8590036236899172,0.5782932553465379
172,K27M,233.98490587273113,0.04573192189321576,3.8780327665960805,6.254659330589347,1.7480344525133802,5.362393081643647,0.022302065644182266,6.701861139542668,0.8806172327873447,4.402332074044661,1.1908603489245078,2.052004438099024,3.6407026202914388,0.08308942652494378,0.003928542914175437,1.9981093356425692
173,K27M,205.83800411473922,0.042516855710053,4.481617835813959,7.39627411465882,2.540525214418047,4.664401094516547,0.06366251460707356,7.8595207418172786,0.49639959330335914,2.8372458641219787,1.2399126144271397,3.0834414006594324,0.9891303297841992,0.08500744591618407,0.324584354339691,1.9660083711136505
174,K27M,177.69206284780063,0.04373840104636551,4.651500466494109,7.757933766798587,0.8938199029820929,2.6053900589659196,0.07607036554352481,7.814259836565362,0.4394561911779993,4.4256493054790695,0.8059659793051742,1.1150249373372059,0.48187958435067413,0.1304221886794143,0.5361037241888065,1.5497486608529212
175,K27M,177.72783841618525,0.04343724833797501,4.863131721691423,7.746724333657143,1.1958408696526956,2.611928746754448,0.07179777230948228,8.218035509525047,0.0944249638981493,4.696702039343369,0.3809460158272813,1.6264175778780687,0.318732002222022,0.13019184820136614,0.8989805849407659,0.28888860597323596
176,K27M,177.41121602684348,0.04463473608674608,3.3878910588683615,7.657335771084586,0.40246252157195195,2.5470555383895452,0.048586454289651665,7.32856527971937,0.8654193217882448,2.570185278805759,1.0738921654026143,0.5205624137168022,0.38059360828975314,0.060116377004843624,0.07212238607513413,3.2035401300556976
177,K27M,177.56061838206554,0.044207590478605424,4.926312749424036,7.721083488835558,1.808301679535168,2.311169761035221,0.05551423476253573,7.154722099507644,0.5637212271509199,5.983825993542659,0.12138084322943749,2.3089997284590447,0.35436740852018,0.08353014525427216,0.24249020278380357,2.0605718737392427
178,K27M,225.26253099483327,0.04230865427477617,6.3021180987589265,6.122148741762105,2.439789906497172,4.251090727037859,0.07805513979649371,4.721598471415074,0.1393759006919198,5.815950701638628,0.5373874728404673,3.4058359226767894,0.4904102793784446,0.12511741709424,0.943754557932052,0.4009617463449042
179,K27M,223.46167782095876,0.03822770768780518,6.224361813578595,7.03508602401556,3.930196089831332,4.527789847629072,0.04708914770739587,9.516637012081066,0.3098157609899288,2.4579280130466135,0.3809389759113745,3.140744686685581,3.14972021535769,0.08005069647690136,0.45991263401936383,1.1488210753881631
180,K27M,177.67643233500257,0.043534038705223016,4.590610219111395,6.754367449130762,0.2498861806255238,3.166931375119111,0.056233348182348465,9.263209313788346,0.8070689031187454,5.267692844073771,0.20614059631830184,0.3070021770777101,0.5000316347715797,0.07803946197129857,0.34380313576922616,2.934316838795831
181,K27M,177.3706446631409,0.04411608929171998,2.7596313535814057,7.748168246374005,0.6081576397707034,3.309589315501423,0.08385816670494711,8.517086497733954,0.5831774864898756,0.07362850287955476,0.3915231860577339,0.7149094579923813,0.8008077940597446,0.14935181476655537,0.5124302467271161,2.126022229977891
182,K27M,201.6267560427358,0.043707782549100856,5.335591862058217,7.917843783032943,2.772868840024259,3.5145115668904205,0.03740148489826529,5.653467531853618,0.4693517007616262,5.8411758137091745,0.6228520760970877,3.0955123953535697,3.527278103820182,0.06860672568745253,0.025401094989655773,1.2382299258538065
183,K27M,178.48034927392646,0.043859267950700324,3.714490344770129,7.940045899837017,1.2095455163403661,3.4434348071922307,0.05264443144153084,9.412861634225628,0.8604749343042457,2.199121653772007,0.031932137650610426,1.4027442634298415,0.0524948559719736,0.083645108681948,0.4622685915798368,2.6205180928412664
184,K27M,185.67539503483482,0.04505406365893227,3.7609139220466963,7.251810912454892,1.2831574790813494,1.9378841378289435,0.09760051651516641,3.2965145056171714,0.24325359625919443,4.236687630676498,0.04308900253879217,3.099807098082238,3.461620321245497,0.19869103406384753,0.12133677504250914,0.8903963241117836
185,K27M,177.53097333253567,0.04414270252801802,3.224864732918718,7.724534670386272,2.0270497777706638,2.2891293089496894,0.09365693144338666,5.798974804739129,0.2613512092985658,1.2106207739746224,0.099131621672752,2.4612616736178308,0.5300012058792232,0.17582180613675558,0.5133008107831641,0.8711164188939221
186,K27M,192.2438768570647,0.038680037443152716,7.073529106656634,7.575443878582196,1.6520572538655245,2.6600226283640893,0.06012716561020311,6.743533316669684,0.16554085462841442,5.7539512311828975,0.08235049114170823,2.5200122463801247,0.38248456410014,0.09741228087040582,0.9351471670473946,0.4272872111574313
187,K27M,177.45600066740133,0.04398179901388513,4.434841127737335,7.379185871102145,0.6121227346448724,3.002815104597706,0.05159629408070815,7.076693221156119,0.8648746263769188,5.230008002399152,0.26229188551293814,0.7632705310821866,1.5351974855569008,0.06554652622368143,0.11480729058302588,3.1428681544196984
188,K27M,186.04444463292407,0.04171608022147244,6.435630492481231,7.613125088746683,2.896263961538135,2.5477268160870055,0.05747953146870216,5.793349541555026,0.7816663246562022,5.126324765159223,0.04694782017882621,3.6762513439568463,0.6472982773571151,0.11484478948094848,0.0575754849391968,2.943535757607918
189,K27M,198.17553833112038,0.040384081589559535,6.875835789351159,7.8132464698994575,1.5004846727335583,5.205691667109134,0.05032062372259998,8.969004967999721,1.2274663480154844,4.96525892663084,0.2144913289512506,1.6069808145022229,0.7913035964194542,0.12272650081455716,0.38252851836580826,3.6895363899711735
190,K27M,196.6582512348389,0.04026743829576644,4.278676548488329,7.4192086166466735,0.997195525390013,1.8558158337530744,0.07055811112068418,6.023065058826995,0.8041449515039889,0.5818442424476835,0.6405478583552707,1.8036084982054021,2.958856180920382,0.12604585893452225,0.03876917317855132,2.0931038688047785
191,K27M,241.71548110539166,0.03923534430122552,3.9811843760057584,4.604885883001817,3.504693844361819,2.1208155465179397,0.03201914707546927,8.518157780720848,0.4385810580007603,2.066817209955726,0.7699113220619073,1.9083893439987554,0.209019880457051,0.062300229047619955,0.0755998889020375,1.0706757045384792
192,K27M,177.88537711751587,0.04332436129648199,5.115790311793539,7.938663227850324,2.1844445517715587,2.1030104396681253,0.07680287243573904,5.731722906586957,0.6901845106514467,5.147833752993963,0.17321699571167298,3.105630654286089,0.5263450943107073,0.1282445280448437,0.009416046218943173,2.5518766723367157
193,K27M,201.58928774590044,0.043176492979527005,4.315936086143031,6.452335594335376,2.210772057719709,3.072466831794869,0.05668979836241296,9.588646943643047,0.39089788581689994,2.3578379549299116,0.8372037261638061,3.1102876049397468,0.2710693045391843,0.12233306718687302,0.3998200715659297,1.7672699373110903
194,K27M,227.1792649604127,0.039363721727404495,5.542343304577807,6.018596914062595,0.6436249323725045,5.839278856632061,0.056581595693440234,8.470917335168133,0.7898884401352315,3.450496564613521,0.08642919962326456,1.587774368443669,1.8414992680671611,0.16668131824379023,0.4823708260110189,2.1829411041024454
195,K27M,224.2458975375426,0.045634694773729154,2.01271700937337,4.806578379077991,3.3672403506005844,2.182763321954414,0.03624903860393673,7.161888620291281,0.4229278520719775,0.3006530694043761,0.08533915396720937,2.669175617217232,1.7133085405321402,0.07706744317756165,0.11637393919590328,1.2583642742926082
196,K27M,184.2953679340089,0.04342767984766181,5.4606661051732175,7.150870542121526,2.80557767644532,2.2362223073769907,0.06475186976553035,3.900603251901286,0.2095215293016648,5.562464212842343,0.02638210547940459,3.205769735240104,1.7204615058911037,0.1455576442335656,0.23412699573693388,0.9192669118709019
197,K27M,222.69524317647011,0.04263735408981658,5.078477646319912,7.566545292566833,0.4691026336834483,2.238305303590325,0.06757581041414773,4.546975750186318,0.45736494480748646,4.562809451429781,0.2042268834305928,0.6864120510371716,2.5146704107034497,0.1523254678131707,0.17670918322220286,3.8465732487826836
198,K27M,194.52128696763248,0.04010853890096333,6.582975590515432,6.200585168826415,1.6949526821709762,3.338673101164382,0.06502436732947678,3.5419421756234666,0.278586605258955,5.080443303159299,0.26551670717161124,2.0189676683487825,3.1289664016564513,0.1677718742523803,0.22993154102171406,0.9800629416811654
199,K27M,220.031263139604,0.0442821924631636,3.4690476839922235,6.000543797604297,1.9518565915956163,5.710549323601534,0.05829411616421523,8.1884179887536,0.6381909106631728,2.023969840778217,0.6911342075678671,3.897884802025372,0.012126920144226894,0.1581136923911116,0.41268390845381164,2.0405337491839646
200,K27M,177.582643067348,0.04352828267813883,4.874892295850194,7.653680721609447,0.44371661782134814,3.5527079730924345,0.09444526580462023,8.047829875924338,0.1900652014875531,4.851551433780995,0.42448763120522476,0.53192193276603,2.610638193965638,0.17627157592418408,0.8146152029551249,0.6245595574480215
