run,condition,CF,a<sub>HSC1</sub>,p<sub>HSC1→MPP</sub>,a<sub>HSC2</sub>,p<sub>HSC2→MPP</sub>,p<sub>MPP→CMP</sub>,p<sub>CMP→GMP</sub>,p<sub>CMP→MEP</sub>,p<sub>MPP→MLP</sub>,p<sub>MEP→EP+</sub>,p<sub>EP+→EP-</sub>,p<sub>MPP→EP+</sub>,k<sub>MPP</sub>,d<sub>CMP</sub>,p<sub>GMP→M</sub>,d<sub>MEP</sub>,p<sub>MLP→M</sub>,d<sub>EP+</sub>,p<sub>EP-→M</sub>,r<sub>HSC1→HSC2</sub>,r<sub>HSC2→HSC1</sub>
1,WT,359.1752443615203,0.004562283935181084,0.37782383048572177,0.008029321687071418,0.4743205824395479,1.1046106245435556,0.6681664655950097,2.5339605738779767,0.09331650442502683,8.846608148205759,1.9888176864721656,0.2714383918966742,1.0596978975040041,1.3216041025957663,0.012247824152475387,2.0644373042746427,0.04416837810705386,0.6229348023566729,0.14144022443375365,0.027259886111915852,0.00043631857889074604
2,WT,339.65619014917786,0.0020037491493500354,0.16326995272636943,0.011655616957084445,0.45490492303071656,5.102296741778273,2.1690313406706663,2.854349920224353,0.08775109706464358,5.406938122538314,2.5457061580704465,0.18919889795274203,5.157291538112556,0.5337474713827093,2.3212841673018003,2.13969503754519,0.05670300577360926,0.008395949670603664,1.4719039268001854,0.014763669919438574,0.0011974985270699738
3,WT,426.0084890355709,0.00017772125809709756,0.14537044132424526,0.020168410654970742,0.43202594513564596,3.1908315133079057,2.2407397211706153,3.928596330622203,0.02867268011227858,7.382097261086494,1.5553428871142734,0.0026858267949023684,2.3993915483864297,1.4195670728204,2.446112089218003,0.822345194235746,0.030048229817018532,1.3260766682742924,0.1441518423927265,0.004610212194625123,0.0029601577351175933
4,WT,325.927856149783,0.003817188664039714,0.13914325833293917,0.01557652779906384,0.16558726565414006,4.747830930033518,2.021801382165869,3.357430980101508,0.048211046479734024,8.252011828145594,0.8212263351982739,0.2642464398164307,4.951466126599631,0.7066300468715211,1.5215429502964914,1.901614615531462,0.01964945186697143,0.26748802061693844,0.6815271231459922,0.009983196050417267,0.0034769699116060124
5,WT,385.38992582835095,0.0013160614209769832,0.11623199431887601,0.02214596355761134,0.24362332001283382,0.23529718339200092,0.7049178365243282,3.7993443085487812,0.17336088982752,1.2046353734131168,0.34365359594653655,0.8765837289244115,1.1154792137105636,0.47665195443431213,2.320270864845236,0.8118824186976074,0.09644275889778518,0.0023755239607293472,0.8889859615501087,0.0012623745210864948,0.002923965731498271
6,WT,378.23005722245523,0.0025282884497645785,0.48651501263562147,0.012166396035433045,0.13436111732777023,3.8839644745417976,3.0156490414420967,4.0732225680062175,0.01673270556178861,7.3821491008790945,1.9418912118931357,2.0483338318919087,5.589257785934707,0.40890735763763497,1.632413183276766,0.6515379735881062,0.0042630384659694265,0.635004534721019,0.4551267715204814,0.005078782226290794,0.007809037892528147
7,WT,361.0483886394427,0.007961960469825228,0.3032016520532147,0.010688509812661402,0.38815441882385204,4.583376685408581,2.0505263494319665,2.0779758306278966,0.059354755610286726,2.6424116926797114,1.3641057343840548,0.9123650989828299,5.340244304364651,1.4446487687328808,1.0325763819723197,3.0405801186226507,0.05219945451381848,0.1908479039042188,1.0198128996338176,0.005826594146710147,0.006488884426519862
8,WT,296.20106657582147,0.008733292201130193,0.4269353146897471,0.022084539942809893,0.29306585244322997,3.940069702483064,0.9054722077054314,2.0869259864654954,0.05699783538192037,2.5180552212828338,2.349837015770891,2.0479053073806512,5.588072856758906,0.397353007638334,0.030513218392991547,0.15506533808238393,0.004808682695560345,1.3096332719406547,0.5292322827849805,0.0007815608054210534,0.001682096079470215
9,WT,387.9974352163703,0.0013600049596885562,0.46482854884733726,0.017762298948471738,0.2584280576634529,2.5456560759497235,2.578131513245943,4.618183445793653,0.03854534653398434,7.939389962883107,1.1715770613218301,2.023475232392892,4.38503454988785,1.5679112907667572,2.572796199612554,2.342634006045203,0.018145484218431263,1.911227903416233,1.5548745795327839,0.008567003474969363,0.0011323433029104372
10,WT,360.76840507666475,0.004115455117481889,0.3306025383746819,0.008283180645362619,0.37032095355964045,3.2148986295567124,2.233618979027394,3.9860887811956864,0.10415652788950963,4.070062019270786,2.4252668097963115,2.1044030040450243,4.99435106361202,1.7680896674725268,0.9095210378038621,2.7362105698135526,0.04054531680372336,0.42749001769970274,0.8539603828050368,0.02672281460065439,0.004161190286210008
11,WT,383.5783023598684,0.006586700222157339,0.002247022694923495,0.013425766142145239,0.3640911286672613,5.159968091041664,0.4649496877959094,0.18317263455151078,0.06823524312469671,7.731937239304129,0.24069089384996278,0.7457127106972836,5.7569698271851655,1.4475628537536904,2.080014843581864,2.184037516341006,0.029643448938919945,1.1406183137237376,1.10804825393644,0.007029033695719049,0.0017973222619675877
12,WT,418.8945369732953,0.004215999169187522,0.43665794765015997,0.008739705522561642,0.2939004206890431,3.492171749281598,3.0912027451427275,4.399508153864396,0.16067838539986307,4.285836075607623,2.5015970027945267,2.694411874915148,5.671441900195796,0.1800678593138001,1.8133876906855464,3.7478786977016108,0.03396575696338923,1.6651479854319118,1.1802466031977672,0.012265660820980306,0.00584343137539813
13,WT,280.9523720944539,0.004820537771311089,0.31586504363115986,0.011206457941061593,0.4980453736424475,5.274233852378972,1.5040189593387148,4.98955051913255,0.17332002381835632,5.359785127787719,1.2865407112421288,0.3351679820713483,5.44547189518197,0.6278069384437399,0.07925673326986947,0.3862518585000705,0.0869142843321593,0.14258588872745204,0.8414454301254249,0.01608282904920453,0.0020728726460461848
14,WT,395.61151792415757,0.0038172029018104948,0.24159676652522624,0.013389235340191432,0.008102347464247359,2.4565608839965303,0.6431535880350592,0.3048031283961852,0.1461635747703558,8.269428369209352,0.6621283236963844,0.2851738724282871,2.833117867549572,1.7131354951951456,2.4654375815200846,3.86648718950004,0.07447182318480751,0.8654064989319218,0.2916379629360523,0.013548098641593277,0.0029220893590885494
15,WT,376.09029369131,0.008119644614875481,0.32849654565257685,0.010352621254420265,0.1910192416353675,3.793588995807876,0.2868531191167305,2.1404163171970483,0.022314747351089487,2.2444933952473445,2.4521508124099958,2.0615416503576807,5.5168502655103655,0.3882357360428822,0.07472641887736106,0.7913343168263838,0.05792692398459424,0.1124310436231647,1.9778814252444885,0.04395023111517519,0.0013592594948523794
16,WT,421.42005121036516,0.0003116481947937431,0.12210855249442987,0.004034062130183555,0.32945554435468116,2.1215939942675917,1.8931342750842912,1.3930811210499972,0.07976616121117747,5.801006454219397,1.2795436347421523,2.605199118339619,4.130472857473393,1.239181075356671,2.703368615217965,2.8643494094411173,0.046334564058944795,1.7378183119843524,0.26472420239117156,0.04555987261425654,0.003660377927216376
17,WT,401.99087314103224,0.005421338699337444,0.21746150784694293,0.00921843882456974,0.19180037965310545,3.179556907232903,3.892341505783978,3.612508241104854,0.029330444123886967,2.573710157815108,2.5969606106716014,0.3241375205939565,3.368261079974216,1.068986836364674,0.3848539033451597,0.754334717614392,0.005893775459947244,0.45890805749133645,1.0771196559404528,0.0012915175608994361,0.011989936923106095
18,WT,429.56084722984815,0.0021343403696947533,0.18566079348606068,0.010766655979204894,0.10312086256429281,0.6071887402569982,2.2441514053863134,3.3939258094968876,0.1083312294363869,8.491852240467761,1.5850670578606756,1.4580120041061022,2.1113189852634227,0.04002078143902299,2.668623132640129,0.369448736428752,0.03581038603391937,0.904202275887678,0.6294168788630596,0.006705604839796882,0.008131212396788
19,WT,344.7719581395479,0.0035169096207330287,0.1715336258000493,0.020682287560081808,0.479464034442355,2.58011183459033,3.6175484270467706,3.0148577542378234,0.057662329329266584,1.8022970696425387,0.6943454956886289,2.879838203122139,5.105849008386819,1.9601771741405603,2.788453108064171,0.6009717787399128,0.013203321571406704,0.6347661073139063,0.833924542438145,0.006712985229229348,0.0006469816371663758
20,WT,308.7369000546804,0.0008162667327268776,0.32225582937396074,0.019264998038886868,0.47768690039227185,3.564918981585847,1.8456230758584962,3.5702169310770784,0.05277783587037729,2.0289001241859967,0.9775208764178307,0.2226191150174961,3.479758307624936,0.0020288257039587677,0.12445411471358711,0.09121649072620795,0.03137937081666721,0.021430060336891134,1.7365727622766929,0.0023027553333478303,0.005076179185876227
21,WT,343.6559169357305,0.00045207470298551,0.12742782136234118,0.014724612146138709,0.25095852416177133,0.7736997042735164,2.321667692651943,2.617143006635042,0.13399822281305035,1.074475595913538,1.0395692048881187,0.9844837547584948,1.7356069828778735,0.6990492040863753,0.0058230145775016685,2.942835182994209,0.08198168654226004,0.28069007936477863,0.2763326464582538,0.011122115810674394,0.004210830915571689
22,WT,305.77068225725566,0.0027090615987787497,0.347680350693589,0.011626336631799903,0.3379940438459893,2.507091598956008,2.6531884078077064,2.153270549017053,0.13981799585956275,0.927441653849929,1.349424106313709,3.5618744092085732,5.936855099465826,0.03676727764787074,0.3216152363270532,0.5685097262550167,0.056848033673890595,0.01644346749534733,0.9109271443156459,0.01723069096852313,0.0023069025818076012
23,WT,292.9066950239027,0.0009879967254760274,0.43622824845774255,0.015976464121503667,0.3564256439661286,4.8907311532156195,1.1674339707841788,2.9371434906397105,0.16598499153285257,8.281416658332317,2.6143255591246928,0.20754727990539512,5.006974455132996,0.6229531407989682,0.09069913261569114,0.7726049389702919,0.09574045441891009,0.12648925108470085,1.4877672501228654,0.008644660345506488,0.00420836553199553
24,WT,366.9884509153515,3.121818932113392e-5,0.1954562747751626,0.016180092824765572,0.31018422119790334,1.2958401446272387,1.725765674518713,3.7413837612598164,0.18100575793941176,7.192664169177036,1.0337726096490631,2.381511980416498,3.5988156158242623,0.2206443329103261,0.7584839277158282,0.3155932252259048,0.07053493217093788,0.09201591016403358,1.4449483829073906,0.015860199243237373,0.0018202391831774766
25,WT,322.99520801817147,0.005293357127541432,0.4796443515313574,0.006178872547881161,0.16587781208059962,3.5331547969386774,0.29476451045437924,2.624025068588732,0.022981276032368315,7.473817506268871,2.4951570847361606,2.034109022993862,5.403622217178163,0.5830247606217883,0.2142088637572693,1.8671345400593293,0.00957692885819982,0.528873396569636,1.1459455557690352,0.024928622968989476,0.002068122348820956
26,WT,254.72447727882306,0.002061565954758933,0.3498291662887968,0.020603759498758176,0.3749284623815621,3.4015941626455732,1.0189913273017062,0.4498240136688565,0.1835236081199275,0.7289228789648576,0.42292170375973426,1.5241160558193947,4.780994423167637,0.11605369130092912,0.15490480742194623,0.6073263512988952,0.06919661761037744,0.33410470099817147,0.30180127981127725,0.002717160741545646,0.0024208442874768055
27,WT,259.4944944584169,0.0009636481259305623,0.35030061851071764,0.02279808300326722,0.40109456590035925,5.280635744300008,1.507566351429199,1.11798368390402,0.11138443389986927,1.1477132698175585,0.5342939682286909,0.8513679499519796,5.85137102223197,0.2147067589999898,0.21538208808752465,1.5497912596811465,0.03816972287646982,0.21954535946070428,0.31452709646670324,0.00022511873539381774,0.005669905092067579
28,WT,398.0487381765003,0.0012196739409138894,0.3392668393553345,0.010381177452403315,0.25961776768581724,1.675987563462736,1.0959421221696823,0.6006719053959828,0.1741602431921251,3.93089140597837,1.116380984543258,1.1855594207262188,2.7826955854247375,0.4486956954689738,0.15217786643976816,3.1257315724597086,0.06802431955050398,0.39121107958269014,0.9057968985062749,0.001208516236770612,0.016641910957420424
29,WT,435.3056575402694,0.011097414918877417,0.3832950730911188,0.005734965970668408,0.39975406621704745,0.11984853469191781,3.491524939422969,4.186325112268558,0.01806310891303413,6.26882394789121,2.071888044668843,1.8356977709849511,1.6546013692282988,1.031231680911132,1.1485160498205507,1.5143360107356139,0.03688336142498409,0.21328039907139462,1.0048995609075644,0.030456773125667524,0.0004967206426199604
30,WT,252.65909395847729,0.002087057690755841,0.4649035857407111,0.018610516729000475,0.22849672510714092,4.566767606799913,0.33908585527460605,1.2529079598040027,0.11038421755847086,0.9539359354014342,0.5737392431437673,1.452700264277748,5.823195574328042,0.09791703520862448,0.047253321240786524,2.9168976055271347,0.0356666316790049,0.17434037883210263,0.38621694442141713,0.004602159110989951,0.003373765765642744
31,WT,417.7004824401928,0.003844413092153125,0.09552057022364682,0.021265006882387465,0.27111610085107385,4.295808747474696,3.5064866126666274,4.731359659390999,0.07761307439214783,6.882107992932252,0.009853104972621374,1.816646341535983,5.803757655609535,0.5441963169860342,2.632876983379528,2.749311877519299,0.0964369736448296,0.8716297559137525,1.6797794831049577,0.004978979172459798,0.005678454862961221
32,WT,330.8666104150144,0.008163274791890817,0.48502220679257396,0.011293657840276031,0.37168706074261704,5.293336749555542,0.20229755760957993,4.046859294049399,0.07497488492532164,2.7728075759484163,1.7325532745076213,0.7241992243523774,5.73222915798574,0.8254411843220774,1.9967014904207898,2.8182798834512717,0.031403352397193766,1.3270834938222889,0.8900080595089628,0.017158229117684533,0.0018246114314862023
33,WT,408.54074310436744,0.011835251812091644,0.00034203974734769993,0.01562598336402847,0.3460325922484393,1.9551083608605668,1.6338336446692552,3.1765250648012913,0.07521203512909076,7.471018012545375,0.5591246658957996,3.1209859481608513,4.924111643912567,0.23214152575683755,0.5759790530716737,0.5331098019649576,0.09130061421153715,0.15829782243585444,1.1007551850514856,0.009643354138469045,0.0004769779855415511
34,WT,312.700047574873,0.0016774608257543856,0.4488636094607049,0.011921911049451873,0.40196769590400366,4.5235846166515445,0.5180487289434941,0.5331502775826803,0.028558862332483552,3.7827841763588665,0.7933350966812439,1.2782992730292,5.443827129987509,0.7275582475149711,2.2596127692833146,1.1033025808076276,0.01363340560635853,0.1253212441106094,0.7060379797171186,0.01745938446608105,0.004632507544918805
35,WT,409.4234835490835,0.005437157651644721,0.05819058515200015,0.005799404970546063,0.2940378490166079,1.606947316917445,1.748301418567027,2.62287522718185,0.1450995899788603,1.783677766502818,1.2773265284872828,0.30698565815463574,1.7766558883180825,0.021393152602233734,1.8859101977195796,0.2964719352702909,0.01958913417924528,1.6669531576762004,0.1543214997044431,0.01169935298299786,0.00641565427622507
36,WT,257.79548765527386,0.0013658702062899824,0.48675816254019366,0.012466972243664136,0.39045057728690735,4.314732672676505,1.1742406477692806,0.6426252834694866,0.12409580541807401,1.8028245549662925,0.9546138623257058,1.999029811851311,5.983284834104281,0.08781088368073922,0.22241836581027297,0.060357940157631185,0.045036855118443894,0.2938290471697963,0.7101291172189901,0.018161502581353062,0.0044233095545080595
37,WT,442.97186295204364,0.009453096570569221,0.2413279812369311,0.011579554733420573,0.4226897564835448,0.13452847384707134,3.7504487728558704,0.8798522636707773,0.03945494836205149,0.9399989435247402,1.6171051413505244,3.5686781485270966,2.638751734261611,1.9795453426530534,1.122595408932171,2.667552638002465,0.038130001004962166,0.2478307720040327,0.258280223290285,0.027165912395918063,0.0009866600123106066
38,WT,390.07101752749406,0.006714641191361193,0.35890198562968156,0.0005925894579000119,0.1907487335667145,0.8500156335712847,0.7851834439743999,1.8486278506857934,0.11351431872014169,8.441291539347517,1.1850141216127388,1.043650676221965,1.8081143074190922,1.654832489998046,0.41454735098675966,1.890185365623193,0.07885192997966799,0.39396222886361887,0.38226929879663096,0.02929512814034626,0.0026565875363950163
39,WT,354.68385059901027,0.010464568681286899,0.22367048204417245,0.00970821617017713,0.21747183111403096,3.6787290026288018,1.2313801563556017,0.3597334109655135,0.10513148608170003,8.87701365734115,1.3789108234059841,1.0251320030273858,4.6081746297419395,0.3993601302200894,0.16759907874192415,3.8866642165110807,0.05012701240767878,1.7722659034565216,0.5924271817550395,0.018622480163339027,0.0032429622368527885
40,WT,341.5657981127093,0.0014995645214693867,0.34219379643635595,0.011178204568739287,0.4024371030520926,3.706656636363705,1.4832753344007301,2.711424216596055,0.08011560546610572,4.930688552426306,2.121371997247433,0.6607291954735676,4.195787673064584,0.490779850953336,1.7636993610179466,1.5579800557868004,0.06878318028709773,0.3430657844014447,1.2054098301988276,0.01627010176025365,0.004929875654177238
41,WT,385.25229206624226,0.010228641246889138,0.3936075101441372,0.010362250763135118,0.19248750732394498,5.907392503160866,0.8118745950282502,1.3111785118521366,0.18461920034717955,1.4412620970363639,0.8856959548714154,0.11398300840286435,5.660186199867181,0.8505126057234316,0.2506521864959703,0.5657226225950119,0.0371079982832115,1.1861567229277157,1.9704878560267272,0.0056341658466745395,0.001283645557925631
42,WT,346.91492152613495,0.0005626067457885591,0.4766922130272275,0.013931129829039799,0.44428679248859376,3.222899476990676,1.491599909645726,4.491728509681656,0.07457607994987556,9.687845803093643,2.3086788196844257,2.835438123807047,5.762586024627469,1.9200489657817146,0.8304199902312726,0.43971198501880526,0.032191823240903916,0.4587766400809724,0.9612131838227874,0.015197964139975003,0.0029538459032395943
43,WT,325.1895083763185,0.0015292439103422035,0.4667340917143074,0.015872199444188165,0.4949039606803937,3.1990049831089236,1.3339011743949962,3.7152497462443757,0.10818106015007584,3.0589637573032853,1.8924551448961084,2.8364121959080575,5.825222555560162,0.12017016205014214,2.258536786031569,0.8773069182814569,0.056268453055537605,1.964383552147252,0.7516403678618544,0.006623659374839494,0.0037704183335313776
44,WT,363.2970339111235,0.00022172827873148215,0.2507479367758228,0.012710003084282401,0.38406865811084984,2.1907663273589604,3.15421167492155,3.4671647967609553,0.1611001981886759,0.9249582343236269,1.7244352249363195,1.7163898943458942,3.8180541558250596,1.0066318819922486,1.0265188380210815,2.6976341873181306,0.05524199713038075,0.10117342293007475,0.7584619783815143,0.006532787751960189,0.009316333497891169
45,WT,267.8266713617924,0.0005445837374693314,0.3846719087665219,0.009097831349582563,0.4037789116628209,3.858921181547616,0.6345953515065961,0.6409516541038293,0.17014016862799586,2.6299589899439484,1.1293746270411722,1.3213584683381965,4.93093068835858,0.04507878201713042,0.19000462667544749,0.11374917605019627,0.05509327256312218,0.062266647090896576,0.6061523689680495,0.01612053490541308,0.005348434745760839
46,WT,374.98041937983476,0.003247257006366775,0.34645627264569623,0.005736578404959332,0.21054078223052886,1.1357164354978853,1.690212119850294,2.7658774224755707,0.17132176081068104,6.1910461769055285,2.963983719580299,2.2440401936296874,3.3527876121742732,1.706825881341123,0.0454694297250855,0.7929247732438833,0.04615152134313685,0.031102057026145324,0.9297044712890079,0.012760151319940917,0.003302585676877832
47,WT,340.32642556606163,0.0005926256435840487,0.44965908365578133,0.003982816657841344,0.31454468268817154,2.449483916792837,1.1114664220176698,0.5137523461166,0.08773612945308872,9.719540094383555,1.4649744466244263,1.0375816123214745,3.3503989387547954,0.013011643122595534,0.585246906712308,2.46349997862159,0.038236591593985916,0.1006514720564912,0.8710142466267113,0.02381600604505794,0.0036420797109910598
48,WT,425.7399310789791,0.01302997033989908,0.29266306102598777,0.007845413919710126,0.2904127897117776,3.0101605597668004,0.4416926448768379,0.7587301622059589,0.12294839185787235,6.980843925059616,1.6399808576710364,1.0774059344840883,4.020966970190554,1.0580589685361619,0.7669433786515505,3.9180792819038617,0.025501558955988202,0.591635419874353,0.5997877006592767,0.0019983065535518706,0.004229417101413167
49,WT,390.32743336217686,0.005720004627250317,0.09035762994327388,0.015511661847161727,0.3588808939620272,0.8134990895003043,0.2352171961002234,3.5156932409405934,0.19802873511870894,3.85925035045105,2.3093428273333254,2.1478947423208865,2.8803027947468003,1.5421273340867558,2.8164282548465396,1.9212638469648704,0.07721087727514113,0.13144008099820215,1.5643903949554705,0.013402725359790365,0.0025672754528885066
50,WT,411.8542301858832,0.007948848594190244,0.39307622071825404,0.01022638065964046,0.38261766491687443,2.0261284264784285,1.3274137513935864,1.8621736005866605,0.14291761467821232,5.116583553348444,0.7404183209449661,0.7466466522004647,2.347013682851637,0.3183175695215583,0.5271448601509494,2.4942912816266825,0.04382139334458149,1.5129231194200674,1.0158607321286444,0.013457414777733292,0.0025347457644534456
51,WT,405.28453770306277,0.005659463962334561,0.4388255748329818,0.010691105738291181,0.2038401100338098,3.3053006793759585,0.6560886959856091,1.6780490996479926,0.19248087150235274,5.059138775267278,1.53509589804869,2.166168246344414,5.4694619823279575,1.5675569068568878,1.7942729895588025,3.9557431285206937,0.042430861123064594,0.38345953980959324,1.6202773857718005,0.021691250147494446,0.0006951775596462269
52,WT,420.5206799610176,0.0037744515617059494,0.4459826700664742,0.005502697979389196,0.4801032417570616,4.872965582214077,0.8138154461112799,4.349200506837736,0.08337075476253326,0.9030883849498998,1.6012691243962387,0.15739494081661565,4.096687085640133,1.524644793198741,1.728024196372551,3.952608708755507,0.06765528436843475,0.6819080801132268,1.1089342967963738,0.031282245181736695,0.004152793236876619
53,WT,425.0872445134561,0.008813581949754476,0.37379650817342663,0.019687871780501482,0.40577137927475837,3.4278102927028904,0.38011438697881494,3.8721702284296775,0.06536281938222788,9.27239022528644,0.020898938832090597,2.6925548812577365,5.294200658629417,0.5033339992350598,0.19705747780884045,2.5737651928977168,0.038266383104478635,1.7654632805387513,1.358717581011876,0.005132883934296999,0.0032014177680943995
54,WT,332.8413961363388,0.0012341410115288165,0.008774813771507689,0.014569544904475748,0.2642222782488708,4.798421024274109,2.0046343122876316,3.7362219573975906,0.17381415305658493,1.5310124160962375,1.327484723996595,1.0006151923771707,5.843519054632108,0.5383388795596012,2.671641340064654,3.7828132836742516,0.09750158785018363,1.0691042727485447,0.6046983061754398,0.01216863041923511,0.0036201772613432236
55,WT,451.7499966777698,0.006905871367930554,0.36824562108764525,0.006009789094929011,0.38018540651679833,2.4883798532538357,0.45009982687007266,1.1889775531926439,0.15145774831668182,5.490291533730726,1.6062023357135549,2.3327039924508037,4.396582830478085,1.349994891960757,1.7505877926229432,3.7290344407634137,0.039996004030821486,1.4844410974269615,0.6155416334892085,0.0017618850165953687,0.006108845298704226
56,WT,457.8440941745437,0.015287319084318754,0.4899702310848798,0.01214174584468999,0.36975361655140726,5.648839301508849,0.6902056667577092,4.201415662970234,0.12813585405027764,3.651425319679569,2.940300421389564,0.8198205283312072,4.610623562744128,1.0225640168793966,0.8896722971051709,1.5447778525379503,0.004011374179176325,1.80149231524921,1.2060855056501798,0.0148796766077837,0.0006376290557871846
57,WT,285.9282895808665,0.003933390754273353,0.45977401882707203,0.008842730783355231,0.40652070809784785,2.4335018605853866,1.1759587515144405,2.01185997479424,0.13537166787282193,1.4142905267583303,1.1650993902094886,2.9773817484097296,5.158527130764836,0.24539099140052748,0.040639845875431534,0.5018177064196333,0.07351910926827442,0.3139254655390128,1.4424883686335843,0.019307319648483614,0.0031371294125594512
58,WT,367.40248154283637,0.005642544329515347,0.017268121087470834,0.014227986932712062,0.2751077179851402,2.5564856096025803,1.110626590538901,3.429693236446715,0.1458878806960635,1.118675055163993,1.2524685902720036,2.030661454551293,4.521171899120072,1.1568133080880492,1.7425842545195016,1.9358444991364825,0.09318205950217383,1.374576227603197,0.6777071040186641,0.027218064115348314,0.002314551153445069
59,WT,355.85648066666806,0.00016340678032713673,0.17968794178736192,0.018414034866758744,0.1952193574197397,2.1233627140727314,3.741365380565253,3.679492398464993,0.09861645201646888,0.8743985425323383,2.5049867018666627,3.797558270798367,5.8352201018336975,1.7703043000836742,0.6875314331260856,2.6996243821713852,0.024400346543033788,0.8655587653975737,0.7249448683872475,0.011129359914469557,0.002277454402854584
60,WT,338.0398815065103,0.00030367356398617543,0.18216709018986035,0.004115035681302075,0.37671974964052374,4.614939487262758,1.3665631548604726,3.904927748287884,0.09722034959884934,8.026297545287921,2.1616292699583886,1.446343415094728,5.959626604250317,1.5098828624135032,0.40477671567971973,2.5992751183089298,0.09895209799610775,0.8710380849268603,1.269017782220387,0.026908897938582,0.006274388892800355
61,WT,270.4800828903819,0.0007803087661253271,0.10736459957770089,0.019980687135287865,0.38442797731053147,4.566508683553996,0.6484916102328862,1.1712793421787449,0.031681070958432554,3.2928070517585057,1.3365241055453365,1.6033537832442208,5.929461362618562,0.0026218674642433633,0.25946094068590486,0.05859737702069745,0.003698603391602325,0.7381552767851183,0.778538479127401,0.004750570322133392,0.004848498844699829
62,WT,386.52027270387174,0.01340616921108238,0.07713369733951131,0.017434822424203033,0.3847819549179778,2.027012001154569,3.831700493048307,2.8784493556035553,0.19059824018927884,4.724898858060108,0.19911698947208478,3.6419151991705268,5.490003732684514,1.965281807802639,0.013269790672616272,0.056518973527609706,0.07986116930592362,1.436433544700221,0.2879355427283359,0.00562424689276019,0.0022498760443133217
63,WT,392.42498232334907,0.0020088945026257533,0.3153893464360521,0.001427235555849806,0.46049392223183006,1.8121537242305177,1.7551195473592465,1.756809279422053,0.018698560275185114,1.5129744825011069,1.4809465531101933,2.7119559065948913,4.226166226240849,1.605639094049534,1.2984104466770292,1.5804487989631406,0.050203048620732604,1.6935068799036022,0.2806195665948601,0.04499477393523413,0.0012465910471265735
64,WT,335.9838833744921,0.003920733541184035,0.08483660986958963,0.01523743233900594,0.4764645955059751,3.835860284014684,0.7889553437785992,2.0730798455839508,0.1995739509773448,1.7803371016287075,2.4049348496348233,2.1169556918194066,5.775434373180473,0.29492760921148303,2.802593099567738,2.31227684554822,0.07930807405560422,1.8020040725373545,1.4478438695285296,0.019144407290402354,0.001488462277260626
65,WT,398.8238216452211,0.000534840521665149,0.36634291783729,0.0024790028444399165,0.32540776436724417,5.419211023889234,2.7650022946018478,2.886092114670848,0.09049012556831681,3.0248095527875756,1.1648181009468752,0.3615749064178795,5.141198706434215,1.2459282009956731,0.36300344435038134,3.060909343651475,0.011218793918116525,0.8100357356458203,0.2792895450590467,0.034251844842827756,0.0020320307212205345
66,WT,334.83514408496603,0.008598739378334894,0.42558303269636777,0.016209259607409696,0.4514918078418996,2.1825838200215446,0.0012166785767574759,2.30277001271982,0.1358106124984402,4.319322949367644,0.49997719086566894,0.1998016777976523,2.0886137181083138,0.6552880851776208,0.4874424734134484,1.0071222147092334,0.05267780128387804,0.021641704692682007,0.5074742149833577,0.00835011190706817,0.001608596732156211
67,WT,275.5526385438488,0.0020984118244153777,0.21236320852723925,0.009593785906378422,0.2606748412465949,3.155681938380549,0.5347140232581306,0.7864991440904753,0.1365686480202515,0.6398021295704328,1.1677785930308124,2.5399408257106995,5.5714495495272915,0.6439936615584695,0.0428586329467182,0.49169750820036023,0.05586350704703523,0.7995848198119786,0.6960286262655695,0.022617733088295736,0.003821253143480559
68,WT,443.56123880591736,0.009922161063385584,0.02278648553543372,0.025983557200831245,0.4156185787673567,4.311609446456947,0.9049443095938012,1.9401299446605191,0.06304389766227811,7.203164807278278,0.8195897376257171,2.722012278277838,4.9790080517013235,0.12284415118739456,0.013816386784983647,2.0827077599121075,0.08909975622947024,0.7752628207050224,0.12474834409109276,0.008231382978655267,0.0005879318914479481
69,WT,333.5888470116715,0.004024690843087133,0.23941544766765915,0.012620429720376256,0.4668874302642085,2.6835228719224555,3.875564618455959,2.216176725702514,0.11399912454130853,2.7343205350334894,1.3569718286929562,3.109735109188636,5.571062639454348,0.17528034005207124,1.7387555140305355,0.3515818905861995,0.044997572754215696,0.28718369167114777,0.9636834598338104,0.013196333424379005,0.0017563484536660765
70,WT,333.21943395715937,0.000786874658790833,0.23604341992699643,0.0008851181476922853,0.37513483900381983,5.7284728411100065,0.5569105236505566,0.7126606554992577,0.01662387597799006,1.6767179211042116,1.3803802149542554,0.12025224111710851,5.481727176685783,1.4699506899576602,0.11974234231628189,0.0329013948521658,0.09298130256368267,0.33640986155684327,0.40120129239232516,0.03727372999416778,0.0011263043193708603
71,WT,296.663518312408,0.007224425210888334,0.2065996713504408,0.017908816999900032,0.4544712642301611,4.0576862646223315,0.35229437396844465,0.8546651776343722,0.08489208878930254,0.6633733105388095,0.5088769077290467,0.9727657783967751,4.67227406305426,0.6135698043585738,0.02257618721130103,1.5260737796421469,0.0904367872282619,0.07922685062651434,1.7249424584173232,0.00953907052748721,7.712207967668891e-5
72,WT,400.1073422493524,0.003912073520750349,0.44210139150889016,0.00985671376094379,0.35140741818596877,4.26080853637016,2.2110553219413376,3.1439306064820416,0.17222870093451023,3.8438305946818225,0.24531697967875066,2.2107167374158516,5.75711372084278,0.6502718581124811,0.38481213823860694,1.9034724269043286,0.0550576345096558,1.5288846286122566,0.4732687402971756,0.04383870675587163,0.0013018349715812954
73,WT,283.2524219467626,0.004881848594345799,0.3934567156610197,0.0036631871793949807,0.4240280185864762,3.689476255248164,0.4527808550440201,2.0927934128208103,0.18783697079707146,2.0670713447726627,0.6451440873385941,0.416474248164552,3.8957803874297183,0.16761864547718233,0.04064690890537636,2.187857261758716,0.09203513717786323,1.5136687584425368,0.11682504408954031,0.02673068229744346,0.0029555299003833123
74,WT,344.699161823628,0.0005360523677553452,0.4656601700987663,0.011598470176853332,0.3023266363614638,2.062640082206878,0.8234617174181671,1.8792950733293292,0.07394665253934336,6.064848788588557,1.5287494317721164,2.244348627328895,4.157067767191871,0.32133330185249653,2.791946567110152,0.9972394428039014,0.03716167942517838,0.2266773520368618,1.3530487330135863,0.015284782330173859,0.0036869966574902585
75,WT,428.4683314598635,0.0061523139735124,0.23475349894491226,0.00611035651501062,0.050871618692750586,5.05414708767152,0.8945918897437846,0.26842906387904897,0.14008800659587145,1.798927213474946,2.42829941705884,0.6711062018842311,5.511642757425287,0.40220093859187367,0.5844273017070534,0.9865618129682598,0.06798374472263999,0.7036671749774048,0.16037145668184882,0.03788434523124827,0.005910759743056389
76,WT,418.27927986156817,0.0063025404933576435,0.16548067308575903,0.0011241581385838962,0.4658198871350514,2.0090868628873726,2.212011282669539,1.7463500521624298,0.1847348991532729,6.827176510665758,0.5493061391657013,0.9785287914856975,2.8578490189464834,0.2362190516540812,1.5092110121236564,3.5962973553779296,0.029562073769966106,0.3538554400265659,0.6125832569775704,0.01645953178369978,0.005982009613530778
77,WT,309.0109406254794,0.0014420440175169796,0.4965710818837489,0.00486790464915083,0.029223583300084004,2.42016578929355,1.598635243396458,2.3425653787401486,0.1635920262460188,1.5398751620321702,0.9494653568693758,3.3370881589847126,5.778367514066251,0.7942079149720477,0.22300188221226025,0.12423844208203581,0.07516204060457651,0.4523594262863422,0.6999552330152343,0.027786694045433075,0.0034166534797945187
78,WT,465.87191522727903,0.00459103643023887,0.48712768916458915,0.010358912281810264,0.49253100621104545,7.557771728413129,1.2621530555061171,3.6263036496413634,0.030974580524111256,1.7154514640924736,0.5473781309223433,2.5594493881504827,0.7839045435706862,0.6049191547701644,1.8834889445125365,0.07783476727809546,0.04867992216512659,0.03069170182670236,0.22181031078007618,0.02349197403376866,0.005222330505035496
79,WT,417.4285744071055,0.007534139148449648,0.47123459413497126,0.01060029327954046,0.3540483173279221,6.15797199811546,2.6965957753126686,0.15345800995885828,0.1406326052652426,0.5488311708329103,0.5662575069251348,0.03195302052063642,5.898505664417742,0.8246299798650907,2.0552727147159002,3.217572792420537,0.0711511453576293,0.12710162521559187,0.7137556149028468,0.005450139044192566,0.0005536627220967068
80,WT,356.1915551017412,0.0045726439930651504,0.4491763140135728,0.023141804992210135,0.48145966996569334,4.858009782237898,0.4570304121315168,1.9683137768159131,0.13800749079561966,2.616694130837186,0.0881152319458173,0.14498040789961653,4.418192537166395,1.6712352333690166,1.4540308672551505,2.9343302703542182,0.03913520386830721,0.6285746495062204,0.07947556466347128,0.0022203624025392953,0.001356221751654109
81,WT,394.7571831849251,0.007633789071487859,0.436227424198651,0.02375488689127572,0.3636038967139075,2.1762040506244693,0.9135653261028513,2.0878629878406807,0.18564336088571534,6.15218480425317,2.555290151229005,0.6560052365730605,2.409686318610131,0.12355287238813273,0.7999915776316862,0.14300141846741665,0.08957085717603434,1.1729417609943276,1.0846391133996356,0.004579668942409715,0.00020314820424712117
82,WT,339.4577529419387,0.0011086326238413107,0.4182783020747503,0.00689104686017651,0.19567286487234395,2.079013099527159,2.4716013185310097,2.9848757455711254,0.10668247547052266,0.48184029897923897,2.9408485920153287,3.455100246573768,5.383501184210988,1.3302878487128897,2.2826295420558567,0.7956741942848967,0.04109583456902107,0.23693290506714648,0.641193325345684,0.027412262263882593,0.0033625749977826197
83,WT,261.913798473357,0.00632951900118364,0.30477857580807755,0.0067877087445923304,0.4566661092220144,3.3841528387629647,0.45475649790064554,0.7501294422859457,0.14969417395350498,0.46610766436796064,0.5829742932939365,2.6855964538405677,5.697148062963938,0.13643674626153704,0.053460986384477806,1.4257540142680356,0.04243242556527142,0.32676362326126884,0.34445373033677035,0.020746382354669936,0.002277341436163071
84,WT,373.66060435377784,0.004462163218387695,0.386827999041113,0.005843580674837529,0.39533557043278433,3.6458758811141685,2.3380708612710603,4.146604173273328,0.03330637055533233,2.524636270012559,0.2540285994782059,2.271348770288579,5.388273231053072,1.385023989025583,0.9448322325667428,0.16480198059563622,0.002050967687013572,0.4728512902992442,1.9300835669435858,0.01921463610476283,0.007262553757073757
85,WT,418.93906643420354,0.002345731907083413,0.03822313344179196,0.024652487688178466,0.3110636307736535,2.246508827639987,0.028869289486289418,1.0787554187776494,0.1116677139828814,3.6563789137951064,2.5311087202158298,0.22786651105678057,2.1671913991401253,1.874327848711148,2.4752884323015296,1.6629965607795762,0.04645130541267415,0.5910266436804599,0.8328487631196664,0.005205896528305269,0.003497693352218901
86,WT,390.4296390789594,0.00022335376575399117,0.4494430886928038,0.00927459821547797,0.45526287993896053,0.0008063976675405221,1.1221003114181078,3.038452796843909,0.06373240085070174,0.5912643708040308,2.2748343245978337,3.7239259794072828,3.2431556360563567,1.4501444109779011,0.9249018988142628,0.5332748143522892,0.01976685355831181,0.3089924921692822,0.6865794217608738,0.02610087962234849,0.0024836751960601454
87,WT,329.3905037567298,0.0017778060360614705,0.32528634499681536,0.017917769412266936,0.3719345868882847,4.175509593881134,1.7870749829866657,2.5567349142319102,0.050006770343010716,2.120058858529962,0.8291365670164078,1.3726449285555153,5.335062315956537,0.7403638311703156,1.901568810035006,0.7699275570503402,0.08469627492675548,0.6163092171571263,0.8200715714440173,0.006624136795038354,0.003792588321481328
88,WT,360.8257329328321,0.002787777920085416,0.11933031900865443,0.0074310325516531075,0.29145140547857984,3.6741750697351474,2.363935994323856,2.2983660921283446,0.0900973810704215,7.362132850508879,1.7692731552298129,2.3781557062878873,5.883239313397128,1.1503662059199007,1.5686794199678822,2.532968498914344,0.022984806140492767,1.6880316913476303,0.43038575448183636,0.036111920371925135,0.0002741201017008553
89,WT,409.12579513260164,0.002953207258786859,0.36536055623714875,0.015011650197312695,0.07225794046413961,1.280986051221376,0.13530099904848308,2.6603413462803047,0.1264643971119652,0.08082589957775355,2.335274742265909,0.43369532582573733,1.6634389290584117,0.7605993497487239,0.7551270037665052,2.154771042864531,0.08032264287017543,1.392710545395917,0.7756891756964156,0.015008341091544225,0.007606812174697284
90,WT,421.15996986736263,0.00382234243999719,0.1985626021134387,0.011038109705511563,0.3540408928296227,0.7728575579705983,0.5991846316785654,3.5491597727411017,0.08700288017908347,8.388286203667398,0.8059140105664164,3.5530719354914853,3.8128784488017335,0.2184599422227943,0.9109862609574859,0.31985299416451374,0.001295860632108757,1.5708166701795605,0.6082898106141241,0.021633860857280723,0.0009552204334957824
91,WT,332.30608405949084,0.001150426751828588,0.026321115627871566,0.021301524581166693,0.40217795466478184,0.9160575519987384,2.550050882521531,3.584924583958683,0.17835934205225143,0.2661174335528708,1.3219106049508014,3.784907844492662,4.567892848361741,0.3369446093608153,2.2857072990721945,0.32074184529267813,0.05981141420249688,0.581548937237581,0.5774758415375074,0.0024502354036644077,0.0029874655452674353
92,WT,311.72091401909086,0.0015088751170668185,0.3196850236648336,0.011360767428483472,0.47256475705120643,4.443120027219192,0.3216948580174258,1.0055589387323627,0.11212005173864094,1.8098376565617216,1.5897438511608215,1.5896882614133023,5.824271800747338,1.2800075301465044,0.25970638656547174,1.9376629223486248,0.04664164548459476,0.2198781469323405,1.9368783463017576,0.021460690741282706,0.0023904595162923415
93,WT,339.9937466713267,0.004981259289491611,0.4617065174373667,0.014395725500708023,0.4182048483203185,2.514203288831574,2.1961604411169193,1.7347632224234477,0.14915564347173618,5.2844193890614655,1.3427831188012682,2.6174179096794985,4.927547024127994,0.5226263406846563,0.22282721679301834,2.264249145135789,0.09622479345247253,0.2051316971594409,1.874739466774667,0.014194568778651781,0.00480705842656403
94,WT,388.30621394084085,0.008594934797041324,0.2800708812343816,0.021700289621861348,0.2152402197071086,5.325607602034445,1.3603656231188719,2.1165136654441437,0.0606405286787155,5.090351798097678,0.8542928324785373,0.4803469062445691,5.405325000059982,0.6300865871989654,1.3576026259548775,1.2165640324598153,0.0081145676655731,1.1300013007283165,1.7261645342991843,0.011498021558059256,0.0016046134350463012
95,WT,422.84007379840256,0.0074651553418188035,0.20268566818234954,0.01787143011982383,0.32225386238771947,2.455227533933887,2.046697620340401,1.6016117391662457,0.1224283406416783,4.265401602627342,1.6695702274243054,0.03856049007804385,2.062758545696219,0.3448926303769911,0.47491066224013223,2.2886639648598943,0.017864243546684814,0.21476334612633297,1.7723795990758653,0.005151225328644647,0.0028272235904993667
96,WT,412.02494076479263,0.006878652434124862,0.07691043246354057,0.017257909306749395,0.4984628486350071,4.02675981279012,1.2854452575633628,2.203608350900356,0.15927753113565793,5.490524077598343,1.9301597583864119,2.143802163008094,5.346643534090541,0.7805964858245509,1.4180826089349177,1.723340072669262,0.056603218462192476,1.0194903700183602,1.5842173552661443,0.022765461586129937,0.0006129212572810473
97,WT,309.770219285395,0.0010592122054106554,0.3464025105265197,0.012609792538003027,0.45995264253618845,4.142404115313875,0.4509158342114291,1.779357929681469,0.10869825317098074,5.4616590717398985,2.5755836919666133,0.8257982109394467,4.768191863841026,0.3353369592505272,0.2902284798924086,1.1349181172904723,0.08850188752014762,0.5669430932973749,1.737192163592134,0.019529835267206155,0.0030587813081269363
98,WT,416.0682345050784,0.005764120763151328,0.10079734496243531,0.007557430875608154,0.10383523640643544,1.9673969232452482,0.4832331312858855,3.6857769540486744,0.12576514296216562,3.66727126259771,0.9947413039452924,3.6660703547157674,5.475744238853836,0.033112549465112995,1.4711336738099625,0.6611694547971325,0.091662766633207,1.5171382500358068,0.15896484631455188,0.037667653003497184,0.0025268761726956234
99,WT,286.459770088132,0.00013158139612434906,0.3592210758103936,0.02169797043631986,0.16482602076226904,5.58140772415074,0.2479152176024156,1.8801205240454697,0.14327382226078558,4.293599378208738,2.5114195384929014,0.5493394445663126,5.954131692104469,0.23477366193757399,0.04060993832483639,0.12448610043297537,0.03156555301493771,0.4877451120858154,1.3062137873106123,0.0016785107182589857,0.005405568037389349
100,WT,321.23382220774266,0.0017996027370240362,0.4452268422734463,0.01864261800505115,0.49920875233042655,4.427971236377464,1.3008043630306212,3.236639096657975,0.1094510898042414,3.9219245623341803,1.6397023118133798,0.3005169094730908,4.455008450315764,0.5255311565832947,2.1761345634553786,1.4204078744826312,0.0515891643008261,1.0327012674334706,0.3611909579374041,0.006129062081910766,0.002969463861451872
101,WT,411.1245327791106,0.004733645496979323,0.3148030422244247,0.005954721460527571,0.1978128685205861,1.7090417196811414,1.7049504247700895,1.5551020357475958,0.040261785090404845,3.006360634700746,2.606327557767452,2.3348204335579563,3.966784418508301,0.7824846575363568,1.5684796134378485,1.2188015002135475,0.07267326953850428,1.227812009718892,1.5601407161700718,0.005474438869018255,0.006596142229961685
102,WT,318.014358102801,0.001952205352224198,0.14570648162747188,0.007710169179513985,0.4174801444587447,4.961082531601182,0.5410039787782128,1.6104620798138625,0.05741690682525348,0.6795124325902415,1.2379524690609083,0.9671665394024895,5.6309315833660225,1.6833664367307508,1.311194644875946,1.3828741749642863,0.020317098603406483,0.02153002150966239,0.25972143684084315,0.024803776132577397,0.002642147090097384
103,WT,396.479919356256,0.00132854662640838,0.21345152357550023,0.006963568674187011,0.2985365450079275,3.815005894275735,3.824972383407128,1.3969439825738916,0.05551394842424209,3.1039876375211053,0.7905791406619391,0.15614131879469106,3.6272865780654153,0.7293433074040995,1.3216600674321608,1.9467470858363936,0.058916665039292604,0.40721019675491044,0.21198882029799948,0.04339111908701962,0.004053163260894667
104,WT,384.342570559568,0.0010783531080215264,0.349806029796469,0.01222726915466649,0.23162231470775185,2.7284668584986704,2.8622740525762254,3.80558363065054,0.1270104701104185,7.602919484994697,1.4670499957137844,2.1579398842344517,4.910235706775067,1.273623662504229,0.2683698530280161,2.684865089106675,0.08379163434178775,1.4711552460681818,0.6446748752782199,0.013621980594738625,0.0024260847141648026
105,WT,442.2963412820487,0.00861579605937056,0.18536380025715748,0.008367764267165186,0.22140600234236996,5.509989532970728,3.4087396364073133,1.276567411572791,0.05504321412144116,3.5091626854932545,1.8154906189341111,0.6840681764445096,5.596619180063405,0.6740919125143092,2.3644921375012373,0.00746246820733365,0.029810272341566815,1.0236969908596523,0.8370874700433215,0.035333541484378075,0.0023747057696184744
106,WT,411.23957914936875,0.005648925310623639,0.13918119019500275,0.00345524647170055,0.1821071839429914,2.2027074426240123,1.337263349092006,2.0650278398288133,0.02014512814840473,3.4569818824841003,1.042812762167849,2.7520102915664877,4.814651627806671,0.09505021622776111,2.083443995266558,2.7747134957648862,0.001939286441473908,0.8155045070757057,1.269884535337471,0.008941627816629723,0.012495491449836029
107,WT,321.7529701112454,0.0035314554372306243,0.2531627693606558,0.02401516990306806,0.41175003036298413,4.059075464610604,0.8514709830032322,3.1610878919496335,0.042593283492959697,5.9523699410926065,0.623005168288731,1.596883681594365,5.2755823909729935,0.0807204313568533,2.1134615749450463,1.3745053548786024,0.004595151743459671,0.9003318197697018,0.369361418671129,0.0016168389870011464,0.0033534543915180394
108,WT,327.17628741763286,0.0018208791551767183,0.47865097287328545,0.007515870256632711,0.49636350754483644,3.9138194448352706,0.6713323972713723,1.8744095077521221,0.0979840625855679,2.0428949959630884,2.562745761887347,0.7062986109617929,4.135391666530014,0.18449643546391817,0.17541757061543908,3.173091366591777,0.023399640949991696,0.4342824929201539,1.2583773692821572,0.03333505933819919,0.004212163997994332
109,WT,417.59089864528823,0.003368021352907012,0.37120260867977817,0.002599311333997551,0.36717315004255435,4.302638300339094,1.8956975454598437,1.376043533013105,0.04066433904314275,2.8101990149214107,2.1157717431816385,1.3279903565320463,5.029745660048866,1.3718847482233594,1.7513303630232153,0.2815109233351478,0.06253645640294314,0.2544347167592309,0.958003056796334,0.020213855571539353,0.005774508772486505
110,WT,440.57465631794497,0.014436045235599401,0.022575011606341178,0.011411495521304396,0.3848850153383071,3.1861430602303074,1.2994993519781401,3.5592947110545157,0.17397050264561423,4.830032719293985,1.6810691341640487,0.9392323153480604,3.854932462873948,0.6645337181158028,2.0349568502167332,1.786536578503155,0.03757210972534107,0.5300131638658845,1.1296852002939288,0.014199433357494302,0.003232228712908726
111,WT,328.1340117911953,0.005614471934988749,0.37857819442943474,0.001898318768665567,0.22445085009091306,2.0337296584966635,1.5233596174618778,0.8776209918780709,0.05646942882863576,5.901966768273864,0.2809359238487132,0.8961035561891286,2.763115365602307,0.4747012621211047,0.11488439927987001,1.767281189941646,0.023302874630578195,1.185556602095013,0.07644850042433354,0.035015799345771995,0.001966897483815558
112,WT,258.4230946627346,0.00017552371022812752,0.22846468076902338,0.003391335913936491,0.4766691492152564,4.987789814099733,0.950322264349246,1.162511249712048,0.11527186175954314,2.0160407115063474,0.045049488511267693,1.0605205295784281,5.80286796234041,0.006408606230676912,0.172998441536152,1.0743725008309748,0.04626599789963,1.1635467154824617,0.021248659841799758,0.03368665414555716,0.0035593118240906784
113,WT,396.791945483875,0.0073666053651013,0.4057134958326442,0.009376588810441308,0.4709507327639853,1.5673080868273508,2.181518487594732,1.7451137322868335,0.14070773388010788,7.246527431635861,2.902396067590528,1.8110422670679014,3.127008022116073,1.1560992242832546,2.200317558662479,0.9280197333979754,0.08865034643102292,0.7393336574501914,1.747386305424033,0.022445433656378758,0.0014544559768757343
114,WT,356.8813017340933,0.002438274924058654,0.4260803079768666,0.02025059275510794,0.4675041714828742,2.430538494583161,0.8871840553420753,1.678457245452704,0.15911424681298916,6.300586315353636,0.6241009718931233,2.77311299495515,4.965042522703881,1.6221362093572835,0.974979650118474,0.22980660946784415,0.09125659995008761,0.7815441773598646,1.126908852392587,0.0053465844487472144,0.0007651856532851173
115,WT,324.75061338650187,0.0007093888274631111,0.46253199948997437,0.02072833690673115,0.4888181662283243,5.884607520255068,0.850295005201486,4.513118399650756,0.14550256671210557,3.5858530418203864,1.4052314088535787,0.005411933701428458,5.550301203343742,0.1449967651507496,2.517861926597535,0.4987043989931858,0.06266831989360673,0.31712668750146383,1.68133193286587,0.006205724390501825,0.0018065660777000013
116,WT,283.4206973417804,0.0035811412179403796,0.3719965807917613,0.004704660131309489,0.24078037202046315,3.821767263605515,0.5476140182469997,0.7789473328445297,0.12948707701003298,2.436567063534389,0.7625303802096716,2.006278558586963,5.755149517436296,0.7894713798923056,0.11208110025069115,0.6877086407491378,0.0877087888025042,1.6976733518643259,0.2005076668347263,0.0296948608817623,0.0022150612696394097
117,WT,387.12143960924146,0.004359389846420867,0.22844272500469887,0.014335920705365782,0.39507455132029523,2.8469971152218676,3.9757389791791518,3.707741221881059,0.00706888237641308,3.9116231918584545,0.9574134069290454,3.014272608980833,5.405808741064666,0.3223396833113523,1.7000899580638211,0.6554631062090133,0.005162827889617225,1.4776877241011679,1.0074273851458373,0.009604015423133331,0.005794379494698928
118,WT,425.4410806015908,0.0034079409971132946,0.23173324581912325,0.008452619793251322,0.19015464343911379,2.8948856514331194,0.9240028695064577,2.718971204557456,0.12214837370150969,0.06125466035562699,0.39782913223345917,0.6707688041068424,3.311673947035146,1.8127332773868843,2.5420608027820357,3.308942379596055,0.09889150468966917,1.2535066444928429,1.4548738336233296,0.031076691934914868,0.004439770970388838
119,WT,442.0956811689139,0.0004680491384133822,0.21544131161675817,0.004159216913255338,0.3419771648751958,3.320496749823045,0.8294889224356012,2.6500294878220556,0.165406733421549,0.9635626072239987,1.5358276559233137,1.364471215260978,4.270711768318532,1.810770643980974,0.028355004266905848,3.3012579926734045,0.047578101406329724,0.9751886422945448,0.9352210316596925,0.007401150803512823,0.006402600529573567
120,WT,268.6968133968827,0.004030487961308266,0.43486176619709044,0.006371254086509701,0.3701391517624949,5.057131845939499,0.5131321928647133,1.253324963936516,0.07649584924572615,5.111743429316314,0.07287580014737462,1.1520019004632642,5.96857162804741,0.19456516747047653,0.1186286757636203,1.1143038248591592,0.03112447258085608,1.903873760483638,0.04912834823859795,0.022368478811333796,0.003221088285295374
121,WT,426.28737455799114,0.005438193765756079,0.051271564064195904,0.002524487173991388,0.26789597352909705,1.9946983695961649,0.7025861317276889,2.0317855117504777,0.11486682695170769,5.1039358264119254,1.2654763311436428,2.2248174185469973,3.89874764216146,1.3657902700400926,2.2723005945120613,1.2138768517483096,0.05546493253609791,0.6291357154973012,1.5086851449392,0.0338751566831185,0.00408778856180417
122,WT,427.6240605214606,0.002406261720455976,0.21948592795197316,0.0072057237996570244,0.49234301726378216,6.693615594114975,3.3891383318146735,4.487573200720933,0.10477686418898016,5.570031745932603,1.8922629749683648,0.16237926105466594,5.701657334048029,1.6655118744011699,2.7452410736085837,0.9213332877971974,0.0813281707154217,1.3141336980953888,0.10691952707613406,0.019942823595230447,0.0028434098531061386
123,WT,410.220572842806,0.011874358720530654,0.42645333070699887,0.024794204909257524,0.42437897184960927,2.5756519286502275,1.7056441576469314,1.8108823913394863,0.18613995203323758,9.813954802361856,1.844204764339022,0.6095658997332123,2.7213137071659106,0.9097073112098468,2.0841905364303823,2.618254128672678,0.08384019689753167,0.16532748418708332,0.5992015233669474,0.004326596210304238,0.001560762457956985
124,WT,360.9686479912612,2.7813839558325e-5,0.24261747870946973,0.007060817155633659,0.35892766765603884,3.0385718898834932,2.052512270110934,4.601142125824133,0.16818057873167253,3.5041506709429466,2.9265121009261326,0.14833104281416573,3.141948218480858,1.5034534487775457,1.7537935609582438,0.10563192534818693,0.06016170674394706,0.6332821750379867,0.290439751624185,0.011061155085118606,0.005288163883995503
125,WT,308.41627880531263,0.0006351948084271498,0.4235422881633423,0.008796852024304486,0.0947925533449364,2.9443089099496524,1.410469245603703,0.7249888096730616,0.05297141490413957,0.7305537427110923,0.39975058481772574,2.294870566236796,5.1481090802914204,0.280823632722894,1.6053071672677572,0.575934789478074,0.025866562331085377,1.426745099031034,0.1366059117282007,0.027742752513394718,0.0034840024895110002
126,WT,253.55197691553485,0.00014866451251265372,0.4434888540254057,0.010458909692817061,0.4810510268146418,4.627470522801421,0.39871215876492994,1.2711019476956606,0.16670005891081205,3.267175036722146,0.6156011939208959,0.2054246194756775,4.498661101515213,0.06459766109969937,0.054816753305382694,0.7295836534664728,0.06354659384706286,0.42838272075990286,0.37212163538145926,0.02003411593256221,0.004791169901963741
127,WT,407.1171602566582,0.005755504977193944,0.42054745838832414,0.0015510287117091034,0.3413696244498166,1.760507446311495,1.6181863265968408,1.8358120490367615,0.054355506453418065,8.480685071781414,1.4187192151422852,0.9597999455630118,2.417421327943789,1.270015125880412,1.453878009009466,0.8064902582388921,0.019878957614951717,1.175716969625043,0.2584344818664168,0.04225572174488164,0.0047889713231980035
128,WT,292.1680133563407,0.0005501107402307683,0.4285702439986369,0.02026024626835918,0.19197871134474398,3.5351885702809125,0.4153515097674461,1.201003369749224,0.0441673711244186,0.2928040171649284,0.20150734766029113,0.8742290693311209,4.163275037248431,0.38960099355773437,0.03493451519231995,2.939548823793908,0.00594312001771293,0.2290168768972496,1.0439736435048428,0.0068682530165621895,0.00542932859127414
129,WT,300.6724627010728,0.0008401483923771835,0.4633345598319255,0.010516772823890755,0.319758196329876,3.625266502449154,0.5176040311612696,1.1643697008245952,0.08115618125342855,8.857686770114846,1.3794692407605256,2.430076645102093,5.861961341096698,0.017710079568083507,0.13802994563735194,2.8302464839341988,0.04223300955533682,1.1108071677411235,1.9391987349821802,0.01504531782019017,0.0052517820111795165
130,WT,394.68912636417866,0.0036275230616656384,0.09797917329178316,0.01776964380237738,0.034144870525058824,2.1121652985977284,0.7460180733564178,3.9230777129528387,0.15638206007946562,0.595042789310467,0.3033866349081785,2.154977339078447,4.31024277203671,0.38550752751766054,2.4584621733781633,0.18227927359491755,0.04296952812115878,1.8016330218709766,1.20040924759714,0.009199406989411118,0.004667140607507609
131,WT,382.38195086416385,0.006624945128136191,0.46358451994256233,0.011420330870518258,0.34300289516178006,3.5203764746196313,3.7207405748794233,1.7826782636469285,0.09373542061394105,1.7616703263989764,2.512171238343566,1.4784164984518373,4.353417936871777,0.26245248109909936,2.26593073632629,0.011623176471509566,0.06920364379538302,1.9584175493685518,0.294872919044999,0.02272641255921979,0.003031798851777007
132,WT,335.2108938160991,0.000979013886055211,0.4353323750649763,0.00503293185263644,0.47342238063858844,3.0092532320900856,0.5396759166517752,4.500862708949749,0.071759861149531,1.3345889455573565,1.3574989846497514,2.252756479179032,5.00845796304804,1.0441556647299122,2.931983138947374,3.1137841425466273,0.06791470022205436,0.12228350132919748,1.099384976473008,0.028582891008985412,0.00410198105699347
133,WT,361.9091269073924,0.0027475400825886943,0.009151400864353228,0.007814936553487318,0.3355037072262908,2.6004572456402126,1.2917339455924406,0.5888125256756208,0.02706215263363606,8.272560186689818,1.9994295266531206,3.172936757093102,5.635332746245043,1.3638438450695543,2.59157138830944,2.785360207850295,0.007117465470016517,1.7673965508860014,0.6188884090440158,0.02114625161360621,0.002210021477358272
134,WT,261.6419946674802,0.009587784526866408,0.23218084388711324,0.017382285256693764,0.33248267555108924,4.716647116399654,0.5635017547366329,1.132651005094098,0.0523394230136575,3.1818006377986108,0.9848221422686727,1.559808472912061,5.964476959828191,0.09263392250626963,0.056375463904992956,0.20354733531782881,0.01262465505940007,0.6221641356033457,0.5054823499618865,0.006978212217137077,0.0005773840300613615
135,WT,268.08363998961823,0.005573878276544946,0.4864413046892593,0.0022212115287501694,0.42759812779296286,4.075123830400314,0.5450811764676624,1.9752673909359164,0.14986297245887942,2.536512763056919,1.3605421081996238,1.1853006483980943,4.998780139806693,0.022500136360459982,0.07909771187931337,1.718872201009129,0.08614361972562963,0.0813585041039657,0.9222244834571539,0.03845270354545321,0.0020249596328785406
136,WT,313.89694160780033,0.00029766539030462794,0.13915297062776352,0.016010878748947185,0.47230930092411944,5.120239983797962,1.0828124737728648,2.5969659495452992,0.043418849256049524,8.911301257327525,2.527350721585401,0.6613305734413129,5.534350333929697,1.1022889074652695,0.17848786772746292,3.051678442484681,0.010422835210291146,1.7426667457738105,0.4934444317379407,0.010840261073977174,0.006158853038292313
137,WT,374.6949701797052,0.00011416226430737905,0.3811489442569174,0.016844617974172853,0.24128877047651176,2.8850932651145684,3.3127490451043866,4.66718721052842,0.04969228318819215,4.5846630045271946,0.47532404540020556,2.8735657902700713,5.46116100376144,0.566797626047904,1.3987200221298017,0.683803942249396,0.06668685750312787,1.4403853263606041,0.49537492526994675,0.01692110798871779,0.002871849530780818
138,WT,323.68183476291125,0.002044339068087026,0.19664762836913685,0.014430356941840717,0.3992064453321645,5.003796592295062,2.576784106781905,1.3476167917489763,0.01847420562379234,3.2378088248633743,0.498844196426774,0.6675329805422809,5.432176844651894,1.0486170361068348,0.3285947605660861,1.521039662835074,0.021988673373439363,0.4304540386856865,1.305025362692381,0.018721123967968305,0.0008618783500489729
139,WT,372.9193514346644,0.0025224030461043065,0.32490494276592097,0.015989383064384438,0.368153915472347,4.52942496544342,2.5611963333304044,4.714495767209799,0.19414693353722512,1.464915244786873,0.41563038421954024,1.4661759752977204,5.680306608284465,0.5099350825508157,1.6595706044653353,1.352471917303634,0.026714146784851886,0.16194415593740707,1.9820184993165273,0.0060908550347279385,0.008851258344960611
140,WT,255.04692299820394,0.001961094667788911,0.4074468145424346,0.018060823586321755,0.44753216297734244,5.730350050125976,0.6238354866205909,1.7832773615758142,0.17996209234283836,4.416878799499934,1.317248719300788,0.31606232515312965,5.848164676079465,0.10031269754156384,0.08796157238973451,1.4560649738537792,0.09287778413551127,0.0115639058492877,0.9253338857656481,0.007457155645534255,0.0021043342077681146
141,WT,332.6856379815892,0.002540569199281103,0.3023774487302997,0.0016319352025344989,0.3735779721282406,3.978315221377995,0.06996807955779127,3.550146238437097,0.08433051640983942,7.336460832338966,1.1552068553704333,0.48740171960175144,4.26758966707912,0.44571465398023824,2.0215084804503713,1.7110644198855105,0.08501992018953689,0.17646709887600817,1.4597238129027514,0.03389252641635054,0.0035405987859482937
142,WT,339.5986420226444,0.0006698293217147678,0.005567281352879239,0.011257351683111674,0.39170445789064884,4.753156786294788,1.145391154791646,3.451802341239204,0.09715250950059401,8.95054950111218,2.1044565186832664,0.3990256245607112,5.044964058822966,0.5953071982491034,2.6038903692255406,2.6789187250478075,0.07689051296742307,1.1862869975052646,0.7753789759528076,0.02199632351088376,0.0030035220610732313
143,WT,356.54293794457055,0.004574115868439148,0.40654902220244254,0.012242399242479603,0.3874977503914582,1.0686209687221404,2.1207836070046966,3.254685568488628,0.19676309010552123,0.1922101329623862,1.8863327659164542,3.947694683827854,4.88840372478946,1.200669400418212,2.138740735266407,1.8772995249506628,0.0928441843207403,0.2096263135660321,1.7940707824979816,0.01753606215856683,0.0014590018243360566
144,WT,318.18015633366514,0.0008789493261867135,0.4338329284897664,0.011628831841626209,0.4545041772908915,5.004461977076402,0.769450785119848,2.9495626319083263,0.15621272900881955,8.062767967485717,1.020490505915287,0.8122322304382092,5.622021366740277,1.363554374794665,0.2937160927606732,2.013866345713853,0.09762863170168351,1.6216317808249063,0.5138909886594806,0.025238917495167386,0.002259894513539645
145,WT,441.6088519027836,0.002053006827536033,0.08117762729654776,0.016299723410107825,0.11468596052893687,1.725419691775505,0.2720446448472149,1.113480582810049,0.06159278600428802,4.251230884146282,0.1175551378820967,2.1211431216371848,3.7822423766266935,0.8717040257600059,0.6850232542089976,3.1590145851036944,0.06323736532166926,0.4171129421629911,1.630567518154185,0.02494418759842764,0.004652982391882905
146,WT,440.0687224043235,0.0012691275658707687,0.4436304063319746,0.004995786044164182,0.22731468522409023,1.5302513512948757,3.46437999334409,4.935482937827428,0.19973266165050832,9.670323813300847,2.0690195118712666,0.8562486913754568,1.5397468211833258,0.5589391546193985,0.159843738292623,0.2713164058577442,0.057897918030888194,1.032501148791765,0.11565104245485003,0.019106438111303033,0.008718052399685648
147,WT,368.5556784617973,0.0005614805751574629,0.47581740719287263,0.01634702621778447,0.4803933215434813,1.8761867538836676,0.9271004009966054,4.5029086371043565,0.1319568877326226,9.735178575148947,0.6907836799026891,3.0593422734349147,4.609755861181867,1.1336328457190514,2.822153218455336,2.065094596123587,0.061311963189398314,0.44412883690303256,0.4803424526667962,0.013711634614014586,0.003272854684702594
148,WT,418.4374560691544,0.00577647944640128,0.3830602962311326,0.004370347624478377,0.4586054743835277,4.855781033803723,0.7446837203982728,3.095587639703285,0.1695039233513872,4.834311486507918,2.34178376725003,0.6959565732555975,4.779870629174549,1.4031860884677938,2.974956117233109,0.9720338544620546,0.04176607185253005,0.1387748782753655,1.8643982413868918,0.01936364180820787,0.008421030087397707
149,WT,460.69108800889654,0.004217110530658376,0.025029699308256492,0.006795498626142518,0.4822091298801231,2.0271515733928336,2.3445767419181616,4.57402149317536,0.10209064238224022,2.866433351183919,2.934133940349521,2.43955646879506,3.170034141418712,0.09326187034472788,2.7795737603146944,1.5308423550082457,0.014331421266186608,1.402864645789998,0.9797956366041198,0.018034732680595467,0.005422457289818437
150,WT,360.62001006748426,0.0024939642534122577,0.4415346416184549,0.013474380640476265,0.37563861122909625,3.4746171514315254,2.1492350533445226,2.5922407208427427,0.18611476422245668,8.582751535240442,0.31860977911571947,0.10152167917236493,3.1037719344779364,1.0658842307118341,0.4547217632914715,1.113010038724475,0.0692382776013657,0.37034165799967234,0.13870784353024745,0.025313451306756794,0.002806008630404536
151,WT,329.64883016010333,0.006591717169570064,0.3641162287015604,0.019775302429124245,0.4892689326636935,3.858049510645949,1.187250089586745,1.1360136252100268,0.14045478626038643,0.4055067161383918,0.7532675395464301,2.041688421091683,5.679552858903814,1.9436358933872957,2.324887164422287,1.0139915184232537,0.08915217920095743,0.5501863863972825,1.4823958808221531,0.002507481307202,0.0016681975670928652
152,WT,314.7330415220549,0.0017401519119389672,0.4889019041927971,0.018292439496955505,0.36519726528957286,2.101006209503165,1.0853506308800105,2.4902760104106543,0.042520947129457975,1.6210765822049626,0.6135142464119474,3.9558768514084797,5.766636789247769,1.5968572166941326,0.034101015713634476,1.3318189730469716,0.017424030657131617,1.6711976736726344,1.0656252828727446,0.006585610724160324,0.004912722634339736
153,WT,425.2795541564733,0.008775779387614754,0.17298221073754994,0.002925107108844565,0.44466524157960313,2.6515946736352465,2.8475690857107185,1.8439222644508364,0.14697712511405336,0.018688683805386574,1.8691139290240035,3.7764838291249325,4.815319479172724,0.1422071752960059,1.7596010467567853,0.6453803578264714,0.00359530662543801,0.8267151154416994,1.6740845222596188,0.03797596445615402,0.0007388365605309928
154,WT,410.8773509544717,0.014752927390217996,0.23058087178789044,0.0009588489628570987,0.38076596138079344,2.9035118938686413,3.3400516647433145,1.6659055885563967,0.09941969326970092,0.06687010532351167,2.8012739146594,1.7064133293939636,4.284105632812176,0.9476037071936163,1.545287470245292,2.561783822875842,0.05150815668145487,0.846630010030381,0.2191747306075431,0.0390712773581421,0.0011063403388333823
155,WT,315.8632361537178,0.0026308477006496437,0.48837145034663626,0.011174274834618808,0.18934707312124083,4.6779904261234195,0.09536788837147607,2.852357675494003,0.12688417333780236,3.2180468133735554,1.2228775399859526,1.3092387831619359,5.853290667260136,1.6715222060724457,0.6911391555918845,0.8045353824233334,0.04959214092327569,0.3154932816096841,1.3769461172431006,0.0201588210065052,0.0031647528399663463
156,WT,336.30080193165895,0.005422950166340196,0.012425879484552116,0.016883509689345516,0.280281661076046,4.312786874191589,0.03541320779240158,2.9538463913358393,0.04406926369923251,8.309427180844695,1.1030503195674535,1.3587387374448456,5.591763047954669,1.7944116308832525,2.2767160966517763,2.698029795872702,0.0334593488867391,0.7356006226765788,0.6116156617698856,0.004778628998511749,0.0007466256558142121
157,WT,423.8414771693069,0.011656367695674581,0.3390166012420291,0.0065356844112641165,0.38925088006485137,5.529495144270807,0.09758797595043589,2.505685726969126,0.09925819021351406,1.010589970467989,0.9676541740759799,0.6478232034762206,5.904887181783014,1.8003187300716346,1.1860968785576957,3.0165392954650083,0.0556887732196686,0.5044642650952738,1.5404362782296763,0.007050347194430231,0.009406046359688874
158,WT,319.44103343587494,0.001725230002582168,0.40770786974955747,0.011670630918779373,0.2594397404374105,5.076721631771091,3.5727637114601998,2.767112539012868,0.10859000583220245,2.278981482182136,2.0231132372997105,0.7671910470062943,5.763078335566834,0.27775935364102927,0.7144151565642912,1.1390745887343203,0.04596046709824534,0.7069843606596687,0.9325155755154275,0.02146259235493699,0.0008524944380994663
159,WT,336.5753069355083,0.005956966454199719,0.3857643262482038,0.004719040443013654,0.4063514767292335,2.0558450958411263,3.737749074373602,4.164861550331186,0.11329928148466961,2.9898456827420024,0.12802888000951412,3.522755012502072,5.287689461645062,1.649977761099973,0.017607174664954428,0.6999917321951137,0.04998745610777768,1.7874012576502092,0.03943720823102648,0.027734948521430193,0.0017660635474264891
160,WT,298.33547147904557,0.006288504548605519,0.35483322957520325,0.017756694663666407,0.37993115225113905,4.321080943119962,0.14857027050209595,1.4287979489344904,0.09696301154643626,4.380616596740619,1.3687218470549258,1.6775789664979304,5.743669453888215,0.2695299372164068,2.041467137540597,0.6665903045333536,0.0443264079970784,0.3981480127920671,1.3034147134483445,0.00760532704190214,0.002867321715921908
161,WT,427.083436539559,0.00469127631571872,0.46921487506658277,0.008150153826615044,0.3226727652833047,5.567508771450852,0.5133470707177024,4.333347702749402,0.14205629607758313,5.71488881799856,2.9619478032145086,0.19322409701009846,4.7372666753388994,1.9367449794600335,0.13202799238205642,2.2939841786147817,0.06600264342904774,0.2953980293462748,0.18211648005122427,0.012006190610592937,0.008136669047321497
162,WT,279.35015717433623,0.0019199855044099786,0.4701400076656844,0.01252609496203133,0.40439376801408533,3.5009850195247587,0.45710801382866906,0.6602217785621755,0.07096138837815151,2.375071770661982,1.6205647687758085,1.1884933810037028,4.437447102335213,0.1886154704136687,0.1457974619020116,0.14098915259606642,0.05409367985991643,1.0825734077598357,0.5704014516073095,0.017244610915222326,0.002574272009045064
163,WT,430.1469545692541,0.008777749899490952,0.1034009559362455,0.0189960370640364,0.37006765786832196,2.9470619119728645,3.2972891559069883,3.007564473576128,0.19226748227587206,9.772769435911009,0.8256025322101823,1.7490619305560418,4.088223039311868,0.8307022383641705,0.95654401438079,3.803965338479632,0.06713723907809135,1.4999051891673632,0.4894758852073303,0.011397312076079621,0.00012371323781915785
164,WT,290.9912471836706,0.0012128711866849979,0.09556743398934558,0.0037504460943385515,0.43287451252712444,3.216553904136816,0.3171725600448864,1.3240417592166058,0.0531947546237144,3.3481849512309965,1.7978104962883503,2.855228311013941,5.837845159964576,0.031183111933908297,0.3539082975967291,0.49165195356200314,0.02173268754641751,1.1906158866569734,0.9221448647623978,0.03234820179598226,0.0034781514858469704
165,WT,322.5250330456543,0.00839393203778683,0.39114674598336563,0.002960789708691344,0.29284908727083775,4.455864129299154,0.20730316074162902,2.4826039305388363,0.16832588746138674,2.924990514593058,0.8652309414462598,1.5855324073768395,5.932698227541526,1.7289789520004506,1.6635297491497771,3.1271560321952157,0.0846162959783106,0.5100491530553312,0.5821086911483442,0.04111320609884202,0.00011653421663510591
166,WT,406.68049580409644,0.0045278397941879754,0.39730824277451915,0.001948616420014971,0.1322844828765247,2.5594809476175864,2.996507730175166,0.1426565000035449,0.024964737727789874,7.088815923058896,1.4220103503800403,2.16836369196152,4.5671336612187075,1.3022610349465662,0.6208088278605057,0.8533828177496259,0.043209952864025125,1.2601439503880394,0.8975270411085374,0.015583006711297608,0.008411422591194317
167,WT,405.5745263863653,0.002496178109517952,0.15733678479295699,0.0036149290602734974,0.41023792429223915,6.090338160217818,0.03934725345234913,1.660177471497659,0.011785753030980284,6.075237192493391,1.8748726358509973,0.3131648509109423,5.9371326612723765,1.911308020649472,2.5162814427649236,2.20988540468554,0.04999007529986513,1.7739777902258655,0.533231033296094,0.03066984043793996,0.0005391796712352175
168,WT,425.9265501876483,0.0069778444087532105,0.46838290889555045,0.002948515867074661,0.4053428366011188,1.698568055976443,3.4644572875669173,1.2779844895006918,0.024161152043515877,5.939169451349409,1.542605365542491,2.144670208016114,2.934704404402188,1.8523880419841539,0.8959276595027641,0.485421815109234,0.013328651661717393,0.6456259237720468,0.15460280949056493,0.027694009418486144,0.005169840738469146
169,WT,389.0744603246619,0.000406673936146505,0.15553263017759125,0.01867803990796913,0.22015062654331885,0.8199092774115555,3.315255180947099,0.20738689202214333,0.16638177731625034,7.843245613748488,0.29235894727839257,1.9303494695248609,2.673092739945091,0.8515573132163797,1.0300279083956823,2.7091743645198454,0.09118698202042262,0.782331709713264,0.13952374996502664,0.006260996207853621,0.00829916085275774
170,WT,336.67382325283785,0.0034355655218149856,0.1580491444654212,0.01846699452514139,0.3664161417611679,3.1908088547755717,1.4086079227999513,0.16171679908708472,0.1416158941109292,5.678209455920928,0.4942936642295736,1.5443726351085971,4.601309870880178,0.6702863511173466,1.108618165321955,3.967774202030315,0.07564108183998706,0.17694170601419307,0.4886645643400308,0.005860022793871459,0.002335046184133104
171,WT,392.56328841014835,0.0031231115163971625,0.29225377740485176,0.01126885750976745,0.24667147577814053,4.3895292302678985,2.8584437758757524,0.2435748627431329,0.1374911220414205,1.194529651677597,2.337772194290464,1.0174236381404886,5.377752723715107,1.7115278161831806,2.312303040239478,1.3943547864626171,0.09487496405665595,1.586972745260847,0.4341936073003424,0.031313357052484926,0.0016945488549738735
172,WT,268.45025353366617,0.005379030032126709,0.1722816641334938,0.0027901747434010147,0.3829091627142214,5.408632173992033,0.24125179067946412,2.863816380821572,0.01151510050161195,8.864683219859012,1.9169362090816597,0.2597307687996373,5.431502627858495,0.13797860480110583,0.02490127617099478,0.06527642556716798,0.002624186370933874,0.66939087892873,1.1872177356828066,0.029865818364950374,0.001498850699755552
173,WT,380.12279960994255,0.0014578890125184919,0.1529535784149912,0.003364735998057089,0.45931363742586995,2.456954608877288,0.47925412891682745,2.448271745112816,0.08319007359931593,7.190135164329346,1.1676875197007714,2.367574957167742,4.635294201177447,0.529965326029965,0.1728324817298904,0.37282863101551844,0.029655596974437662,1.0688597810306895,1.5833823382697463,0.011171568883262421,0.00599500610646472
174,WT,407.8214031153421,0.004790689042952134,0.2725455231137426,0.013857957495103091,0.39925968896440056,0.4838603374009369,3.641542553796484,0.8239084748530774,0.11586373511375478,8.40987722571208,2.7828145372910407,3.4356226342095395,3.48973093746981,0.13160618310587704,0.35514908961174235,0.520707829818458,0.045731709947198114,1.8879408718669148,0.6332771513907629,0.02086806877409209,0.0045067829644810774
175,WT,417.0174407264848,0.00010333001962478227,0.17794991972528712,0.0005523023845511212,0.4877272093181323,2.7488078041304576,0.4103683633148658,1.45049530611914,0.07569024857484909,6.856527958100374,1.5096493624912029,1.1972112678785554,2.889468595121865,0.5530041032401385,1.5704668639490176,0.508500008789095,0.013793968925823435,0.9521528368580461,0.17539173114681647,0.04724437482895033,0.008198994201198684
176,WT,426.6201411462198,0.003387734720879631,0.017339664674608957,0.027696309926759116,0.2182798449138356,0.7781084633519944,0.11254464806930176,1.1737582921926224,0.15473076640573757,6.495715021174735,2.7380053974165293,3.4254513052852325,4.19014409199854,0.10544612013943407,2.3896654663573584,0.6341098825248199,0.034318270911826626,1.2221792490800643,0.590230799047225,9.632122579535801e-5,0.0069803816157724295
177,WT,309.88146443826224,0.007339989770144153,0.39396356607882627,0.005115768908712802,0.18042111911608283,2.9926144506186976,2.1604382992367515,1.7032795896123534,0.10541592108749896,1.350060652000908,2.61709764132436,2.0304079711030703,4.9273248276691035,0.8831659511776784,0.24020725157503425,0.148182514682626,0.09115495673809662,0.6043605126784044,0.840004192472795,0.02907226461732844,0.0007619337199182186
178,WT,310.7445595757405,0.002559248369113951,0.1956914671533035,0.007745640001914479,0.33647469837245625,2.904357288398106,0.2673210857294731,1.249164346861773,0.0936663748148186,2.120721243934838,0.778976989433412,0.7473883227568425,3.5141142368678047,0.35655284335320814,2.505515878826911,0.4666185536936376,0.05668360322259561,0.6703405366954497,0.6137293678706209,0.027967572172612164,0.0017976509125837443
179,WT,319.93795913010814,0.002864909467244393,0.17803871536251392,0.00929506063557478,0.36657595598836784,3.130672664662521,2.2313263351081103,3.164607513206773,0.18937063546272592,7.492336827864433,0.7199758814837762,1.3552948210048004,4.348986866515767,0.3803652182172503,0.05910547557215127,0.6779693452104363,0.06764350069693108,1.0801877539180664,0.2904881005708166,0.017911331049776314,0.006475514966998879
180,WT,333.54457561141237,0.007287457160517603,0.4336689685007349,0.021893684377848822,0.4838421341170123,5.584070925447106,3.006490748157924,3.1713313229571853,0.09958560372600067,1.98391415954657,2.716867408481426,0.5368379184667006,5.703009138230702,1.1685475315698832,2.0510489733664623,0.3395019114373531,0.0515175476748653,1.006854511610305,0.47684747470359296,0.005471795366408407,0.00013036376857129687
181,WT,418.08505210929445,0.005377414044959786,0.020536251267495614,0.007042310882594578,0.31813428282006107,2.979187681424317,2.6293723070216846,2.649444448768769,0.04349592531966909,5.19107227624512,1.4862724523689474,0.7943428494950368,3.6651824980858305,0.6734661155883896,2.1611059605155645,1.5521705157157124,0.011618430614232768,1.252682179419906,0.17233231458327025,0.025881235181570296,0.0049538453261777785
182,WT,351.86008111074153,0.002102213537393902,0.44799798898379584,0.002050984937374348,0.4786434512034799,2.7316194250945656,0.5443497707321846,1.7650607056216472,0.15271735371119066,0.47306455335824044,2.198164698591041,1.8139374420705132,4.304650950619032,0.24638300292061807,1.6996326482814554,3.9811551269800107,0.06435179865842022,1.885290115356014,1.1554960677244315,0.03177494561965132,0.0032167791569795772
183,WT,320.47559354950704,0.002893869740710199,0.4741785810678434,0.010903206661119744,0.2263617168136291,3.9286637459980462,0.6180696757037268,2.831849447782415,0.09571678903270754,0.5090618204290341,0.385697048746052,1.0292221082925281,4.739069524761451,1.8595352062299781,2.699256644228185,1.4522892967261574,0.02855610997754666,0.20844628665528114,0.2818923594827308,0.01772221539012452,0.002643802892509317
184,WT,318.48952956084054,0.002224686352392561,0.4842658471274935,0.018180518232162296,0.22314724668128405,3.9340234197563593,2.987975970313702,4.320922404000696,0.10869979053751215,4.515063525837203,1.7197960445941722,1.5668860285067447,5.374203553465272,0.33807467380786377,0.5745066523688845,1.1871149199020348,0.06911894076107017,0.5650321087693002,0.901805923529582,0.006536509665782363,0.00414640875414551
185,WT,299.2118853509995,0.004734546290737145,0.29900735125355976,0.01591482943175944,0.2174210931346645,4.9595044432892665,1.4945862651615998,2.6168220727959355,0.153117175134576,4.245740722531919,1.60028646468366,0.800157918106943,5.743978610619993,0.13970713782003633,0.4846867153581581,2.3237076290664813,0.0750118146621244,1.0179013052563082,0.6859971860922408,0.008831386551431706,0.0027291944017679513
186,WT,439.40144402012373,0.0023861537453255376,0.04897585236273899,0.01612885534346705,0.2874772631938829,4.069657340321381,0.21105580780511501,0.001852287564994004,0.158351981980919,8.351373180845538,1.406087048906464,2.250582520718603,5.529954204374726,0.3315120866368175,0.5412097451445925,2.1456704859513245,0.016905209203217794,0.053525570720724724,0.5019188293784508,0.0005291041255759479,0.002985411163422452
187,WT,352.5851094452285,0.00692537351196836,0.4547825444923014,0.0076249195258704045,0.05318064130409815,1.2831491217784947,0.2358621582052025,2.052544098445841,0.12708184854235402,4.570799071336962,1.4394890805371696,2.365215620754364,3.6148135289006085,0.21941236755251928,1.863450938551081,0.9728740493818154,0.05777517514312626,0.3884409798712529,0.6964465303371993,0.017540974774257007,0.002470596843396484
188,WT,314.2739838419172,0.007865632322916278,0.400145675201006,0.019529635778186852,0.27238673735242,5.162652943241823,0.17020634295721976,1.7206405639819076,0.09017926714296441,1.517483179189101,0.6990550312990151,0.07075071364296168,4.890138664616093,0.6809994778170301,2.5904146614147243,2.192482964256975,0.031486052597605264,0.06146678613193603,0.22024008346819873,0.011426737024299648,0.0016848747873327344
189,WT,290.1354948733685,0.0023886066845829556,0.4549135533386945,0.01646382599576809,0.42452399815277564,5.915637771902831,1.502931734085767,1.605067836296392,0.059213400229462934,1.8609663576045141,2.1455103961380693,0.25871790849049414,5.822129701430571,0.4561839612294493,0.3721946756355793,2.0450058197674377,0.0175889693964172,0.7365306794519777,0.35340519110289487,0.016683737592472887,0.0019340239926823165
190,WT,431.2865859572672,0.009578954986938795,0.15640201475495646,0.010134290135995396,0.17967230023577457,5.102818447307696,0.6279365611985033,1.1921153557271005,0.03158027455417377,4.662754607148132,1.2714967942281001,1.117459549946975,5.890673384609438,0.40740698413414567,0.938370391915931,1.2225507523025543,0.03166217923348579,1.2885079229282297,0.22067210394048575,0.02921611343577604,0.005676175010331104
191,WT,425.66736142867114,0.005043883287356935,0.15916924328593096,0.005443926021676702,0.33289143995199105,3.209953206739824,0.18833650551056325,1.0074552070888139,0.07829341406770096,9.353373802201965,2.6712192049010763,2.4696339793569138,5.296468103575837,1.183151352000154,0.98903502816864,2.226564201364167,0.07917904359175075,0.16596699372641233,1.9219286412104042,0.023499148011767557,0.00869784654303991
192,WT,431.90722204809254,0.008466432400821561,0.3399414267327714,0.0013905099775392941,0.43419187336899334,3.8339418032369217,2.6957259008951864,3.923757997371724,0.029109600500901764,8.304939167119294,2.442745665803991,1.3822448398462397,4.935737336130057,1.6737370778016931,0.2542342761866334,3.541957200087361,0.04327066024688618,0.2405387707219755,0.9020752157147554,0.010902524967126681,0.013915617818758129
193,WT,353.2761185451101,0.0015349118945168425,0.1462007704738065,0.008895991761426521,0.486959033262378,4.970716786048958,3.035286869566836,2.593460971688734,0.10146707846880249,9.49921129496827,0.6351552956914586,0.17666865871365955,4.925757687086437,1.7862756617019047,1.1130592165319353,0.5381794220556587,0.03774235684666226,0.3932666916331645,0.6692027328711745,0.0374736414028602,0.0015613555545872181
194,WT,397.90319981807244,0.01182087682061373,0.4768267785437068,0.020451433733505067,0.0777226132587343,0.8662582468714709,2.7316732965991863,3.077602949605054,0.05257433731645511,8.22934500081188,1.0539085131143282,2.3174991777046197,3.05843021714368,0.6522797216322034,0.1778859837446869,3.5720663057041597,0.014540242397318354,1.0818637628179695,0.8667113393911952,0.0058816241406260935,0.0009433914309169228
195,WT,366.9239102385537,0.0008643130494133317,0.398829064852665,0.005821512539639492,0.3328400445314218,1.5299505833940654,1.6084521263550147,4.393456024809028,0.13240835970305714,9.392601443587498,0.9486525034297671,1.27006023306839,2.5898197465094617,1.014009429760741,2.9188168365767893,3.399027339507015,0.06274570799408219,0.009491254771127708,0.44796101240960506,0.028285975024157497,0.003962806092196875
196,WT,398.4027679703119,0.0031519491985445925,0.007625261881547857,0.012270056171041011,0.4627247109690972,4.564343041575201,1.0783298855095291,1.9978902524354234,0.16201027603676985,7.678982897474292,0.7337324813408606,1.5149082525916924,5.291471155093872,0.31098851823619156,1.6120681481318284,2.7924674835241134,0.04998010111118814,1.2424655039205164,0.07842838342715397,0.0301165002212413,0.0017036484247605213
197,WT,415.0856600848602,0.005696369131512642,0.24142005347628376,0.007389687492362588,0.3068382151223028,5.6515644386650745,2.667696966627287,4.399320851822057,0.14700481036954313,1.1683564439039715,0.5933917623720615,0.7797989280777873,5.164390080971841,1.3109393768159867,2.893316394247677,0.22201779048458103,0.0189697034066178,1.0976332818174184,0.464659326122259,0.03644605712223471,0.0006238289824061355
198,WT,298.54346625331124,0.0066936931836640385,0.22804741827759345,0.006660331706796718,0.4860735549229925,5.559660991396893,3.3807120982627223,4.545588649022873,0.18088667598842417,2.4616163453413447,1.3048350052893964,0.5384396021503435,5.835819351743927,0.9911093071933895,0.21387392713770176,0.6567137729120034,0.07582289480994091,0.2549322923361013,1.0967747154547476,0.03455520261490548,0.00024811953686326797
199,WT,315.7394036747196,0.00542334550226718,0.4859777627317969,0.02146620451750194,0.4574826286559444,4.163095706280691,0.7969091720148469,3.634613363020298,0.02288711330417704,3.9898101293990003,2.093490785609289,1.499139767268435,5.248871070405432,0.945885784314434,0.4196334221148519,1.371835728744808,0.004810316212589482,0.45348945878115654,0.7091529140343321,0.0031102649468378717,0.0011721717750998138
200,WT,263.5988261794611,0.003709456811000352,0.01683285414700937,0.016053016866355664,0.3884945945494484,4.5087174342347165,0.7888049001734184,0.6383721189679484,0.03036668851418451,1.9726821555644578,0.7224365986673448,1.5327687863709976,5.883418845000673,0.9001457854321615,0.11143239875252993,0.0802000932127469,0.012995000298290049,0.6882312054216879,0.4044782703997878,0.005908884724507124,0.0011386044211895252
