run,condition,CF,a<sub>HSC1</sub>,p<sub>HSC1→MPP</sub>,a<sub>HSC2</sub>,p<sub>HSC2→MPP</sub>,p<sub>MPP→CMP</sub>,p<sub>CMP→GMP</sub>,p<sub>CMP→MEP</sub>,p<sub>MPP→MLP</sub>,p<sub>MEP→EP+</sub>,p<sub>EP+→EP-</sub>,k<sub>MPP</sub>,d<sub>CMP</sub>,p<sub>GMP→M</sub>,d<sub>MEP</sub>,p<sub>MLP→M</sub>,d<sub>EP+</sub>,p<sub>EP-→M</sub>,r<sub>HSC1→HSC2</sub>,r<sub>HSC2→HSC1</sub>
1,WT,350.1035975017628,0.006428554550474305,0.1972136432417564,0.0008744472174500113,0.34381728347923346,5.437584862752445,1.7461647247105145,1.7145146218985747,0.013189412190201463,4.214987024569598,1.3369095519095884,5.155605573957513,0.9267438467283311,0.4014970356450972,1.8836394301175368,0.018163351654398835,0.844864554201741,0.40636148529935645,0.023524511567419172,0.004746704327119128
2,WT,253.31148032514184,0.0012913676327215755,0.37600264723433224,0.018035715250131923,0.3180281063742282,4.2845409719319125,0.25045432557175074,1.149076606582202,0.09345138494357072,3.0297160094373647,0.11801951332470476,4.0194473733029445,0.024251065205585776,0.040474815103545406,1.2881137463866539,0.035873015118464864,0.605756883511572,0.06869018029209265,0.007157437130189745,0.0033611591706063392
3,WT,254.33066667385103,0.0017715041732789438,0.382389518563195,0.015995943095217152,0.2528496879528801,5.35306892169175,0.7854502391857017,0.7015118064430654,0.07252553613140884,2.081658206113084,0.32592669640901273,5.087659774580196,0.10649430569452223,0.1311373845582048,0.31647314530329984,0.02540089199836557,0.24741142358872625,0.2253735488949045,0.009849612908176127,0.0038972895088230644
4,WT,409.6595235928422,0.007905117331449486,0.44069017204842753,0.004326762582042297,0.4869449239901147,1.3704729140856315,2.927148981353726,1.7620260509438488,0.08691821426541482,1.5886788722094103,1.0916083678770474,1.1079423425367612,0.15897484395931372,0.9133816375771836,0.400806126788138,0.0236797098144234,1.0203848390244996,1.825100871720736,0.02052995885865877,0.0020702609758946593
5,WT,273.02883872563314,0.003959639255003527,0.3083486780423117,0.015633667526068405,0.3482058749798299,6.246195029650014,1.2826786118662743,2.394387626940741,0.0041641696039258335,4.698735482478723,1.3684472339546785,5.910661551082762,0.36929725495466686,0.12334610285736228,1.3876894075795092,0.003260644972214041,0.030372286793377445,0.5925962378600732,0.012456563223224474,0.0015384072247640376
6,WT,255.91022160050943,0.004071785962340722,0.16077072849943538,0.008749246073705502,0.2285968484554223,5.344523811684141,0.23241436849321426,1.7008508658684296,0.042760487224867694,3.446302989507127,0.8664121266893406,5.190385527835616,0.10883377926358165,0.030604241566420887,1.9421990207160056,0.01126035939054415,0.12311229028288424,0.6152817102090177,0.023207304671534125,0.000894184407757184
7,WT,263.3212575774183,0.0014977673733401415,0.31976865141478295,0.012212314958274828,0.34998612167223486,5.794445741898106,0.4506956185683715,1.8003763215041255,0.04099399955893555,6.436878434344378,0.7222356961745697,5.527470620552298,0.0012891412139537017,0.06669616142237622,0.508947359582225,0.019941652118591176,1.374793424110455,0.417041936547738,0.013361467220590048,0.0028323686456301587
8,WT,253.43392073375009,0.0005220147294310257,0.3511217473217612,0.017035852957409975,0.40395335376265723,6.0742053001636,0.43468649346070676,2.1969555464683808,0.08306003294378843,4.7462464198189025,0.8423931879630838,5.778830475720309,0.07901634401749247,0.05149972443827046,1.189606966719787,0.026914085652476945,0.4700795473857344,0.6215690117250873,0.008413561450749016,0.003616061376326828
9,WT,414.958546655398,0.015383186331475389,0.1928114556147884,0.004381051766160686,0.42759423279672226,6.233078864928007,3.8976124615943064,2.4414005988549823,0.07864906072293867,5.243242707739865,2.768452901614352,5.844364211930211,0.1254511793656774,0.5082300982821166,0.8756670509417819,0.0306585287854979,0.23953834608430657,1.2889124569245678,0.009312536046894263,0.0005202033216075812
10,WT,269.8511681430404,0.004315153561305715,0.1531173789705983,0.009748326836899345,0.22197954526343433,4.53932098699112,0.6393271540398886,1.6499217591724757,0.08144962433126292,4.407549313138127,1.7249183218578121,4.488321745963883,0.015704088999523302,0.08765091496211616,0.2692910642954629,0.047397142499519665,0.05603155055621227,0.6375359439009789,0.011333111305514842,0.001432792022562216
11,WT,286.78356522012325,0.0009035770916230177,0.12505846377657384,0.0042918717878487975,0.43968628330777726,5.153392416934339,0.3963470756524423,1.8355071874238038,0.05830177329407107,5.312089037012683,1.580907331157438,4.891175393221898,0.5799173631955818,0.03444878009132585,0.9110689765543778,0.056120286126961176,0.33540459946072626,0.8151603421435314,0.04079838544781827,0.004288135028217619
12,WT,256.8221140564183,0.0004394087713794783,0.16994132444362592,0.009360142860245897,0.31430337082049475,6.10796909805623,0.2901630072696713,2.166970133887036,0.061818265280252103,6.015947913382471,0.8044767110081338,5.874640238940619,0.2740125140249231,0.03448409481535667,0.09712785631441254,0.01808981199475119,0.887184834122309,0.5736523085546663,0.024813711667683865,0.003782185850139724
13,WT,253.3110589311536,0.0022420980218260536,0.45213465421760085,0.0187721380885788,0.46504552449166187,5.755665591724651,0.7336921223561452,1.1250658462727334,0.09400918554466826,2.689887864808347,0.4504273234801388,5.3698236874600465,0.10589244280009928,0.1294631010102124,1.144575911912956,0.030289386319870895,0.4147424496038688,0.2535811211299556,0.007283563704406212,0.0021781848175205292
14,WT,350.8124709876095,0.0017065468902946004,0.3784881891614855,0.0014163795850481564,0.14436779554748258,5.829122014770199,2.388342514175199,2.1500479138015924,0.057221448032475336,8.647286595587735,1.7174703610701516,5.711024144459481,0.28694746479746236,1.1955361009711942,0.2965468665628208,0.0966523481054859,0.3892210706010646,1.763459672010785,0.04154253144437875,0.006163356042877939
15,WT,253.86179193988505,0.003718287751152329,0.32095252106244,0.01655307424635201,0.2468494535554539,5.7986641011653965,0.4376704194167196,1.7981754070829388,0.0986714300552738,5.36586472907465,1.2021133539659585,5.613461557574436,0.056206641585840676,0.06449447713690502,0.260519003139259,0.03427988795231172,0.26754992491702695,0.8905672456706992,0.010875548158034924,0.0026556518054617947
16,WT,255.26919518719987,0.000790949688139026,0.32432548281673645,0.015560563991632482,0.49712168903858206,5.818876977887155,0.5371731838378321,1.8340890757490498,0.06485523300532436,4.5074510095177995,1.2415463943972926,5.411962109415658,0.02270139941265832,0.06381622506577166,0.5158375882716384,0.014322133694998983,0.004476158079731285,0.814174615828229,0.011714206661673896,0.0022716375746028024
17,WT,271.4899077322157,0.0012793096564496665,0.25956330291070207,0.01897154787249691,0.4087310209272056,4.840142717122296,0.36575480663357135,1.7459546173765499,0.08964775815029508,6.253302915045939,1.0341637214078754,4.661595736749686,0.9124618879531421,0.07048620926338173,0.09914113688104838,0.03744685133646136,0.09398087653949057,0.8206067871782151,0.003953690843380327,0.0039412851109769
18,WT,282.3768704648149,0.001624058298329457,0.14376279365658157,0.005319973636940598,0.35079796684731795,4.380347061356992,0.7919154781687929,1.200432853127989,0.09102378809699573,4.058314791814987,0.8682760726309695,4.2373219544651475,0.27183013865786954,0.08765655141066973,1.244954380902344,0.06841064173442885,0.7575657157684923,0.31937227976615495,0.02595405924690758,0.00357904472334043
19,WT,420.14286552268123,0.010026299669613666,0.27872901822089,0.008882612798476668,0.2136953917597909,6.198506816701531,1.9287088164300767,3.978211596942879,0.013906272583987411,2.7024475438647695,1.8043559974647536,5.509243717622312,0.42924159646818794,0.7297793292059014,0.2695055309228809,0.0062393427152360745,1.2993886038800535,1.9166926278573806,0.01217523271568495,0.0004979640828304682
20,WT,282.209129256795,0.00349266493794688,0.2612145299960064,0.006432452743209709,0.1272156018081393,5.912858035343676,2.091949472627185,1.934749746906249,0.09321363039519077,1.804223256612389,0.5990554465332405,5.85706859367341,1.9876797139386038,0.1726738902121721,0.9098935454117133,0.07092607394605818,0.023142309797495444,0.3973693497126652,0.03432675448024847,0.0015709536299813986
21,WT,299.8797564144556,0.00456761710254269,0.12292611780779672,0.012803762514456142,0.45984524945695354,3.8770686020143112,0.7068381454214273,1.0094174645568172,0.006850362989844773,6.501157496178731,0.9416401607347032,3.5790065360147953,0.22344164898528118,0.3930494384512405,0.5235372431541263,0.0015030667370890321,0.10017652199256778,0.6185121983926163,0.021099039269186007,0.0016806524244843749
22,WT,418.0672766732994,0.0016398982691933402,0.3094222785131113,0.009929261718295694,0.05149915579965347,3.9286636546108475,1.9048936230207651,1.6154875906758042,0.09398170800974787,6.324759039361183,1.0885303653857317,3.7782822416368953,1.624824812738344,0.7478296887170335,0.5940179954828797,0.06534034433643382,1.0792260178597282,0.12998928118387498,0.018890131775534568,0.011987793928994668
23,WT,280.84710372887423,0.0025272312010447117,0.40163557108137127,0.02060791838694784,0.4772643217173794,5.300584817408461,1.1706925169088265,3.5280916854595605,0.05928870924323004,3.1549951581502858,0.502619168007437,4.981435338013321,1.8119507867306088,0.08571105373087991,0.8931540899593684,0.03770056121045286,0.5677042148868988,0.3284754251392472,0.005559448312731448,0.0013536814003237327
24,WT,352.07884210263086,0.006519294125898377,0.14170592761735526,0.014570785370138593,0.3084703057154013,3.3801429325593926,1.7069847330329346,2.782883893862999,0.06871396718695756,9.120315612092373,0.34020504775667426,3.1813705166498143,1.27325282455187,0.035500758269033775,1.3788245964476986,0.050132684580123904,0.038644696707882877,1.4949977790715785,0.00670381911803004,0.000584765860337038
25,WT,320.8363256569605,0.0023193486963445586,0.47921442958167354,0.007121824552777741,0.4890158890773507,4.9670189455402305,1.5743456855232556,0.9899559292983668,0.08374577333752506,5.992761104225348,2.1861364539220567,4.501651748967976,0.6580138730088433,0.23189989167891148,0.9656543101502918,0.031771565615127575,0.5843932611838754,0.15689635793204,0.030971450429760156,0.0015064433870155237
26,WT,254.3232758906321,0.0010953715929790551,0.43344203184503466,0.018213472241874192,0.27456727438281325,5.1261466657256705,0.1553998849858718,1.487697132853554,0.08162883133290685,4.956667013461622,0.43186549307512945,4.834268832604412,0.04776904181969191,0.014390153190544333,0.06481936246924733,0.02975429460210561,1.1456649274730037,0.23792570795123955,0.005914602870347324,0.004950210261216535
27,WT,293.65900492961714,0.0026296735569603987,0.3514543583430935,0.01959574374956935,0.2942266395248693,6.111695880762895,1.0301832053694226,2.208849289820068,0.06530014126504964,3.195683607933792,0.41075560607797224,5.981171676560423,1.5680773872819584,0.1254107244875603,0.024957446068858906,0.013166456758267827,1.2532128727157628,0.26685413997532986,0.0007629834552292766,0.00346943159421267
28,WT,303.703044049133,0.0004264947193503069,0.14612570163400831,0.008957192461438534,0.4565601830624754,6.165996589015542,2.9440814531740536,3.618530616300594,0.08652688363062666,3.0595720450538706,1.6875198313185713,5.885958257342431,1.6797665046240031,0.11706253014525606,1.5962657927471584,0.03128700396149279,1.293043521291476,0.3025054741004669,0.02643998892719326,0.0016157545080211849
29,WT,253.38245363524982,0.0021709741277672404,0.17998446912567082,0.012321824680610183,0.37010279007841185,6.125050539123053,0.2139365742337427,1.9557205825587418,0.08378295495305843,5.955564073579607,1.1098555509438213,5.893591755803926,0.04962490139440471,0.026455448302862894,0.30954745663895417,0.028753578578648187,0.6968340516068744,0.7612956733935574,0.015817309250752632,0.002860644219962038
30,WT,334.2046523585893,0.002397712504463941,0.29424315299450454,0.012287946064095282,0.17801917853761046,5.821959815127079,3.255028254293591,2.708311699550008,0.09927455180301238,8.91678794225672,0.38217528327462386,5.7073787544191275,0.9479669501881386,0.2994833399362311,1.4057627547841347,0.050786087009729544,1.8330969709960456,0.17754801496857575,0.021962865051294363,0.0012235280781416214
31,WT,256.77266570624533,0.0006222121481001335,0.3587521408053544,0.008637059470028123,0.2833844691376797,5.842170781698082,0.6828338093414068,1.3359772200477371,0.08883802504925398,2.1517534076598324,0.468507400163819,5.648855779589005,0.18059051228375061,0.11533530048983351,1.834423973672656,0.03988233691020248,0.1636399636045146,0.37609082955505385,0.022209382780868682,0.002558206104840792
32,WT,252.53067369237814,0.00018437287288148603,0.4123419159707733,0.019763381696716233,0.34223328283538607,4.455146422454733,0.22026381782265833,0.9020324092636998,0.07188939674748486,2.7252520762556327,0.5212408838731402,4.154134439250921,0.5215779150436091,0.025027181067185666,0.49308433315107947,0.019383360996549113,0.1632092788978183,0.35529189434348124,0.003860955933566935,0.004963707283693642
33,WT,257.50238732098086,0.0032533032752576694,0.29802644472039685,0.005393027479658816,0.31249212163586637,5.001586440729415,0.458832134415686,1.322188322912534,0.08069640148866433,4.078553949460147,0.4207693743752033,4.776122879431317,0.14017173067100472,0.0715907914840252,1.0593672662318516,0.029814585201123695,0.3796726105203899,0.34762552526680796,0.0295329335419171,0.002440345433141281
34,WT,254.65428801246065,0.0028354543633844365,0.40257215297544474,0.01745907203822233,0.4387309750853153,5.489761643133856,0.756373252611654,1.1213303880545051,0.09443731626499573,3.5607745339971877,0.7567907705153837,5.1169039130410905,0.003228384906697435,0.15038173023270623,0.28824205683216747,0.03612522936164465,0.06588675620079676,0.5886823675609467,0.007743500839803498,0.003528696951665427
35,WT,253.66886850858353,0.00208187832212829,0.35942044359933123,0.021214125183433255,0.4111986931634944,5.508559365179361,0.505388830666098,1.431446453339181,0.07565415453508328,3.270770328409761,0.8514348261955742,5.175028953039536,0.10929394391725074,0.07429960249009801,1.5221330833538205,0.026472344284710684,0.22104171959492563,0.49708186185156655,0.0026146377648051493,0.003705147553085768
36,WT,371.6390939780764,0.005210339861081385,0.45892953605093034,0.01654011644482022,0.2477280632607125,4.554837463099268,1.7100952589368985,0.7769709873628559,0.05571214329988043,2.407050224155336,2.1253710451773786,4.24809118616998,0.4455214034019659,0.544567271777506,1.472607935807284,0.05810879783457637,0.6371564700608898,1.9806337627960287,0.012185385556748012,0.0007960173632191592
37,WT,257.1615117152133,0.006258401692181923,0.2597001557727522,0.01775596213345506,0.3591139367150062,4.232139829911908,0.11236202793258017,1.0946757927513924,0.04099683482169117,2.4777322019550168,0.6087958578088122,3.8241148153597586,0.0019305660088615969,0.006461807623968128,0.8195784136731399,0.008600835051392643,0.12428693062049179,0.3680194925362661,0.00935205769457258,0.0011495235087032435
38,WT,253.08236351071452,0.0013364917423211108,0.28150674796713393,0.016602862308401956,0.3868922390150966,4.918602292936749,0.5155114873946609,1.3865781217411546,0.08038499312849422,3.8831973980007986,0.5453194393657175,4.649001572501412,0.015321672977762352,0.07163233619714858,0.10944430636109911,0.023523079460624288,0.5361548918084035,0.39184793109331895,0.00825865087564954,0.003857520245790892
39,WT,341.3508642330064,0.004391700405802719,0.31310430647730086,0.012445386447065776,0.29079903015507,3.714503135119787,2.3554900943750345,3.2566387674974684,0.03929729192287283,3.562028223403289,1.3260209163787051,3.488245069446105,0.2853670866244358,0.8002334118345962,0.2160108787909335,0.0772026179242841,0.7396326267636437,0.29069130044085023,0.015083870202702635,0.0031698854509198383
40,WT,358.91221225270885,0.00467422287473412,0.36974772256036975,0.014791741723895283,0.3160552042101947,4.078541975363325,0.8885178700683465,0.7137088462108434,0.013175572679501632,2.117101032598155,0.4799273395732917,3.7206457150087067,0.4637259706998129,1.146610058061011,1.411228882949477,0.023945591544573083,0.29281201713539473,1.2648754004002614,0.019991757929994955,0.0005135235455369935
41,WT,323.98296531808967,0.0041601330295606195,0.3234992723738687,0.005728959204005887,0.05787664889189331,3.4484302123770973,0.8547774861706445,2.9048300947799377,0.09035569986558797,3.313782925329957,1.825503858224368,3.409703558338255,0.7125887070855975,0.12766201899725857,1.8504250093284509,0.05884218220359266,1.465176929932081,0.2143362437152551,0.02917642997650234,0.003990086309462843
42,WT,299.02549526299896,0.00026184227800604725,0.09137980613667968,0.020094237069614652,0.347780230306101,5.986991099970031,1.0348198378972768,2.0523905481820774,0.04494801871901788,2.813916375777948,2.663419339958698,5.813901661969371,0.02288233639279262,0.5128727880108864,1.77243234780639,0.019091365392733893,1.905032958610553,0.46995909949223397,0.0010460429018465398,0.0024409440509763503
43,WT,315.7168540699007,0.003963423864016183,0.15211462471781761,0.004266158889250953,0.3658004876226496,3.17014116731937,0.4017961398400414,1.4016481698531362,0.05919250906796049,7.947558733964201,1.2150234353904432,3.0018871060419543,0.09691638832372856,0.1904472332161889,0.8655101679938675,0.04834825040866393,0.18245699425539316,0.8045840046180011,0.022814133031141572,0.005569941679007819
44,WT,253.69259243690794,0.002717261924379288,0.18768811456677342,0.0206736790520693,0.36655578595286875,6.117252864123769,1.0938830195467355,1.189357891898872,0.09163190823013687,2.4962117460318827,0.6560553853022226,5.886851327121771,0.03517782154446801,0.18486393446554317,1.2743467904775332,0.024432036813738185,0.10042027069183808,0.3574258806436621,0.002552047509786329,0.0021969324978171304
45,WT,281.36723576655686,0.007005131447403945,0.3804493112865065,0.014010385418824524,0.48242793251891153,3.756604061827153,1.433839997466002,2.299054219668858,0.057425281637458844,3.5220664135753497,0.832414195428594,3.362925848937067,0.00580669678274579,0.16909946432254602,0.03367045295080155,0.015091989777616163,0.0053306158423777755,0.6431889449787888,0.012878497852341322,0.002450191685865018
46,WT,254.20663475787103,0.0004084393760102187,0.01284791885447635,0.013057132702429416,0.4843853163183794,6.218896724149701,0.6417282519364632,1.419508556796669,0.069091637208312,3.437712515252765,0.7312781318010497,5.94809497771755,0.257164021997711,0.10353806231647568,0.7946810354358435,0.01906258250454272,0.2693467148518432,0.504673078405599,0.013146065281133799,0.0050113218338694214
47,WT,253.14938540362482,0.0007207917043560699,0.4906534940885422,0.016905903093463827,0.3378370622434224,6.148950777161278,0.1501233578472017,1.7491220291634009,0.08154402529113719,5.497022615206482,1.7718660553561554,5.774633063225354,0.046059397361979025,0.011878256815812508,0.05984084644648824,0.02474943903825597,0.006474130236324276,1.2011321979687035,0.009865355720471437,0.00368395018452025
48,WT,253.75022122560583,0.0028332539265144055,0.48899002467633085,0.018096227949009516,0.3292330149378183,6.193061561730265,1.127593922840715,1.1039741119757127,0.06517249211292536,2.882123930856538,0.34087105429760123,5.863688691579619,0.11933039384335613,0.19881225853401324,0.10581311110040795,0.01884410333845395,0.542446050242225,0.226534008912909,0.005276429042633914,0.002881308589124505
49,WT,349.53843899585763,0.00034602559082877416,0.021530109309270518,0.015524704943437577,0.39046431588215025,4.741331129906368,1.5871996685222718,1.8975818188742912,0.059917208738157875,4.679693372540949,2.4801434601796695,4.425486079315201,0.7566196746577317,0.37458521463182365,0.5495364162815897,0.05923893027888569,0.7849056375259993,0.406269960224613,0.013516433111628279,0.003097316573850535
50,WT,253.35968670577003,0.0019262205243940488,0.428248666311298,0.01791826748363765,0.4201093110140418,6.09211970682948,0.33097831383374354,1.6697258960792487,0.08091344306606751,5.345256327195656,1.3207303500960736,5.774171298735337,0.06979050857845476,0.05441068600396194,0.8181993096773394,0.027780498314181005,0.30558610587411505,0.8252913126912872,0.005768016143301192,0.003532412639552715
51,WT,252.94064003357641,0.000786839865947055,0.42947528979715605,0.01602813781006835,0.2762178907748248,4.933259223013086,0.1430549687589571,1.6104365421648597,0.06407743142775939,4.54103070815943,1.0620597548052844,4.689489471289558,0.13373773392501603,0.01274526035917001,0.8333975199968566,0.019511996822074714,0.1611483007466291,0.7722817320730312,0.009861347629881109,0.0035432042806315556
52,WT,255.18008577864566,0.0018434239995982734,0.3395972071762325,0.017088724657640438,0.39425732561743265,5.534281834583077,1.0084864665469968,1.2521559923293741,0.07219531703518432,2.955099952056215,0.7660498056282433,5.235543084039159,0.059639125203969495,0.17042032713846533,0.6871891228373711,0.02195888002337227,0.28360474870841623,0.4046717160654113,0.008877775506032876,0.0023644742073391815
53,WT,358.7985193917437,0.0003920068389889732,0.44419409065054893,0.0134406134918569,0.3699012139554165,2.705564122804404,1.2428133517530593,1.8003274398260798,0.0817535811521409,9.092708476849989,0.8173925993501217,2.5466184470852955,0.3852450545343033,0.7107927348392624,0.6736283792805638,0.0592050414591488,0.3239639366680429,0.83836899497744,0.0200835982926397,0.000665694451351169
54,WT,294.47744578666175,0.004164576910689046,0.06925309991157666,0.006707012672449816,0.3802635174342397,5.9626751598853,0.14104238094900012,1.3972145342050344,0.03548065971209954,7.18059349293107,1.9302006558891238,5.522964141109937,0.33753870556717525,0.04465917874877455,0.2329024898129213,0.008784240868701871,0.2439463496622685,0.6038316844982955,0.03385593040658917,0.0015524347996249133
55,WT,253.1397248830542,3.536699290574211e-5,0.14729042519051813,0.01584717844532081,0.23274946837133764,5.9156920363420635,0.1474869272543894,1.984953880118627,0.08490484171677491,5.8138005332105,1.5573575619972575,5.803340782555859,0.09276214568489292,0.015402288535335587,0.9007641906815764,0.033840313785240383,0.06497731185815468,1.0874115168144913,0.010807026547997006,0.003858747343572638
56,WT,253.77122117226276,9.786667836787225e-6,0.47846231771858455,0.01226516489272069,0.4805716310105377,4.4643988012217894,0.24717811317302385,1.335039733538394,0.09792901023827598,4.030147341312359,1.1355722068091156,4.0382997254437,0.04498012375002803,0.025632181073750714,0.11123119906302895,0.032648836305328915,0.22251757208026557,0.6665109328437816,0.016808115596380614,0.00437677901777913
57,WT,352.7492762533507,0.002567896415972352,0.4052240552144738,0.018898188848353873,0.24765228093391822,4.781349355621483,3.7089660980332493,3.8346792723958494,0.05910773638389299,6.050537154002729,1.254542153852906,4.505069994637987,1.491906233453744,0.9224718476488987,1.3261197786484722,0.012995978953018409,1.4922818389261296,0.15991964831358052,0.010892260497853724,0.0016319312133437998
58,WT,254.84810363988137,0.005384316116833745,0.2626087042870444,0.01702761123236227,0.2730441677573089,6.1154975628309005,0.6599229396208163,1.2036448227693493,0.06589655843286002,3.4759243057630473,0.6156532320543057,5.87615192944668,0.009906199220498365,0.11301107463101653,0.3907232710539829,0.017570713130164083,0.28640239150320385,0.5180027527880404,0.00892968369153026,0.0003124252833503282
59,WT,254.0765059157324,0.004359006904287313,0.040879512481905425,0.019187785304081353,0.169977809876044,5.130445989073794,0.2029664915081805,1.635501756748095,0.07571447336735392,3.695956626827154,1.0848305340330606,5.088055470235185,0.10729561088945609,0.024300573991905484,1.2512592443179213,0.026889040149434218,0.046529930407614425,0.6437348124511233,0.004032199686841194,0.0016919488260008523
60,WT,422.52356231971015,0.009584376324072986,0.45644886612869895,0.013154502542218605,0.42938970086177214,2.991007231822722,2.2014209893637466,3.1224060331095247,0.03185373702837783,7.109446225714449,0.7814224564812906,2.1545546557648274,1.280419620462426,0.1226459037194556,1.7040273481126595,0.00656363480671884,0.8933160441940602,0.5861921118796223,0.006049993466887574,0.0014170148640531997
61,WT,258.48227720183934,0.00048164149413211076,0.11901803902204394,0.008496808447197315,0.2963953259888713,4.818944565093928,0.5354193642169901,1.083649921097811,0.09496304452881238,3.554421167496136,0.6931373660144324,4.714196925099618,0.008529937080040923,0.094153997263558,0.5885826342949398,0.031160990904525048,0.40629087865190894,0.48891573164519553,0.015505998357804581,0.004927510657730727
62,WT,347.3685406628158,0.00024242932439262404,0.42227080122645777,0.004160548417491198,0.28937890615131434,4.78913723793255,2.4719743884310854,3.1900892025491143,0.04401363882254525,9.94707782530413,1.9555106883267073,4.567191181631567,1.5563802492676084,1.1754047440404578,0.24102844796272221,0.034839726665719425,0.33194284688008024,0.5373311241206297,0.031538337471969234,0.00396516954666711
63,WT,252.50769464175278,0.0007743606503304016,0.3963316983033183,0.020049808979542078,0.323853564392101,5.672993845397515,1.062772611982571,0.9762709442219281,0.06199244870292772,2.838347419677682,0.5092283726966218,5.394226536497775,0.0038120099555075393,0.18519474325158908,0.10713941640467285,0.01661422836520755,0.3455548558980783,0.3850836598116791,0.002994114039946256,0.004017957408004545
64,WT,359.91606269102954,0.00826896270900944,0.32487786657053563,0.0038112870047017603,0.16737576875013768,3.8604471115277184,0.9262274388507786,0.8621088769824641,0.07853975408997405,3.7019059121594644,2.244400090987193,3.770909120909718,1.6907945431399731,0.6402635142455331,1.0934646492525146,0.017146519857722774,1.374104928070165,0.16965642938033193,0.03271332151656496,0.00024772677307721507
65,WT,329.41236826438103,0.00705496601208078,0.3399350456009709,0.01585249966401059,0.49468743763027534,5.005989274668822,2.301852458133296,3.620221568638692,0.0010012840742150662,4.451473267903973,0.6878788672984899,4.6064412050791,0.4478322575844068,0.22968468098868164,0.38544258111586305,0.0450370054171053,0.21178894294760148,0.5762126117451987,0.017130360748054095,0.0018678760766995125
66,WT,271.6444435609143,0.0014232119793836087,0.0897765743449771,0.01247626800117177,0.2695908622126736,5.142976322397297,0.7127994787497575,2.7562064134680626,0.04092996606737692,3.4117515577548203,0.6380231407680317,5.027385107160673,1.1942786197347257,0.06465586776044896,1.074189591024762,0.011073847700016763,0.5472305986971348,0.33216373114466,0.014957658191193287,0.0023987578881511182
67,WT,347.11170731095785,0.006091601502770328,0.4714415008444995,0.00955051386880096,0.2993419825729825,4.039646336825806,0.3798557764663364,2.2648866969781403,0.08104655418772391,4.714832276756818,1.9134384294099545,3.8626902767997304,0.22705670890464766,0.6338211978797013,1.2996725935884303,0.033893455919482805,1.428172553994385,1.930692224489848,0.011052170106182023,6.898787815353997e-5
68,WT,252.53401420008566,0.000714811281556922,0.4121895447431537,0.021038777979307803,0.2541095865636096,5.858095164041074,0.2952895179309954,1.3216220183380822,0.08447763459321521,4.264161608273573,0.5374977770883808,5.6451723699462395,0.4785300149661612,0.045713480500474836,0.6798223287610343,0.028189418385743133,0.45379568204206483,0.40883876276299685,0.0032119743970229035,0.0036342755972105715
69,WT,349.8870274946182,0.0033025257970903006,0.43778989643453164,0.020432685640010842,0.3764644153877397,5.281032420836297,0.08579766772100239,3.81110434065322,0.08733466628484061,1.8670315638340826,1.6897052454407169,4.5538988323990175,1.7926806992633133,0.6035786884889217,0.8906530758000151,0.024095471602652976,0.12573108479220663,0.28585421485352813,0.004969859735422506,0.0036953020727509
70,WT,390.9830418076215,0.006040231142134211,0.25435370985763145,0.005186533880618552,0.22361578398827311,2.7066663626849445,1.7955397069529466,0.5621730401329943,0.049079856541984,0.6707569122410226,1.0699829573872535,2.3863134779941357,1.735455669662873,0.049003399611412646,0.9155422470821499,0.03511090590718121,0.03858685502417636,0.13779258352526694,0.020081911724901407,0.00526799743512368
71,WT,256.8747331566803,0.0009248037169544925,0.30215656252713197,0.010004802809566154,0.4963204659389969,6.06909932663851,0.49397233344146774,1.933165354467827,0.07731111193011599,5.095128270494044,1.018583832743205,5.69138955045052,0.0380126422669025,0.07463911371199768,0.6648457994109278,0.03522520485329026,0.5840578106843067,0.5720266223644419,0.019246075325560354,0.0044239902187273245
72,WT,282.5273947215225,0.005674838477701713,0.32700708401496603,0.013193862981293462,0.37461405061460334,5.69941178719591,0.9012465797669653,1.9644088213598547,0.06741124528840793,8.104153959158795,1.078599472746132,5.49800928316265,0.80698146074016,0.08038565523998235,0.9341580267989328,0.047280567226889565,0.014960801967637462,0.8562047897965973,0.016444551972248835,0.0003307321011089279
73,WT,377.73593450363245,0.004902875173353206,0.32303737630109614,0.007009714819265184,0.3521703858726851,2.228167861731444,0.32840681694183105,1.7065130963341573,0.08369288110158771,5.695908039668013,0.7207007004929629,2.011854143182212,1.4053711588799929,0.06922375450068634,1.3768436561326518,0.08629846052218683,1.9626912727793218,0.12525237573877845,0.01719521143970789,0.004427295131859298
74,WT,253.36960229002887,0.0005187794413046202,0.37229687247625337,0.019838475473994872,0.3229017772584527,6.130166840667036,0.8365887274588842,1.321723227481,0.0345405821113658,4.294388649796883,1.2178688391775998,5.815857184397788,0.00861399954941999,0.1595253419595544,0.26854108135436494,0.005841766422946657,0.03439481509129519,0.735440702792123,0.005731913948260149,0.0031064805092989797
75,WT,314.29636626445904,0.001623876882564304,0.4443446972562036,0.010810591429726985,0.31405365924527157,5.951748855040471,1.6244596165447822,3.1834377096832065,0.03555039611145071,7.118640761317872,0.7660281687094534,5.626026720275534,1.1759355716566986,0.6833835260964576,0.06267163241845697,0.015333553483143554,0.09488313964462369,1.0138624160393577,0.02200491777417279,0.00332909359097109
76,WT,254.21316203101276,0.0009658276442442379,0.3060290582598428,0.014760839578201955,0.33663217315287663,6.015507172898875,0.2628203569746274,1.8351975450274438,0.09502476397012613,6.132620017336921,0.43183753045426737,5.774197004293018,0.17676944640598108,0.033610097727330174,0.08074994870123206,0.033884310339202924,1.1296829859752295,0.2564685639270187,0.010211736194272633,0.004629978070317882
77,WT,288.2940293864232,0.0004219234922710262,0.014201535422580387,0.011448909988984889,0.24482523569262743,5.877577949060671,1.5824670009494688,2.4428642505901634,0.0760602965113118,3.018693325531562,2.5222037347717423,5.825413453303026,0.009056032156875019,0.28010573835356833,1.673559327655399,0.03299301437815095,1.2036684332751408,0.40196059308378534,0.012172178114822825,0.0069593191909739895
78,WT,266.3468139078638,0.0023897631306275787,0.12773853676906816,0.011518232139089741,0.3472012075282736,5.937846137262361,0.9125265697648197,2.0235036211616935,0.07232085069897855,4.305153529667717,1.8421214419722167,5.78133951741458,0.19466019940875806,0.1172333924575282,0.3478390170368003,0.026661866057552015,0.9718279794885194,0.5990414420496758,0.014118344654499643,0.0025578844702754126
79,WT,276.7514068387311,0.0026669756309454533,0.127447156367688,0.0075188370559039295,0.269819823182691,5.937951087490399,0.625433222683359,3.3627981373622533,0.09188267695334772,7.219280003327797,1.5787361393431358,5.82101671092025,0.0964761851490359,0.07444321261063133,1.1796085879879903,0.04638959378824426,0.506370847674143,1.4349736995767877,0.02461445184057887,0.00325561642871813
80,WT,255.53022429341678,0.007610815153606149,0.0320302440607471,0.006430474486666714,0.3158364328035875,6.062789041347712,0.27457158872413817,1.7522267696661853,0.08728961165086528,5.34189672069046,0.8396340572158246,5.910958644097084,0.1708311250621105,0.03533298796291974,0.3093948029620139,0.02784458304219824,0.5917857391621877,0.6140241846718685,0.025977071173676654,0.0003090094762366897
81,WT,276.1384042257868,0.0007630519432644862,0.3149326961480282,0.009588320032527593,0.39684596710989445,4.294756145102043,0.6762591208002537,2.929123856953135,0.08327054133575687,4.147101370104405,0.14241171690578924,4.033567271541845,0.3967717954414925,0.03573526836698277,1.8691202687772104,0.034547399999285876,0.6740294720886584,0.11121251800861978,0.019885289937630037,0.003995578560141817
82,WT,259.4581125045447,0.004503758741862074,0.2229879715892637,0.009020227283935376,0.2645054645486603,3.084338602271726,0.525827144180349,0.7368214258983061,0.08661172664821583,1.4828244361273721,0.39221720232033414,2.93366461952871,0.06788422056609167,0.06340222669513691,0.6520013930797678,0.03085567229707483,0.1263282218112648,0.22489356322749018,0.026309368686288442,0.0011654119073690019
83,WT,341.6075143741348,0.006214978571079432,0.3451150004267864,0.023231818802141105,0.24542351773415183,5.65344008884595,1.217999549226926,2.9386350733434443,0.0330802024979789,2.764600864383074,2.3731192063460345,5.324994107967788,0.7507058632529686,0.9692309733440985,1.8568978030250827,0.004935457704869448,0.8179402062339721,0.7544772501440686,0.002575270651506758,0.0044015197413803464
84,WT,341.35555300740657,0.003907583405282923,0.3668864240245332,0.007503930820188692,0.4603307901213521,3.3960536900385283,0.24242292831025966,1.1993382510318709,0.0704036255448596,4.982858155948972,0.5475653130311031,3.052066216981043,0.46707288612696823,1.45603948800387,1.1949026623182948,0.047128642975386145,0.8400916712117487,0.5680574792518703,0.028497250234633526,0.0007384436617258735
85,WT,292.18453814867047,0.003665374251124987,0.2923551315085146,0.002581595435478222,0.3923193996443913,4.589428286290079,2.027917297427212,1.9297141972016776,0.016991186984401323,4.024642250136737,0.5228214526956905,4.3613604972378095,1.0755370684731047,0.18414269633505487,0.06694566452122401,0.00946229680946813,0.4488214835509075,0.46275540327436804,0.030630199700345324,0.003849861265572911
86,WT,266.4778611890364,0.0005330508026351866,0.32164474616479277,0.014407440522865803,0.3602286178750582,5.432648150029231,1.3243827183135315,1.4313409944532767,0.007449768889866196,3.9222721510195466,0.5332666426998686,5.172881949101426,0.35958341102156577,0.19345435583894732,1.3323791996439542,5.211732917125608e-5,0.11472807333006282,0.5179404687001271,0.012310016950414409,0.003653823122630065
87,WT,326.2845107354311,0.002811848090547715,0.1427970974254993,0.0038173639481533447,0.2672778401471884,4.6422331280842215,0.43333626757665944,1.3875327578563064,0.07101212238408455,2.6496294095416095,2.8363404844349813,4.494004256680369,0.23405350888416687,1.2920958209800082,1.9711250749073757,0.0683524805416368,0.3322444016168461,0.27373110732230266,0.03562242954282307,0.002350183740170682
88,WT,341.9820488449577,0.008674655207739074,0.41046409793844946,0.009504412484119044,0.34513996278283243,3.3657769306071463,0.8350974614119976,2.400420077327228,0.09059846019302473,3.8422490921839585,0.7872822023630719,3.244445924135184,0.9527450561342273,0.23979331760613595,0.4160114272806838,0.05152250414579326,1.0723374607258478,1.529241459440984,0.014719119889281686,0.0006582665067681
89,WT,314.90411885981274,0.0018434185403302641,0.363339792369227,0.01557371364732138,0.3765042623057631,5.180544345978065,0.49143937245854385,2.4649104874339716,0.025302935053954242,3.8324635813097467,1.7112866399534952,4.904147562851806,0.03936493222544024,0.4640239928933108,0.7518424707606924,0.04334091050921518,0.5685825437124752,1.1302299586074878,0.00896831820689326,0.004119780186594229
90,WT,257.911577281469,0.0020067470399510396,0.06959957532580842,0.006987011495926595,0.49261007913158056,6.261458676361498,1.4001186285148026,1.1584368976863557,0.05185986445067613,2.92734645624502,0.9172865717735323,5.981624274010889,0.18350274044137377,0.2506731948637676,0.37447563907140785,0.016465472762021763,0.12064971897742714,0.48804754399859474,0.026964041536048006,0.00239453384766739
91,WT,255.07770078095547,0.0011286575352716477,0.28808107653288284,0.007285918125731332,0.23348621294572333,4.4566873398350335,0.4432876339805131,1.0027056425906105,0.07633934890321836,1.879364855693732,0.3351621235880363,4.2558449380502,0.04931285763686205,0.07629255344545198,1.4001378133979165,0.026461684506611433,0.1748948274192039,0.22169292881903319,0.029413471987533774,0.0028609035482721947
92,WT,259.3252293150116,0.00044832465655592253,0.006956133125617912,0.02093304318446882,0.41012180754843924,6.1890679678909475,1.8159582212064607,0.9800494397630948,0.024548687383276615,1.9921707881030124,0.45181010155910717,5.964631338271884,0.2262434185047349,0.30711214655954994,0.5542885618146774,0.002462178731510152,0.16643024200340253,0.3035550805106239,0.0016606073356499897,0.006133117412741744
93,WT,256.4934889263042,0.0030470294474144784,0.30226462128979337,0.012355414111928267,0.33413473717743714,5.420963237340922,0.2067261316531213,1.6590920086747358,0.017658344694620125,5.6261257822704875,1.214463951487037,5.0702702724251205,0.14714937875942158,0.02714467319612794,0.19812039326501923,0.0010243093745011993,0.13940061667207143,0.86084235298563,0.01766581670456685,0.0028480887295760336
94,WT,252.26744118520548,0.00012323286211055924,0.4176336278110984,0.02124508446930089,0.3479697985599909,4.894947623474775,0.3051883784396142,1.1583891653560985,0.09798230276462667,2.9139643645585163,0.42114205932483373,4.573615915753703,0.04999558692260585,0.04327157504102017,1.5540204090440002,0.027449781806555287,0.2935350935598152,0.27499244660605077,0.0010016464210143624,0.004429283266976957
95,WT,252.08563403967244,0.002474891416450597,0.4853976014008711,0.020946689000562776,0.49481787406835265,5.624362335465544,0.32305204704762946,1.559913314677969,0.0925759857284781,4.750240702426011,0.9121231624427086,5.18200879834662,0.045778486536717254,0.04499478937844431,0.46636563968104017,0.027673000619933955,0.4184858110704769,0.6544359137619468,0.003008303415470192,0.0031927788851663017
96,WT,253.7253323367362,0.0007964450362814074,0.002997366558638786,0.01350341855009569,0.4500370112118859,6.041998496676614,0.2994963706248926,1.6884321732535936,0.084014035495544,5.044523662361698,0.7127531591696541,5.812057653853284,0.20138247260631686,0.035169865251788744,0.3186586750118222,0.027455432371919813,0.71038625704871,0.5350759864507764,0.013175943536086311,0.004038713897391358
97,WT,262.35412612676424,0.0019785037827526743,0.4350944369807159,0.006155159207683227,0.4689916423884653,4.675490074777771,0.5246030090336521,1.3953317448871476,0.08270487450067218,4.181300368515235,0.5912719024848047,4.354648948859226,0.139924824877869,0.10449803991202317,0.0009461801730132335,0.04586084399754244,0.329710433292143,0.4827590006550323,0.02381275796178733,0.002975763321258872
98,WT,267.84451982681867,0.006601501124222836,0.2780791405429924,0.02125522615477806,0.3950478999540241,5.289931346440003,0.443344107593323,1.9485399025537464,0.0419777077952327,4.763802688529924,0.8895774072091985,4.9298123332406805,0.28613036080954884,0.05307161495730186,0.26848572857827063,0.02045330906624015,0.71512998747375,0.652876377402452,0.0033672124698907687,0.002272159132773264
99,WT,260.53857355782793,0.007082989568761714,0.3153151894251491,0.0018880330407084049,0.3799569810638188,5.283781610880652,0.888183103699364,1.3696171625018616,0.02148076362445225,3.5688185789400597,0.4309237965127291,4.974062358264741,0.07000584374714353,0.1461037952995896,0.42204399648979773,0.006220294612312792,0.711705078693433,0.2886960660941006,0.02996939189249835,0.0009741339974805376
100,WT,387.81751002077556,0.007301701082300149,0.37210641519169296,0.0109265051960744,0.4322740742236132,4.526206760493398,0.25571333607225455,1.5563359378532695,0.00533133888931428,7.189670623490848,1.0168624944620273,3.7885450777311585,0.7561690204834655,1.1442123780794171,1.4715519837953424,0.03566876576567231,1.8337180896796337,0.1693216278007963,0.020466681138226774,0.0034735790995195034
101,WT,282.6381160159925,0.007509365577337391,0.405615038958957,0.017004575313527562,0.3863207736667514,5.0516366802283565,2.0895251822038285,2.4174113823567254,0.08204639045679961,3.7211033152833313,0.8023595328820633,4.791834299495191,1.0952367468934847,0.13330355572476482,0.34488113877871646,0.043177544334706885,0.1945028898857808,0.3061527226472966,0.008024354416194689,0.00024508325784108133
102,WT,251.9990703291309,0.000965155730296025,0.45693738689046604,0.021490706036089827,0.3985210323639247,6.279675611232262,0.7894145365218511,1.5077034198543346,0.09587910994808106,4.396619796169316,0.8769703458448596,5.970833853985177,0.10710573301802374,0.1242807314617403,0.6474605502362984,0.03731266613759746,0.21302845234027737,0.6361318828242355,0.00105201436904633,0.0033328152374079985
103,WT,393.33544754862885,0.00947427661494206,0.43541406470284505,0.0039875809300512445,0.31193731466903274,6.513196760942616,1.546663572253859,1.3112224304036877,0.05195539738510817,7.516907257651019,1.7862638463600213,5.969195184624967,0.21619096909189306,1.1661835868001753,0.7416386887814701,0.08658324177437933,1.2391138766579588,1.1000948778268262,0.025146821828229984,0.004102109742744494
104,WT,402.50403615998897,0.003355426414684396,0.47831494985875417,0.016152096760525418,0.20990442511807467,5.749955785020207,2.677963821649369,0.049777361780440454,0.06451398681931989,7.886908867698445,1.3770390204801786,5.460104699553119,0.368427778232996,0.9559133441550498,1.368499183737534,0.038327851399879403,0.37007133537772396,1.3492566220942377,0.018777283688584355,0.005590052024116181
105,WT,255.9965494606233,0.0023918282892366207,0.35272832224409606,0.008361101288620873,0.42800273982938336,6.037919985295932,1.2330745414540933,0.943445914699094,0.08154064425908444,2.453614669260212,0.70301238678555,5.682233116228905,0.10945922909023359,0.21460032366031273,0.3091448769786452,0.023702569971577245,0.014583945530416677,0.5525024115406575,0.02517447172510455,0.0019156041966989035
106,WT,260.9150081115582,0.0011206224286455233,0.3203067996022,0.008867368284123971,0.4345271504446924,6.2377554902849015,0.5043081158094618,1.783308396440503,0.06573272883351831,4.512638486666122,1.720509351536078,5.866675001572551,0.11103867693804487,0.08480147154040489,0.1690116164524815,0.028086406509759947,0.04423027338320012,0.8509594196913711,0.02341658546262459,0.0022212883284694323
107,WT,285.10294693671534,0.00834002851277402,0.22299017623894463,0.01681213293563036,0.2006540984772572,5.644949592707583,1.313373428071459,2.495097828656001,0.05498163164310706,6.809200901121457,1.781457109546964,5.548872923183729,0.2284749100784259,0.14953659855014348,0.4474840588045463,0.01711501289454099,1.3550839115756026,0.609105482544506,0.005328002372952002,0.0029173809999319253
108,WT,275.80829882232354,0.002267532699005986,0.46581071561923654,0.022039698712074098,0.49843002798803476,6.0710230023544165,1.1863345149918236,2.817533445192936,0.05274544860613756,9.225471486255874,0.5344947018014337,5.732775972299076,0.13475431882095484,0.10538173888746113,0.7561273844309473,0.024689305165374677,1.4464710506608232,0.38639206885345717,0.0022111999851013174,0.0035435454002266196
109,WT,310.10846668433965,0.0013116497727154747,0.4122665298023594,0.020053838691115992,0.4041682708519628,4.193133569481784,0.9948422217924792,2.529961513136713,0.03492923964302923,5.2585046407588205,0.8302425313453792,3.937837545261826,0.9962506010836799,0.126758282429741,1.423945010464953,0.0298081919604066,0.47185501129644414,1.1079889617952663,0.00585079046237226,0.003736083237680844
110,WT,351.3673668354535,0.0017061900366381602,0.47423731504358485,0.018904093001646635,0.03215515824783639,3.9144057066387443,0.7840381622326333,0.1973406490319225,0.047873654569972356,6.526839005695546,1.5875230068842068,3.743859161246723,0.034157807452764866,0.9787406281244775,0.05956081439618022,0.023844846004517816,1.64264679325919,0.07619582876588377,0.0005589885778328769,0.00604673266299096
111,WT,338.57721126553497,0.010735513918761307,0.1953058819873543,0.0018834621349652291,0.49166271731888694,4.0119839097493655,1.053167053077031,2.703757308559392,0.04621332249985511,5.906707406908488,1.4384624833028656,3.7616070103319723,0.3710077067306846,0.45172334281355,1.7965625361266784,0.09522689173671697,0.19914231718365621,0.8235442508556409,0.030187697560321785,0.000759854217384041
112,WT,268.19234190507717,0.005831319034777915,0.45191803376635725,0.01230056745958912,0.4009595479272521,5.253260161980943,0.7777840238309643,1.3392171501312953,0.07505540145745357,4.251446242955198,1.2421955633679584,5.028880219264927,0.37867632655776334,0.11663280426991243,0.35628595347228276,0.04728480394817318,0.14290215335371187,0.8801299394122024,0.00857140884721965,0.0015138453084024238
113,WT,288.0848051535303,0.0016697552820247093,0.4193132569118603,0.009641232338332148,0.4664474259133099,4.85501128442196,1.1630188812864732,3.503731700361154,0.07703967162563741,3.964797960880381,0.7771205299553845,4.56205469584966,0.7376916065172342,0.17497967437645623,1.292137390386451,0.04971512078034165,0.13089911116798217,0.7253808635239901,0.025386196482956487,0.0022936412842296913
114,WT,264.6914343957319,0.0020985485848642317,0.46020922851055557,0.003972315853819221,0.3057061243814674,4.909087147929338,1.0392310647504892,1.3626865771372927,0.03422719775380071,3.2014914069949847,0.4718698144123118,4.583076002120123,0.3675979277864234,0.12411215847229015,0.25702253576397466,0.007205913997879013,0.25702563201033335,0.2711991028757333,0.028978787050090937,0.0033557166238023543
115,WT,303.695668000337,0.005056923302741044,0.08252113086711349,0.008084393349559266,0.3979796509541613,5.751798277916776,1.3043595985392065,1.3454374456843807,0.042638613568403136,5.656747711154494,0.801242170307948,5.545260211703781,0.4805990599355746,0.38198463182467784,0.7862320198618087,0.05731952121000662,1.536450441432096,0.31073792282148677,0.02872796430993088,0.0023629699468767137
116,WT,252.26228981135316,0.0020040955522427854,0.3510766056206015,0.021398550056713213,0.3226545442664458,5.782400001512997,0.5372807562283206,1.2734766912197504,0.06429565424782241,3.958654802399515,0.5433230478732869,5.516104951332457,0.16328508673234315,0.086860640944198,0.279711965731617,0.017692604225562694,0.7119397192230891,0.3527636732798121,0.0012905689026888475,0.002817689097872017
117,WT,271.0391125541335,0.004082831765464777,0.32795367872130476,0.01974631471401021,0.45492753406816455,6.386768469915163,0.418266655109484,1.7475088636000038,0.0369537145490463,7.189136464952755,1.684288671888158,5.982557085845963,0.2844055524351636,0.06572014940802871,1.2417432487928626,0.013157771950823014,0.9123178309968009,0.9031294565980029,0.005276580240546424,0.0035593081939693776
118,WT,298.08507963995885,0.004702694367111158,0.3304415476329452,0.010269304363059862,0.20846016852136326,6.127452487322643,3.1585294402660735,1.302067852239673,0.03802801598237242,3.5567332556508395,1.2949976092016404,5.960075808058047,0.1537543505954727,0.6304537089994188,0.15381013499635102,0.010645164209203526,0.4209199944251592,0.295117156553929,0.019104040422411636,0.005172843192256595
119,WT,382.6423168359107,0.0026988386000387143,0.27951447349260705,0.01861357617339738,0.30284862914233524,1.3675497566934733,2.3694607049908285,3.558012877651412,0.05269558800429826,6.915356390821559,2.0129698073527673,1.0925641756567812,0.012270000769049716,0.22605840777714892,0.3461024079462926,0.04072941579078733,0.07957738568312589,0.1280961320736589,0.0092360455268846,0.0033871430661118846
120,WT,361.964288334013,0.0017277539263220315,0.33838974855132087,0.022325328012630933,0.37710034653318314,4.747210588503373,0.024601199970782694,2.4238930557846876,0.06857919049477038,6.039221827806605,2.5953824281476083,4.608500012457096,0.2262583521889674,0.035970204138616846,1.985453961013854,0.05984907073274647,0.03503198140314279,1.4329297452432344,0.0002238163210640633,0.009654829630505016
121,WT,252.81679078569704,0.002957745291135451,0.4163483431596866,0.02032351084667379,0.39770604153765987,6.157629070642954,0.6767775900629253,1.0007472839551355,0.09459927005321113,3.3803259960461896,0.9234977924224541,5.829138151329311,0.4525986115130707,0.1160474063379341,0.12700215328216713,0.03491079535567207,0.0599738808000869,0.5897147700751978,0.004603623342963971,0.002093546742394741
122,WT,308.9706309985342,0.0011885713382282915,0.1552351308299324,0.0040031637950398305,0.29314174616884164,5.91188014512683,0.7861444897810644,2.3958382323730927,0.04513181604785552,6.712640287086058,0.641782422920984,5.689557816235391,0.8759535837950759,0.2803184019291248,1.1189246121116216,0.0517928590245714,0.4233503999951279,0.5633210906121269,0.03262818827558355,0.005445640719244973
123,WT,255.62458394819774,0.0007754152375028797,0.22893534313944974,0.011058853226214839,0.283577012626254,5.4508034693542164,0.8579338201080888,1.0440549981974612,0.057663808691801655,3.000558436571145,0.6588321193182402,5.275731514908814,0.21044175948837213,0.14728571177768562,0.2191314071619603,0.019786940019537704,0.15256502221993323,0.4872681829763102,0.01865232107342969,0.0030364556236112234
124,WT,259.73938218180774,0.006089390329049145,0.12129165725371852,0.00695151894589544,0.40269194212016113,5.649691402484321,0.09051789677985003,1.606924890368653,0.07831936515971974,4.807104346415719,1.8795461085129983,5.429794941821053,0.135616251635159,0.004196535669221661,0.3027163931646628,0.02577386404869054,0.21036899097231815,1.0133162530214874,0.019372567228314937,0.0005873661350292787
125,WT,307.3662880449844,0.004668371975927721,0.2200006463578299,0.008386858760194025,0.4664089221993095,5.2280702481345385,3.9129066593654707,2.7079442594498233,0.07736969142998852,3.7494454351634148,1.3831168844760542,4.915459826152655,1.6190682171898658,0.24894417783009287,0.20430058287008568,0.021162667390664712,0.2073715276867863,0.5593158200011771,0.0332717845379274,0.0014380426637464988
126,WT,253.51206610482035,0.000695244809938245,0.4488939244693481,0.020710355193750096,0.4650695026912483,5.479269240145236,0.9516428781998215,1.202475383021578,0.07714042855731984,3.7900352706621976,0.8249925844309068,5.095073057293991,0.05742052692656538,0.13303728127999728,0.11885817565839923,0.019993270028795678,0.0990615806881684,0.5662276869902333,0.002775947975666974,0.003073898877495331
127,WT,308.2537740252746,0.0025600354043192634,0.1280534527517811,0.011806088079510405,0.4957524901438745,6.129182648289935,0.9242623304017995,1.4304336137678566,0.08796114237976924,4.294318236745779,1.4308200876380688,5.813699650950104,1.1201217623351527,0.16422208774678415,0.106892434931663,0.06751616493684516,0.3110278760142672,1.3407426409303527,0.013520036857908504,0.004601131729025936
128,WT,257.18036946470164,0.002885535991405932,0.2662774079523159,0.012827710485433418,0.20327144654749427,5.820498944983768,0.8940298153052371,1.0087749205309762,0.06317755080144714,3.097740381734692,0.8459344329616661,5.683197805801687,0.12126429197289762,0.20295073922627926,0.9026176422108236,0.020661473570456165,0.13330348400159123,0.5246003252843723,0.016092786074433308,0.0019782249663287815
129,WT,253.2118874917758,0.0016875294102464146,0.4630412360155404,0.021228733932018923,0.31083814593314707,3.324268730072956,0.5051567675059199,0.5745035784562882,0.08589418375295318,1.3951972128073815,0.1987510090200077,3.0483935324355302,0.017270167499240978,0.07761413115542842,0.6154853444034774,0.03339729908499879,0.17091059879476186,0.13543199544838738,0.0023066122798817198,0.0019781832393232376
130,WT,401.98645691949304,0.004711421530480264,0.2554365490396002,0.018050257548155424,0.27413844961583234,5.593578701375776,3.08522788522896,2.0607406540088857,0.016793312483483272,1.5106956089567456,0.6315856523109844,5.245762848175325,1.5465898951664818,1.2983934282299616,1.5818127095860985,0.05416584878808867,0.07090587982445351,0.12677214495258027,0.031009960934106417,0.001033174822520912
131,WT,408.0742871263953,0.006818408295733019,0.3740501220304797,0.013133555397268307,0.3648476506538818,3.462377787336184,2.975971367402095,1.3108722175174474,0.06547018513915599,3.2430710341561593,1.8755281311869292,3.174661755599984,0.3322117343500688,1.4506145684543277,1.5499277375584048,0.08213109321051085,1.5075604480202123,0.7525825468829859,0.007267646236491343,0.0013908664001620256
132,WT,319.8393652682961,0.005575900132740165,0.025665718229278656,0.018464061823685124,0.4343958655410151,4.699503511200974,2.2106860333624456,3.0330147530334792,0.04963974360225818,5.164058779650407,2.1932643932178566,4.380950138901247,1.345150265316484,0.10930897132450222,0.9446684061722124,0.03237277741425318,0.11919413447939328,0.4099543684513124,0.009403730091095621,0.002716498719632099
133,WT,254.72339010976307,0.002383914020146274,0.3503319387400461,0.01701136577726064,0.40657382652248153,4.720304373023287,0.39455022302642173,1.4062712640414725,0.09259096335008482,3.459390168626452,0.3768198490726692,4.3914055336762585,0.025506700379355148,0.06383547815584352,0.4913236313599332,0.028844568576209456,0.6126682172546765,0.23295764884131948,0.010284953433162191,0.003100263571962362
134,WT,255.97245895726476,0.0037301309228977547,0.22289147339707424,0.01853997771466895,0.17253532592405496,5.910044522380473,0.4515820094741393,1.1129895529216052,0.05327933524745978,3.710450150109967,0.8643261597552846,5.774708033806201,0.19803966774930615,0.08015959187286793,0.17993012443659373,0.02029634741970894,0.16106881879985047,0.6610105502271731,0.004750391972855875,0.0009308253324823214
135,WT,300.6210247560485,0.0027508518270705495,0.21830009707351544,0.011492463123186032,0.32720192294832706,3.882210606939492,0.8919337555078561,1.4062409327710808,0.04630107163089925,2.1293080367446975,2.8498500204350194,3.595728526942656,0.3272646002211978,0.1472414126557532,0.1356042904659293,0.02266112725600309,0.2530388399388319,0.3728521736423875,0.025810296194440033,0.0040683538078750536
136,WT,315.31659189805794,0.0010141553773483838,0.34881307426083974,0.016378202117761843,0.46188457117601694,3.883097608330352,0.589341563752761,3.0075187299305757,0.04308940131308709,5.398344952757358,1.7031441587084732,3.697261729362099,0.15976206342914037,0.1658042720374402,1.844377138078174,0.01605870455000918,1.5303784818282025,0.6963047876783677,0.004837579947241778,0.003562916239836337
137,WT,288.83149335358036,0.0047302105119756115,0.22022885998881783,0.0004603315718907319,0.4867328908228835,2.121677668069183,0.36949692848029386,0.7364167250953426,0.08882746279630793,1.3424726425189122,2.316586393866966,1.7760252806290977,0.2902474482772873,0.04257823248120943,0.050708619276865485,0.029692334719725783,0.10171735476092164,0.22600794288499584,0.046057899935975435,0.001266185916988896
138,WT,252.56528129050824,0.0010670266927757742,0.37590663552243064,0.021632536455291063,0.387774464537669,6.217804493850755,0.6314750969763071,1.5925352618820665,0.06571389295283196,5.709338684527287,0.4098000979902778,5.903543059712469,0.034915880862604165,0.11284320944432844,0.17574134825050736,0.018544183327179272,0.9686549162492452,0.30772066209819937,0.0006662615426685357,0.0038492460200566674
139,WT,261.4090568418938,0.004322860715155128,0.461659380956777,0.021807142026919562,0.17444948996267093,5.223774388957388,0.6050513750271289,1.9023541060789269,0.07863918724109917,4.534201572343354,0.7300802487313436,5.046904094693604,0.3113138268647854,0.0873882017597729,0.3741866433128158,0.0442936951992405,0.42224356427493415,0.5222850618032641,0.0014007713117629782,0.0029754391606403173
140,WT,271.2730171819609,0.00047821002065474524,0.290423168559776,0.011253130420880239,0.3956288808096056,6.188727102628297,0.570096796090032,3.0003530574739936,0.07868791432871208,4.608665550814177,1.057431148698884,5.93160328447815,1.2772019645730726,0.06802197145066675,1.2414683065004992,0.04055489649668376,0.3616102230698102,0.7249705868094836,0.024334449487992887,0.003067635597684433
141,WT,253.6052954074438,0.0009652806129573798,0.42911547896873814,0.02097814138688752,0.3901824720840225,5.044189324969974,0.2165116232141475,1.7469183583676104,0.09287234528860207,3.8480269823138555,1.0505773034307,4.741132733752831,0.42570680521259474,0.016048466168935842,0.7435626645947466,0.03208786961948615,0.030090296606665744,0.7258395038477721,0.003066993991252452,0.00392016496516972
142,WT,258.2450969751851,0.00718439955067015,0.4173545015811733,0.0197242272037311,0.3327695600952065,5.435062743989539,0.2914300946022273,0.867958936056973,0.09509758314452377,2.737413704961681,0.43670820513493874,5.077610415219021,0.4541137566299473,0.03379146525735788,0.15574756670607603,0.02415331940499387,0.5345890430840248,0.24200733829501508,0.002088736798890606,0.0006821009666020013
143,WT,261.3126728520853,0.004892374329656694,0.12326509786727763,0.0032492741731328743,0.3964028452039173,5.470154556203572,0.5438463422562754,1.4060913222126366,0.05709424198897986,4.478590264188805,1.1846201851599336,5.227683488904517,0.02786841047486075,0.11282374053399395,0.8292061929022818,0.027037561281738887,0.11579248988554029,0.9548646671499618,0.03491822906705492,0.0007823381618671489
144,WT,263.75776592040194,0.001299076825326026,0.11934199564684303,0.008140771507907499,0.401868024573562,5.994473196593873,0.1749968843560187,1.1697769340377486,0.06403493465600102,4.818250233662779,1.5055596972266452,5.756070854675611,0.6693732130424469,0.025710946190659004,0.17306606020430015,0.011496208457841571,0.25300940277509676,0.866277688191309,0.023653414862555407,0.0026367254207867
145,WT,265.61242603061345,0.006546957124009591,0.3905366237799339,0.021635621113693517,0.49494063928675813,5.1336880468617085,1.2965668424116759,1.8509400229791804,0.08365665778934017,3.7143148718405565,0.7827317978854578,4.754807181936236,0.024143318627328835,0.17180591042286195,1.1760308939542803,0.03871209338927878,0.16482748423315088,0.5096674297647462,0.004014924115809049,0.002227210962115367
146,WT,267.94518010566327,0.005744244819075525,0.371144280214855,0.0068758734375315,0.4366762388324637,5.777280644682596,1.6366847582088762,0.7398280350552074,0.06690591245574623,1.2047505370284426,0.22566416415742213,5.503549812895114,0.08263914408341738,0.5216980454975322,1.1631792110233576,0.028177402461255628,0.17166985485133576,0.15542334201492325,0.021701760577714717,0.0006678856834148114
147,WT,296.3459085134153,0.0035965515915180896,0.4770726184569384,0.007073508671816998,0.27626035393205073,5.00283567515064,0.9242481025076211,2.3893734852179054,0.07378247158847995,2.124828255624753,0.7510294846377551,4.805701633422594,0.4869489171576206,0.24716687887222122,1.1735293257294481,0.02954707623964846,0.5812629296235117,0.3942949939475415,0.01607181784584908,0.005382909524043782
148,WT,285.262846210242,0.004098057636531264,0.3677989976300859,0.011547283244232959,0.44527940517368403,5.845538304196163,1.585449967189049,2.9732746489510338,0.08911924923219086,4.677395425706314,0.6199863135824187,5.566129269860954,1.6690748012623984,0.12800188337988083,1.958295774081837,0.07083043237609576,0.19822873828256957,0.37582721008123454,0.017817294345365272,0.003118354053378954
149,WT,276.4820796749181,0.0036465373778038304,0.36548840773601415,0.008089140311421567,0.3638861454919324,5.886831039678298,0.37365117309833484,2.3273138072445296,0.03933789447974008,5.745091644371004,0.930408343600138,5.647291949886379,1.3269019166537366,0.05115710549055509,0.560029483753971,0.024449426253905795,1.2977778843933323,0.41286401999431876,0.020630839238496512,0.003986372882399128
150,WT,339.00222159944184,0.00046415104677987267,0.29869828792686925,0.011362821454376695,0.46496543298756676,5.337053797569372,0.23318958862109934,0.8627366842925294,0.039993980336887947,1.9385542510003648,0.37753732244525173,4.825779223840211,0.3517646831180497,0.6784098591743133,1.0594331615559687,0.00875248006764898,1.9636070571735367,0.9152906530887142,0.014400460842399378,0.005473141448928544
151,WT,253.63920953914462,6.938665742284728e-5,0.3894971535055046,0.01644152980072287,0.3624788964984139,5.783024119236358,1.119607777456766,0.8940930557655774,0.07530370655019954,2.6606479906541214,0.15229367807290803,5.516196444244741,0.05066343906999255,0.19473220985398307,0.012925700715909729,0.021912306722681938,0.6775070326558542,0.09013267294724123,0.0055217965788342165,0.004626866527719951
152,WT,299.7346120737749,0.00046588179234716126,0.12708597384171377,0.0029427372222719057,0.3196924248745662,5.733674512556925,0.6454885238333574,1.4200745968558341,0.015213050782461391,6.276810960772827,2.8938062389852517,5.483804621230078,0.19000342150883043,0.4078139924316101,1.021760738164464,0.0006067442754938458,0.6912688704608373,0.5617027739805198,0.04604964924358029,0.003090355001480244
153,WT,259.18495039942604,0.002300427613714618,0.2723271642486723,0.017981373626565402,0.35787668745213336,6.128114377506222,0.6006292532224685,1.0728581008608633,0.05189293589123571,4.069218984411643,1.0834217667628705,5.804163578296084,0.23371832615498514,0.09596117091076745,0.3232951204096093,0.013281926606259709,0.15348743520426056,0.5551141620620756,0.008169632078278335,0.0006799949808517543
154,WT,261.562556076297,0.005543394740922193,0.48969819251732827,0.016449245241374116,0.2917307706381649,4.4058819734263155,0.6083164225227058,1.7948900556469913,0.04849640972329451,3.2180837139519745,0.9143252065753662,4.132425708951221,0.03826373716596115,0.0841010259089395,1.146256313566838,0.015122818284916498,0.13675387869137257,0.6547762104797181,0.011845313323397274,0.0005351306665396373
155,WT,336.7403749493663,0.007378261456838249,0.11322949432861344,0.014174741701649844,0.3872240175599868,5.5442727153866755,1.6099902906192927,2.9628912899026068,0.06859674565606497,7.93398012899511,1.4807895736395786,5.409843318950582,0.3522054227241458,0.46017257082487023,1.0112368154051343,0.053463750514569516,1.2056675639663468,1.9390374754785524,0.017661514534973645,0.002490892578137245
156,WT,252.78951627985123,0.0007115940543923975,0.2895227321108023,0.020810695978553125,0.4828443198719261,6.177481451785245,0.09491759596661127,2.0848214770543896,0.07923084845081482,4.40010596203744,1.2021400204030608,5.810271245444289,0.1608531822763162,0.002446984578115689,1.637333911894282,0.031046053497884682,0.23677409158650553,0.7918920834616089,0.0028032273941317304,0.0038532460125471762
157,WT,282.68629036149883,0.00031027709801797446,0.38463620957808276,0.0038676966969723673,0.49779518613569895,4.850065043445325,1.6222869863949716,2.9200164278754857,0.0429841265559163,2.8113945457485903,0.25807020950000187,4.495194586550126,1.0019677343104414,0.14662769225275643,1.5366497916559556,0.02037381676175137,0.24830795656764357,0.2694143885283721,0.0341165810414075,0.0037419589470410112
158,WT,255.5580868724882,0.0033207566155081694,0.3288450495553618,0.009312747624010818,0.47359040772732786,4.553251419410721,0.16215223150346048,1.406543023687085,0.056488701969041814,2.8597066189039437,0.7128736842680341,4.200802738341415,0.1330297412745276,0.015570798933377619,1.7149505141817738,0.01998363288170248,0.15922503699423513,0.4277315170745037,0.019125725413309223,0.0018804745996234655
159,WT,252.46654578096675,0.0007461926178184037,0.38065601288174283,0.020401244547044457,0.3645576879434171,6.300149577663911,0.7579278727405063,1.5205388241914242,0.0700725369539513,4.632113271475679,1.3958006538503474,5.9983754156698375,0.12386881261805742,0.11816617763563016,0.05320599344123288,0.019108338692235483,0.0048600653795092975,1.015589007412606,0.0024740807235851814,0.00408120405844235
160,WT,259.1713623946872,0.0005524905440384515,0.4823063143552309,0.013759117930361591,0.24637671449330728,5.8085044321369255,0.3068557266371319,2.719844328264822,0.09642795374935441,7.173010574904028,0.4471038838632897,5.598869194646555,0.041986830112949236,0.03203137346429047,0.8643398172094241,0.03821934666479756,1.2668925882864304,0.34912886280241473,0.01815389239734473,0.0036087702311474847
161,WT,252.31224824984275,0.001055877811181956,0.33590023414170517,0.02181265248990734,0.2613069292107323,5.997821054802576,0.2478644730783978,1.8871881338417789,0.07653083363019039,4.7325374357881325,0.7246199593252636,5.766999296032415,0.14813415530299848,0.02802400859337753,0.6370193748838667,0.023274793408228293,0.6857972514659795,0.4521805561262342,0.0004849271530056396,0.004097486641556261
162,WT,253.97790465341026,0.0022095486418513047,0.3645888565041203,0.016329029989499533,0.29832333873696804,5.80215982935847,0.6653615947243672,1.181582648996854,0.03198677027534351,3.426016019432886,0.5897662141968188,5.525553473476648,0.4006703667098104,0.11747211803697026,0.183265278454734,0.007459780692113108,0.34696683963098746,0.39687108526301673,0.009021810149266308,0.0025307350302858863
163,WT,252.81840283041888,0.0019504324698395247,0.3817453736091226,0.018332789563444175,0.3634786567244026,6.014723024476923,0.2571727242242007,1.715900806007361,0.07928199655684919,4.206497742576563,0.9619056577903649,5.71232850906746,0.060714895085411946,0.03334170990035014,1.1175975632625528,0.023906804574490514,0.3165345519406126,0.6460074485261365,0.004892965252787748,0.0022787628468941426
164,WT,255.26942173967154,0.0019426959411058134,0.19360976837755375,0.003894195960466103,0.4836749774901266,5.541013127685579,0.35874432281315904,1.5011278878893235,0.07151436499212246,4.55256042962124,0.9960676055352101,5.192984509597537,0.04928790331031135,0.052918857298242285,0.2508546562179115,0.01984265614717564,0.37079894193028895,0.7257024234924213,0.02966453182653523,0.003949628158301304
165,WT,252.78237171397944,0.000260172438320206,0.44690829483555994,0.019468399563821525,0.16744545452812915,5.088206493793908,0.46179528214770893,1.1032660763105506,0.08817138204870305,3.84803526738939,0.797444444171538,4.929483713406585,0.14228194457755458,0.08488072650029145,0.33707635980514444,0.0288139487328769,0.28762648780087474,0.5100683809436868,0.004546803190406385,0.004133325339420707
166,WT,262.3991588339791,0.0029515995496068315,0.2017497086777397,0.00040554360771985097,0.45167025178732867,3.9938099215108998,0.5092506334022346,0.9402427124981709,0.08273240347162185,1.590320530722858,0.4022506528946532,3.7002759559682596,0.018219852264463626,0.05180893287366177,1.1672535082959912,0.024134802764768863,0.09974606400811319,0.20615760897820476,0.03275137004664606,0.002173980898240013
167,WT,307.34022397223293,0.001510098616719486,0.010548970868044818,0.013311567384889068,0.4432313235841144,5.644177116168964,0.9006472470254243,0.7485201268045847,0.09732866936404888,2.5434204574431747,1.840976558051217,5.411305714103878,0.5475824735244563,0.5335497632219408,0.09154025233118258,0.04474447564517109,1.0453066630652794,0.9764077786570295,0.01865571081020521,0.0035962742929580805
168,WT,269.70739425931833,0.0005531896256776777,0.004235804078178624,0.012685494100060207,0.2753060419643452,4.555535641881032,0.4577823980424839,2.300644025871282,0.07772229296693842,4.898934977562841,0.7117705277519517,4.488441353370669,0.5565881267566043,0.04931977513039603,0.10156433161452924,0.04222337411206626,0.5096401820303698,0.6141853392724272,0.016864160380612135,0.004868785465761297
169,WT,258.81459237691035,0.0004373064795325885,0.0016177260805128532,0.003035220477477143,0.40316059114167546,4.758801324890602,0.2893380555576886,1.7271580948294223,0.06639421692921285,4.183443950158557,0.9169876725809257,4.572867418244884,0.0963059299406376,0.032082026926935785,0.2676037228666775,0.022411750660636998,0.6804253573973654,0.5230283695851964,0.028938470806567067,0.003621815236619163
170,WT,277.4066485736849,0.0044056622561726355,0.3983805521153695,0.011479759734079569,0.41789827977604255,4.091220833665943,0.9506741169433157,2.6932519841570888,0.07056181862596,3.6632618774544943,0.8200303120183258,3.7798825727555223,0.2757822516245367,0.08187478653292576,0.6317449040999386,0.024745858526823712,0.2382272358856079,0.3679171784638538,0.014111391618318021,0.0025843763589937516
171,WT,312.4147713559537,0.0028541441522538387,0.41590723602468327,0.013447861043135192,0.4034936384679187,4.937198841576438,0.39738282298622474,2.3562860378035144,0.030269189687639336,5.83032514053188,2.5835343143970535,4.594798456902634,0.6744094965477216,0.09862790827022813,1.511802186881773,0.03092625299293069,0.8186982890403283,0.8735186151076926,0.01960201307325667,0.0009438217432226354
172,WT,272.8376697800761,0.00011991057369143272,0.3066859234289276,0.0026139505329221186,0.35153924095117883,6.062066064031682,1.8318385448142334,1.8648074239889147,0.08871797330554092,2.7215638477194486,0.6735895511823884,5.90799003729445,0.5086717986318954,0.28117419678773214,0.4866334058263556,0.03261775788348982,0.24218465617747223,0.5335474373749391,0.025209782791952424,0.0035813942214130666
173,WT,389.82475999547785,0.012937838659373684,0.41540389090007346,0.00899310604016702,0.10997987700627007,5.424180974735626,0.7727316686364715,0.8738510996316524,0.06982584336889473,3.456839238953937,2.8791420907561527,5.1711795268967355,0.5423697746994278,1.1748570174601682,0.8240371445758744,0.047978790888515796,1.9949364396073095,0.3030487939912324,0.013141637818013512,0.005665506603715764
174,WT,266.10738612482544,0.0019726403907923086,0.34463840062851336,0.013733179248326085,0.43240823219140606,4.6370294388293045,0.12009498765946611,1.5365129898996632,0.09835515699548143,4.728150106190942,1.486234580220851,4.3635412979015715,0.2260016320035771,0.0022701166024899216,0.8663836250338142,0.028056701247398553,0.1251333640105684,1.2959153699693196,0.013560656443214462,0.0022767894043641238
175,WT,259.38392450721204,0.002963940512601125,0.2695260417831744,0.021443539719955544,0.33361295058737045,5.680742517572964,0.7542534871275905,1.319627198502652,0.07596853163006088,5.230849792854241,0.827108902548866,5.478687510174855,0.22981450276420534,0.1429678558739829,0.24182702257497987,0.024648316042612167,0.2396608975220754,0.5795247143059346,0.0019343223294124162,0.004089839594745411
176,WT,254.6053242112885,0.004392346801919612,0.3718352525133486,0.013413863924370118,0.4455349627358333,5.930076801615463,0.9456801799381906,0.6765376644196841,0.0752872947503045,2.329345956092531,0.05503234305145278,5.501032708468875,0.2583249888788531,0.19052383541705536,0.04809825391822142,0.024651975096758944,0.5702381172600877,0.027730282776718667,0.015289825347889398,0.0024358111341077045
177,WT,254.29598388061922,0.0016736514676705169,0.37172917262863336,0.008375323734642521,0.4897850267860495,5.081700337250311,0.3556596346953162,1.1323392351532102,0.08944625551471276,3.2640877160868813,0.7210794620529233,4.689059791270198,0.17477828573814305,0.059546261968237195,0.6954667931589722,0.027519590866359633,0.19610344008994032,0.4453083309382358,0.02346805192467272,0.002972764489570068
178,WT,351.38870693257854,0.0019679679461934406,0.3420877872820404,0.018216869101249915,0.2558922128460684,5.490651276053276,2.3646234234547925,2.789211348790954,0.06952825276918036,2.138164500672657,0.9897675679242399,5.310300870258949,0.7245075921703265,0.4918238287170627,1.2656853889497952,0.0935284958766229,1.894019416081957,1.2225981918994993,0.002158737774594489,0.004939471986123472
179,WT,270.1931545085118,0.003344328541926064,0.35823043970993895,0.016858444261985357,0.16948592436405005,6.192549147361294,0.822056722971966,1.4805328091821932,0.0898924357822697,2.6500836445180336,0.7800768710327923,5.90879963560643,0.12921151594489688,0.11075394273994053,0.3136691295837706,0.013461050112573668,0.18653214990368772,0.40807679134927227,0.008357000554482541,0.004375664711020875
180,WT,260.5616966736354,0.0006665714238714088,0.14381871702706053,0.004829338165524143,0.3115726310981873,5.964855231185107,0.6353328576735848,1.694299769430123,0.02080018134671182,6.037573707406355,0.6362522342444801,5.748880080939971,0.39829870291847386,0.09931285368743055,0.20347809890135557,0.00442584925374233,0.7201365457449482,0.521394237128073,0.03050920287861817,0.003656707566337619
181,WT,255.07975759063788,0.0007015938069141002,0.49665322391309946,0.009592390413437221,0.40326461652338114,4.250578378619577,0.4546768247309269,1.122192596078452,0.08096028733767503,3.2949927001428967,0.8882701208547971,3.934100326469576,0.12820349836337724,0.08037045169145202,0.36853441344235116,0.028149972686854693,0.04476757451440724,0.5571855411083351,0.021346395589322813,0.003542090312643833
182,WT,253.44403853771945,0.00072562071233942,0.20089461929288527,0.01840023794581776,0.4781573000177401,6.163272057457804,0.1497055575424972,2.377965789085272,0.06388862480463608,5.844797525308961,1.4643592724314516,5.8593913633733035,0.041535004587504885,0.01209181426622338,0.9939059591856337,0.018106519801915716,0.3466771665078542,0.9379150297506945,0.005411512438328636,0.002662035179431814
183,WT,314.5763896318463,0.0050572899238467035,0.05520755245501755,0.006943229081587385,0.4516682267049256,5.739335831253645,1.9541073266521318,1.587577651779309,0.053150786184375846,2.286832609246393,1.5022346755641611,5.3870981931535935,0.8181534881235589,0.4540982436061928,0.9659135966567927,0.01508499010094618,0.23633549320339353,0.4472757801734873,0.02928204669595172,0.00028758480054115845
184,WT,254.8617058982728,0.0027967672546270464,0.44457309821207663,0.009508567406946562,0.3669446161823866,6.278288908630541,0.23014372203580846,1.4273816038314868,0.08392323536368372,3.138625787036252,0.2636446790322805,5.972914048370385,0.6095297146008042,0.030332629256024507,1.8327778166600335,0.029223114223292757,0.6453081271854036,0.17909690226544944,0.02115525463744479,0.002406035140190387
185,WT,360.3975144775587,0.001124573575009234,0.08693475505456738,0.012180905798848415,0.4342931726510398,5.171897012116,3.0244060928530128,1.921403566330117,0.0665446700171558,7.245560606175792,1.8144026859482347,4.60083119854998,1.6184475572370056,0.07728997740460664,0.2584569707725058,0.007280882701508763,1.6533832593223983,0.27260534369625233,0.02834805466799496,0.001268150118634456
186,WT,253.226870600198,0.0068246878404478965,0.43591969305976797,0.021768795255091098,0.3472829153425919,4.913075655557597,1.188117060036338,0.49286919521410694,0.07000257030347443,1.2856972149751225,0.2058978537283055,4.589683569174006,0.12722474862586483,0.2103545395025742,0.19018270503170318,0.022176924768417226,0.19082493827029862,0.12434579686742009,0.001068384748014092,0.0004503639158335009
187,WT,255.16249674877616,0.0021122085851028867,0.30635156382400786,0.008682360065148765,0.37446927340635455,5.889094566605646,0.5955834117005745,1.0944012065631914,0.0795784925971437,2.350875739505155,0.30245490614617393,5.573392415486036,0.37805250634230153,0.09163400442339649,0.8306408431742661,0.020931043434821883,0.5031105408043683,0.17414186074791235,0.021871392820944587,0.0029869291377825078
188,WT,253.14504908319276,0.0025959368852544714,0.23538201149636956,0.022310738662751937,0.37667629394647395,5.655058222784432,0.10857678171661331,1.992134816895598,0.06837039360288417,5.434646139898556,0.7221616863660244,5.396655896554013,0.17481148151980955,0.002287288439268456,0.18025611095356026,0.020937134772757278,1.0188583501032227,0.5059707546711257,0.001044920051428564,0.002004010164527285
189,WT,254.30350207890012,0.0034176052880632033,0.26778879168878567,0.01939657702826175,0.4274145080214132,6.008081341712614,0.265325317946628,2.2117100017333318,0.08989170705524548,6.368975378688787,1.5889703741809016,5.768711914287151,0.07544991559170566,0.03557536647498881,0.5533592786403237,0.03283194415119415,0.15742833656315058,1.2366146939364715,0.0027428891098549247,0.0016813656285868453
190,WT,397.8528634552614,0.00884239015300547,0.04906556942984286,0.006802512943148572,0.020005072400685164,5.146903873059243,2.643134562978405,2.210577296654362,0.07486134397459394,0.23750609691956281,1.1493687624987545,5.187695513187316,1.8170150383191532,1.203857392903783,0.8759618596453334,0.02452709442047353,1.3084658656158186,0.4081060096646776,0.016711330929793124,0.004737219490561316
191,WT,322.19108891992437,0.012644031128557092,0.24226282473245034,0.0051931547274176055,0.4019048390180782,5.307807516577289,1.642571186997165,0.545479375397275,0.06901714287754201,4.270343021216883,2.4619350766370687,5.10337672558017,0.1559820259670006,0.24763767963362437,0.3271051556227724,0.026737961869288986,0.24509491552889057,0.2194959005817268,0.017094736011094677,0.0015994998148172379
192,WT,426.3663362726807,0.008203732817876274,0.2274151517661658,0.02021383213046947,0.11221505900839562,3.4047540932521487,2.5043826067656454,2.178946459844907,0.07558423124703098,4.303702281808928,2.262271981605339,3.393790162012933,1.3467981529078061,0.44384843251432954,1.8026145742890893,0.09874662043161855,0.7063488476067638,1.6869707070685278,0.016877869113949524,0.00037679959346924915
193,WT,342.7893895349508,8.168142334384588e-5,0.03037310309312926,0.016438525565864774,0.44373734279746446,5.513248924098786,2.7698335160838505,2.62537815632553,0.06602251131807368,1.4703107663197095,1.4393471959946769,5.253436780097457,0.7892354220023912,0.0599695711546695,0.13634186429193274,0.003601222901391217,0.9943543687902741,0.2633007510457118,0.005724054293061328,0.0025975693472189546
194,WT,308.4918537563307,0.0006854181705649102,0.2439786237268478,0.014996168014047004,0.40099027619978633,3.919592608863098,0.2711369173691618,1.0012581245464025,0.07847515145928927,4.7664265833931125,1.132300301858321,3.6953975955316007,0.017825957058665604,1.133367628765786,0.612797914674168,0.045784710558471484,0.2567433384794119,1.3230614803304581,0.012471675281732039,0.0034277501391429713
195,WT,271.90791415181405,0.007096470739645291,0.3621067789657817,0.002323350568355578,0.27556323548492234,5.376181239887609,0.5434966176568415,2.7534716093982885,0.08441616864384567,5.421868268284417,1.5875444033178474,5.219715576225115,0.3231096129376531,0.049402389313129666,1.161554550357663,0.04389962679105029,0.1891676864037105,0.9111761328812924,0.02353582296318266,0.0013374691927646588
196,WT,254.95886326996714,0.005554759531533716,0.3627474385721046,0.019030962233639086,0.3690038210362111,5.915764271118793,0.6825662701772097,1.483655126830413,0.0671130348348874,3.8536589326198367,0.24451966223525926,5.625937584734608,0.12043474740994459,0.13713936822455136,1.3274568052421611,0.024195615893224987,0.7047748989561916,0.16093137358292628,0.0057954825785075555,0.0007347124517219001
197,WT,317.09898768021986,0.0003321182510601856,0.07055718562461123,0.005172694196728419,0.4881491671179653,5.22714303858579,1.8063996525136268,3.622618207073388,0.07475183908435795,4.703296321158215,1.160405034861102,5.045607719793321,0.05868063779904591,0.7449835811416541,1.7635929828218484,0.05581941985405727,0.12144827542322316,1.1275720061411514,0.03622232875281743,0.004272351347652472
198,WT,254.0072234947831,0.0011123439540771402,0.2175178906270275,0.014690609353662051,0.16956432579313327,5.87532350118428,0.8004585329325847,1.1702742083068025,0.0712626280204884,3.6131576664654466,0.8780887820380668,5.751133619833471,0.07642705857330014,0.11803281501919913,0.14533130677127545,0.019625416718319317,0.2508550631196038,0.5761195326997308,0.01426787903931591,0.003578837833569282
199,WT,416.3438214863622,0.0034852555420054965,0.30192130907144604,0.023360801064293366,0.28847345862820606,4.517069651399687,1.6684235776692482,2.4962288538653206,0.04428900867144874,2.6144796525744347,0.9949097767517185,3.9840983008839004,1.8367468664165318,0.6689443299414166,0.7711045295291457,0.07608797395035932,1.174716412859456,1.767099125747988,0.004162499304334452,0.001956229999786059
200,WT,258.3215334603038,0.005471876137003489,0.4780486441981965,0.006512407401321994,0.13301064996344245,5.867272495042942,0.5222597706155339,1.1430218878539817,0.08873866083597728,3.695703378788906,0.2893056835637527,5.651728797738299,0.2412106380497348,0.08036399916017603,0.15915521951059647,0.03015354855118268,0.7901597291231687,0.1712869643361934,0.02610654273434261,0.0030100687287896526
