run,condition,CF,a<sub>HSC</sub>,p<sub>HSC→MPP</sub>,p<sub>MPP→CMP</sub>,p<sub>CMP→GMP</sub>,p<sub>CMP→MEP</sub>,p<sub>MPP→MLP</sub>,p<sub>MEP→EP+</sub>,p<sub>EP+→EP-</sub>,k<sub>MPP</sub>,d<sub>CMP</sub>,p<sub>GMP→M</sub>,d<sub>MEP</sub>,p<sub>MLP→M</sub>,d<sub>EP+</sub>,p<sub>EP-→M</sub>
1,K27M,177.24725562483889,0.043509711950343005,0.19410359496268448,5.883030556490244,0.492582507200261,2.57519244363086,0.0623300088330964,6.462123277255038,0.3091197343963028,5.454772990011174,0.15844019370997892,0.5742031882359238,1.2553070460690159,0.09034841238292038,0.4883187669914314,1.013270463308643
2,K27M,226.9967222866249,0.04494901599782641,0.4471066599916962,5.449930429764972,2.4811720935276886,2.8023055140612305,0.06285739872292488,9.017004147715939,0.48955841983884785,4.222952213247567,0.08665301740240605,1.479506138920562,2.3813503095254758,0.08780862663107553,0.3932400250180659,0.931464872832416
3,K27M,295.33171191580533,0.046987914828919994,0.3191798123301696,5.920156547014109,1.7666503171407297,2.4519601731975937,0.010581378347641925,2.182852993897698,0.8497883524022944,4.56659383896312,0.6808201754233382,3.660013408433984,1.1751935375289988,0.05022742804883849,0.05542017534990673,1.51847831966696
4,K27M,177.9638051046995,0.04375200654390881,0.4072394046951283,4.7037474702043784,0.296401713455619,2.3449985291274125,0.06099423573343545,6.445311098391479,0.4162613385500958,3.6789910876867595,0.09478567531132054,0.35331802781689814,0.04374645970494454,0.08470071346219499,0.4189480935725992,1.3572957136144108
5,K27M,177.28408630983662,0.044044281444270285,0.22674411162517505,5.957998347368637,0.3401717781220256,2.311670395375413,0.06828750674763384,6.648436410895798,0.4424184299256692,5.382226623656548,0.4796492053329079,0.41071270495960627,0.18702944546452704,0.09918558824463376,0.360477775396988,1.5595699721673393
6,K27M,177.30608791144118,0.04353526923719482,0.38324508472416197,5.65563053133988,0.8365423937581926,2.0072589042391145,0.045148618974884515,5.635049090000474,0.5192240372786331,4.7144748794755404,0.28526519472829354,1.1079410663524512,0.34477190492672555,0.0554701387713614,0.15947020178950122,1.8810172232037525
7,K27M,176.2338507088353,0.04377604472911964,0.43483298885179883,5.9621432735865385,0.7009711803572709,1.8886601009249466,0.01998702537198951,5.3800531027894944,0.27786481572947463,4.776653033628138,0.4536673791755397,0.8601548330666279,0.5149413891570201,0.0014619770190165454,0.3884214304319287,0.9266046619778581
8,K27M,176.4663675150347,0.044090172018869805,0.4497048098888119,4.027547087961584,0.7125414902764735,1.198284717687385,0.025791800549035855,3.5330951309208607,0.22273167507852754,2.7787283468827146,0.13379937973980263,0.9662072701731733,0.10392477876012601,0.011533364048906973,0.2031401935698994,0.7444011470533781
9,K27M,176.9691035767096,0.04373842940546902,0.3369974224182351,4.681138727290413,0.7203135493214006,1.4909030527693248,0.06267319238142098,3.6935093803453976,0.13189849721115002,3.817062304071819,0.2436321368039345,0.9173065582450154,0.7087324918932487,0.09146842105123815,0.31413732699663494,0.42841501198106535
10,K27M,177.12879031018866,0.04410646264442827,0.0969949404765662,5.336978103483176,0.9726921576431184,1.308555567378312,0.03626906109819966,3.5356704436642348,0.3233322399153535,5.124240844877608,0.38693717970807534,1.304500928194359,0.3372571230520943,0.03136765909874656,0.14133591661657738,1.078754001098005
11,K27M,176.56940354571742,0.04449487557064924,0.05333671419269654,5.9571852097833595,0.9412870910559139,2.2176212202273793,0.02221042420898829,6.258562610402733,0.6467121465556593,5.8623891889305,0.01843912490942207,1.1611186076108362,0.48087554260010656,0.007941208447443946,0.13287348740733404,2.2279321275977577
12,K27M,177.26409872214458,0.043720051854999706,0.4742753137052432,5.777290598622831,0.47898912046531783,1.8997633064486876,0.06593210645258482,4.94634601597542,0.5483507425237354,4.592131838039504,0.8292024053952484,0.5630799483931634,0.7055074576390895,0.107186931807771,0.05259217077489611,1.8502160220877073
13,K27M,176.674081513597,0.04423656338012873,0.4274704477593509,5.799671404917076,0.5003422999228442,2.3386128965747277,0.022922837967152977,6.960469723770428,0.32596962966539667,4.602221722444144,0.07830944571545131,0.628671435008229,0.3323018287359504,0.010330384538852933,0.5832805089642804,1.053982077132788
14,K27M,231.69768323701442,0.03787625422664061,0.4739866792295403,5.564902752866844,1.5800504094773822,2.3617995552273485,0.014586889479256897,5.8744186626523,0.4591476211019603,5.091536073319986,0.5895109852128085,1.7483017507965544,1.7194602746412453,0.023146793972247004,0.5162319020519817,1.675515507344053
15,K27M,178.32403263775564,0.04413833899446609,0.4677897002896906,5.788585351278129,1.2985320677427914,1.5580622584169523,0.06871739569103313,4.837335954070012,0.45910754968045164,4.550399968036579,0.38522747459272966,1.8137635710240645,0.03364237139363138,0.09968866206136119,0.059783720215929446,1.706827213515273
16,K27M,177.1116948998656,0.044252148738864676,0.49680022632738197,5.620468347002182,1.5552370532319053,1.2342193687027234,0.030950562886599413,3.745387545448957,0.269605230546845,4.209209447060608,0.038678573702385144,1.9340850996944137,0.032321207675629765,0.02307333121009892,0.19758529272238076,0.8420070276611241
17,K27M,176.9770219650103,0.04443677859360501,0.45382233073364503,4.0406090410351725,0.5907447776029137,1.48432737482062,0.0328889658806436,4.375486814284201,0.39465260728003543,2.782558506881222,0.019340676189446182,0.7774889205328465,0.4494707729567231,0.026409638119149172,0.1116757194912477,1.3726874940820277
18,K27M,176.17131218431945,0.044156354231493646,0.48928862866088135,5.809695963109705,1.0185981078007886,1.9181618702294523,0.020011451617927365,5.575785373405039,0.47738620037948976,4.437875348878344,0.05675006556378566,1.3263640269024015,0.14140195342979672,0.0013869485651526066,0.2527306253066832,1.6033735188129508
19,K27M,177.13578839366804,0.04355628407239088,0.22868376782103686,5.629948269611191,1.3349309571693015,1.6369374573600233,0.05732918589313049,4.004621207709526,0.2019390822624515,5.110585025074578,0.07652082015147098,1.7624481885568066,0.8824547150216369,0.08220552480101533,0.2880607916785691,0.6959946986350871
20,K27M,177.5063906666995,0.04312196718490298,0.24787498626295185,5.789796653692489,0.9178179131644401,1.8968239999205896,0.06899688278167153,6.091372121748644,0.589936310614952,5.231381895998328,0.11060101230876178,1.1685717043525117,0.09895910852779183,0.10687613151999813,0.11002001355750915,2.1197049628396893
21,K27M,177.01755864936618,0.04384856158719935,0.45947935796845985,5.937396018732798,0.9015066550264669,2.155242597080105,0.05098062255062346,3.723613311803586,0.19738363764697583,4.708468922681947,0.06810842409923895,1.1705703790832305,2.7073363742150205,0.06717834282740376,0.23616822631680567,0.6649910063460333
22,K27M,247.9517551477702,0.04291029577391475,0.4645098087425955,5.916068601623384,1.2934021980202943,2.1973074351406456,0.06601443193483524,5.544107099204134,0.23925895289146504,4.957135596255544,0.7843057753492249,0.8154611524657192,2.240614949901837,0.05697665517846777,0.3915571667816951,1.2408255580427416
23,K27M,292.27889021106074,0.044302111725838464,0.39832379221559355,4.178298920108943,1.9380128536916121,2.581693094489543,0.02379752892438909,1.9099986289260351,0.7588608210776275,2.904710510552505,1.4527514334183176,1.0383879977452928,0.5562594466909465,0.14996672673998032,0.16962008008218765,0.9114289869744764
24,K27M,177.33945087459824,0.04444358265250594,0.3147558930629222,5.4707465355592575,1.021398021772715,1.7041828951159788,0.06354538698287861,5.099615701057063,0.3773375479192849,4.661859031917933,0.13471667166413165,1.458579524739014,0.19000652994755443,0.09975433214432866,0.2618710496396597,1.3245102189346711
25,K27M,177.33660879656978,0.04418028349821425,0.27864072899273035,5.465092267125123,0.7939459420866796,2.0520813837889995,0.045440849602184245,5.49062790578616,0.6899064405259546,4.775680852386845,0.08121216563907009,1.0567249446761453,0.8072911231962272,0.0634104846608202,0.01965944415976862,2.2647593677373457
26,K27M,176.84078101585357,0.04426966488727359,0.39957419978640457,5.831504482847184,0.8838643228977563,1.463796845558216,0.029500532370003853,3.052847898771534,0.2558843388828863,4.724771005475182,0.6119805910900248,1.1492441374527418,1.3334794218357318,0.018051662177386137,0.115400027064536,0.8543526320592204
27,K27M,252.03535477078108,0.04924960487770456,0.19101702689060635,5.9543397159388345,1.194179484263716,2.2286440274222814,0.05368036239650041,6.474471277245589,0.38677091245741413,5.2706293456108675,0.3488835111175496,3.4532030383392076,1.9443543813900932,0.15543447280566572,0.5755435294529014,1.5560441911925766
28,K27M,256.46172961412816,0.046980233393121115,0.3135407283707027,5.666752995042669,1.4995995653665315,1.087168870003431,0.041306926617731485,3.191402621222829,0.1410400941689483,4.494018550936779,1.0480283340646719,0.6742496444274346,0.43765490021733994,0.137295115095381,0.10460088227724462,0.4462181454551043
29,K27M,266.3624256155816,0.035082938665379315,0.3683541790527213,5.208623293763112,0.9158482338023066,2.5193902769796708,0.0665406934156828,7.319837936725595,0.6566383760056078,4.716559418372498,0.04904785693477298,0.7801779500508257,2.4134137893069156,0.14416287664563088,0.9937666120327464,0.9852290230697142
30,K27M,244.49299702404807,0.05006043928164569,0.4986042548601628,4.532794261486496,0.3980180879038724,2.44228320406266,0.019317727518938652,6.8193670417772445,0.5541828969366882,2.233342485283843,0.41972613400389736,1.7380198818390786,0.7989505551669414,0.002596498733814942,0.2975757591465129,1.3316357235185161
31,K27M,177.72738797757535,0.043920408540079905,0.3055598867838003,5.644243541837685,1.595369296753025,0.9983233369293346,0.059737176166009966,3.013898664125028,0.30191334475364356,4.903321981515038,0.3483125367035644,2.3373760641740318,0.07526216588469815,0.09731317414682346,0.08168934717527332,1.0105717265511713
32,K27M,177.05986346199603,0.04352706540717827,0.25508673204987936,5.5599248578808105,1.332031867681335,1.252259499492578,0.060920887724560176,3.3346254529117605,0.16307623649965458,4.939383567867502,0.3361302477687201,1.722641679354929,0.26450233897771147,0.08541530510533188,0.24453141423481525,0.5349842047375396
33,K27M,177.4416915649703,0.04366136844425032,0.40395497777113176,5.993364402972656,1.1117544859182464,1.4113378992450243,0.06825549085383373,4.2809935873141525,0.27503281739529745,4.955113367170521,0.5862373640917452,1.617052940251602,0.12973911559490647,0.10315313858007298,0.2226318858978627,0.9605662807103654
34,K27M,179.68395640769904,0.045414916178148655,0.42730601018935327,4.467452368186418,0.24285349417110577,2.479730934628998,0.021597927927555962,6.279394059851741,0.4705446166765619,3.2419401245979125,0.2647447889464696,0.21969050350657013,0.5048275970128134,0.007368044114977602,0.272208601247238,1.587518599302265
35,K27M,177.40624852979363,0.04378787583516378,0.4280501385366275,4.147019363137687,0.4007735349465464,1.6304006823682053,0.04054779690056104,3.73250185414784,0.46473508380755507,3.031037864263224,0.0008301370846963696,0.5305929606954456,1.2927031583232678,0.047043448253637064,0.004087397638734356,1.5558790326380076
36,K27M,173.21806100058032,0.0439082254371022,0.4959369277044342,5.762752170321647,0.02528986985588896,2.6958663296320426,0.04189754627481717,7.875940511299106,0.4712666103607417,4.438114480185732,0.25997486137192993,0.0005670579110925661,0.3310911395598803,0.0484568925423537,0.529265670602243,1.7338028642523922
37,K27M,176.31163731061258,0.04412727703955359,0.26559614615959176,5.782322312910887,0.8336598034926995,2.0414512780270004,0.018929745443451725,6.4659120780702874,0.17941391194661593,5.060993701203424,0.023107302764946075,1.0970638992353325,0.14551888236635996,0.0009504385075978617,0.6159669355529527,0.6144518767747283
38,K27M,177.22903939216212,0.04424092887683,0.44123860523300146,5.415402573002223,0.756392781805016,2.022858779879258,0.05947679088599477,5.672104483017882,0.5979765643768181,4.203561609746379,0.03639031517433065,0.9961216398585792,0.6593241938616086,0.08009216613699524,0.0629033798644559,2.231265727961952
39,K27M,177.15431212606174,0.04334458145254451,0.3970989278051307,5.853659106708213,0.8445380027858016,1.3313560020352362,0.06301813701454649,2.4014786073508416,0.09088920741447815,4.841132638212769,0.7920079050511624,1.0807027474884268,1.780345844385266,0.09183744453313888,0.17109803963697853,0.2862037598556054
40,K27M,176.87837498102195,0.0443816578517766,0.3065616336388403,5.757836832088798,0.4565785710744949,2.377793348386688,0.034727765311037634,6.815720223229614,0.5614105672229809,4.936277202010355,0.22115849234255816,0.579192524403829,0.44750502975516104,0.032735056352745234,0.3018970998436084,1.8601356828921285
41,K27M,177.3139836363186,0.043190949923110865,0.4684205364036559,4.847031314064606,0.9052308056355362,1.4154933691621998,0.06394045082855088,3.555775629791006,0.3308268116113166,3.714932349907375,0.3304200277751382,1.1250079729439495,0.6320929694743003,0.10234836969791865,0.10120046157657842,1.1073939854800752
42,K27M,176.32137831588543,0.043960111172389425,0.42256040755496566,5.7947067256357645,0.6703789559331004,1.593833283167668,0.02272125701254048,4.317298153337357,0.3909278545064019,4.624112976789615,0.7337284340639059,0.8597345408590982,0.5123253591735938,0.007549495943511082,0.14620394959037933,1.3404406959574875
43,K27M,182.9940247108064,0.04477677508856638,0.43737915901500546,5.204458254497111,0.9301098406661331,1.7737788440752382,0.04656883684415407,4.442218389451319,0.6253643247163534,4.0760405070924355,0.3503664404134977,1.3124037628692786,0.17680676697380823,0.06975225727145029,0.0957535486035109,1.612116691732486
44,K27M,177.1026976328281,0.04404486408634498,0.49728912764014876,5.615835340163386,1.1236860616195434,1.847987152949303,0.054370743681437704,4.270881230279611,0.3450240893364451,4.304119297160477,0.08859637026554477,1.4448394071548893,1.1871069101026268,0.07671556482416338,0.16330495636118775,1.2536964112863425
45,K27M,177.1658225817325,0.04430389792751758,0.2747006912915066,5.154056680896322,0.3904960886861745,2.249515104896027,0.045981041153757965,5.134380396296992,0.5951369097437326,4.430997629822527,0.1698415343186154,0.4793374749226875,1.267141155910634,0.05239790073299722,0.05912311399982255,2.0713842545868775
46,K27M,177.32799417161712,0.044218646135283105,0.3395461883216824,5.907240829501834,1.3269301687234338,1.881732551353809,0.0653493686377403,5.302380482306446,0.6270632771853755,5.006025128576802,0.07076418796200479,1.5995978301497973,0.06673187627373751,0.09282524160418229,0.03619569146852733,2.1864231428228957
47,K27M,179.35129879840352,0.04468318951551068,0.4230898756036947,5.717946589491702,1.1455071790125888,2.3619316386883913,0.06234440434083185,5.036085500370939,0.6005906599123786,4.674958363931007,0.05165281977293315,1.5563399539255007,1.756750395396116,0.11176657061235509,0.010881882169668037,2.002773457329337
48,K27M,236.95503696432908,0.046248611247540344,0.41968901464794184,1.4260124890670147,1.4799220708974845,1.9916742052415097,0.027138710584669573,1.2879789682610099,0.05254888911924854,0.15291593774665294,0.6304834645489431,0.2563442714654787,0.3113101038240878,0.016633459610870135,0.08823328547301892,0.11137876292567175
49,K27M,268.1318671257719,0.04015830763808849,0.49050161057002106,4.469928093219155,2.7224960029391063,1.7637625971054354,0.057021422653875706,6.787482861798037,0.2983105340049551,3.3732323927483323,0.9862349750819293,1.353524607399487,0.1256628024423325,0.14967672979276953,0.003118389374707209,1.7561901554475674
50,K27M,177.14679396408707,0.043686565020021106,0.24527835885606109,5.976056857275826,0.7601895435525657,2.0856100429815014,0.06666351218855782,6.255433541321814,0.6721683631839142,5.389747910206401,0.18045667763153456,0.9404806451358182,0.49841375182167186,0.1012814559959631,0.07815690710011654,2.36197777672753
51,K27M,177.3693361055307,0.04416846148900793,0.4471189951249646,5.931465958526565,0.41082630737178755,1.8900966621774238,0.06551627873929874,6.2919560818652185,0.6838652950569605,4.677719984811004,0.46459420535716367,0.5240859642811799,0.011254156082947109,0.09259745946891482,0.09331635521787686,2.4130873278750977
52,K27M,178.30279515234434,0.04365374286569358,0.34052849799326773,5.9432101483051145,1.1151431436758221,1.8098186843217372,0.06557414391807682,3.8764412104428834,0.46290300306552257,5.082557333437015,0.06735507481895342,1.4052072544451424,1.32930504365758,0.09319791364666614,0.0939576533550828,1.5929479341114847
53,K27M,176.9750357605971,0.04408897058077337,0.3671714794050565,5.7980315485703855,1.0401734620876877,1.8174519621528924,0.03755900842681361,4.914034828218658,0.46688750919717115,4.773348549923909,0.027053774053833156,1.4255477291203635,0.7043531743021537,0.03327632053793043,0.15502688314165625,1.5113553094008656
54,K27M,177.551856878175,0.043635861616387994,0.32126648827224963,4.952985915824527,0.19894359497875266,2.3631827172779474,0.057600588476389485,4.989369300150297,0.6442404742117582,4.162745150258488,0.101824188149411,0.22708192823511172,1.75005763355882,0.08602627147856962,0.0476297543688545,2.178989855338613
55,K27M,177.40302501056647,0.04381763133352723,0.46154756775788197,5.68087148749056,1.3586569141215925,1.5104890882324158,0.06831753190117729,4.68821148832797,0.3710810654521126,4.490244418801965,0.0031886815976563433,1.690576103400295,0.2127109704026035,0.10757041749434709,0.17880369744926058,1.306051110121202
56,K27M,176.7915579642929,0.04401326319975681,0.14071286175258538,5.993779895467134,1.1884456582615286,1.8358893099992453,0.026987072394563424,3.652265386287794,0.3790587217560038,5.650079680858392,0.16785668375338877,1.503976917607104,1.7732466562382874,0.01519629144457892,0.08346678768544495,1.217210578333422
57,K27M,176.90320116967354,0.04375659982769374,0.39820393009809785,4.927026603759562,0.22899624512927133,2.0369534235706097,0.044547396757362336,5.6112881364742435,0.592593881706188,3.8850873220371227,0.2742782626393455,0.278321365509095,0.5579835652865408,0.05432285506307412,0.11176600089167354,2.0301794453624873
58,K27M,251.1446361413993,0.04602784968794714,0.34319597933084883,5.036149808008598,0.3492452808886861,2.7408021664299502,0.05973211172256594,8.270114796974163,0.2563010969748408,3.486042404027905,0.33356210581619183,0.3668611706659477,0.13108450991242337,0.14842956072815214,0.43682256490380766,1.4760384379992109
59,K27M,176.90575884006216,0.04405337997221174,0.07110507569254007,5.616498024969417,1.046020388923861,1.8129756037752454,0.04740369099487254,5.343298616292081,0.5674341013288403,5.501047611676866,0.058640189396713234,1.3902658110358321,0.31819785028507275,0.05797426390141096,0.08755833838252296,1.8977970896925842
60,K27M,177.23321810600896,0.04395155141995292,0.25884118782863047,5.932171334631312,1.1169349772722077,2.1408277496990338,0.06406966662327021,5.655724026951083,0.23806008950793014,5.314697800191817,0.039103009248178486,1.3969819667816037,0.7046538227977737,0.10518357196831093,0.44520383753686754,0.8398037460001189
61,K27M,225.51400494463365,0.03886048220066911,0.42094810940287264,5.315499943012633,2.2208257048330644,2.936639595209829,0.0660960108681867,9.117975463421892,0.3925509916404912,4.723990795604517,0.3019502423060978,3.7219339393724318,0.7166489009118708,0.10904245916756573,0.38086881437617315,0.9767132807319199
62,K27M,261.011708655804,0.03571697830864671,0.3627105881968853,5.469933897319472,1.4315362082584389,1.9568145766951353,0.039042155104674535,3.3235532686129527,0.1647088381706103,4.958751263652163,0.7047261142434563,2.241230250148925,1.5000453784018495,0.0580052779058587,0.9676171717643446,0.1868223016917074
63,K27M,176.65665117905317,0.04440399559307669,0.45672895094456945,5.105351074672219,1.4045484826863357,0.6430513794863728,0.02140333588533566,1.8649600362172376,0.0889734415342336,3.7808862246071633,0.38329544539053717,1.9659559849864194,0.10347772777921989,0.004728216480867029,0.12926064629123626,0.27174036336115726
64,K27M,288.6663453893549,0.04321136439227258,0.14450121724710402,4.169727445674174,1.9830035108821056,1.6748694522004979,0.03126657060977926,2.2388786665601024,0.468574712156963,3.931582097716173,1.3783202096555414,1.6636965046342798,2.5800996207449374,0.17490796569205208,0.18732296459386585,0.6664990241163693
65,K27M,177.15977105883326,0.04434771128967015,0.4111933896508911,5.8515085497419035,0.6503574662811579,2.290905516742851,0.05142229576271714,5.793159778958028,0.42674476362538155,4.718537405630703,0.11468568037146916,0.825734078161514,0.9752531671571143,0.062352274510363785,0.32654205457145397,1.3969745419521626
66,K27M,176.72131353583927,0.04411005459472913,0.13431463807016716,5.806155278892164,1.7450284732069994,1.2267222706071101,0.028691713416090867,3.5025252116735914,0.25225216034533043,5.477989493102294,0.10508642015191236,2.1296344838996886,0.14418813543333148,0.01670368041825447,0.1670193398538252,0.8283271368565543
67,K27M,265.37831723497516,0.04792216065345028,0.23647235925078802,3.284419435669176,0.46001183640513066,1.4406671968187676,0.025646744965237896,5.772160699139253,0.9328913277948491,2.544972063885729,0.016079877224283945,3.7926082465184883,0.9192587509426846,0.020111101370617113,0.7948893648755833,0.821937018554137
68,K27M,176.96703370319105,0.04410638874418925,0.3010822128914058,5.340943795104438,0.49664448182702775,1.9466267805899644,0.052492591135982765,5.3349022859580355,0.36588306098688406,4.567266686247908,0.28054694963341675,0.6333021802508346,0.6777122967178393,0.07096481734632931,0.3009955875574579,1.293165793120917
69,K27M,177.59426246190304,0.04446997665798524,0.42711358894530804,5.956601524566079,0.5053207133732054,1.8510890971208591,0.0657828655454623,6.090319148126703,0.2699745715636306,4.7485187103547295,0.6160975403292912,0.6665986081608445,0.1838902389757811,0.09496954129023938,0.390472547254192,0.9683645149843575
70,K27M,176.9960486365785,0.04386989347171891,0.47080478341614346,5.573917823904921,0.2762190313008258,2.555436468899509,0.06161390155125331,7.17049295326631,0.3880454632410706,4.314308544613516,0.08751361388932127,0.32786356707272213,0.3324309767733108,0.08950109959091246,0.5602805274650144,1.3109082349079328
71,K27M,177.43340463851172,0.043261220687410604,0.20762030268013565,5.858207282082683,0.8873362024795572,1.7879634502637978,0.05036214797719253,4.667342267992639,0.41993951999932366,5.375939997879898,0.3970617442944989,1.0404628664604683,0.7257293956193024,0.06425856413579492,0.13185038927131784,1.528742325494785
72,K27M,176.5106720763687,0.043883411963800856,0.38678516663306867,5.602041085767435,0.9733404492982953,1.807895902765785,0.024207150188681532,5.446465377513766,0.6806749446188414,4.5698907691686,0.07193325825882141,1.268005215503957,0.16846440997982245,0.01122300429171615,0.025407642370624893,2.258611315681926
73,K27M,178.26252439516094,0.04275213224557897,0.2860733559757458,4.947961288105911,0.4349664829657761,1.9978032157333325,0.06251532179729419,6.053305951707893,0.5722576580638201,4.332460551646449,0.19557911478108536,0.6168748997625453,0.30048437217040513,0.10099069837688698,0.13718835036123544,2.1017320001835857
74,K27M,278.7415755775566,0.03747779839364284,0.27085501777928545,3.204058822840665,0.8654818107072262,2.7535364240101834,0.014762998090000836,2.5137146991481805,0.18457741823268803,2.9113604679890597,1.1200731513328739,0.9128707597671406,1.8381018647337575,0.059750339131745676,0.23927305824616507,1.163057657172355
75,K27M,177.39800666435997,0.043948206447734076,0.34965464643232835,5.8446801582616095,0.8831937774969368,2.070079600255661,0.06519636366965426,6.639345294620165,0.47862759701393487,4.952671565660931,0.07614391537338232,1.1329920713156083,0.050827937648181054,0.09067233296608514,0.3097915329549456,1.5785177596279971
76,K27M,173.40393446597844,0.0437708843652684,0.2788436752521367,5.6735479616105815,0.0317254635162397,1.8655359390898067,0.028680372919979782,4.6945645398896625,0.43857706396426455,4.913772158622,0.9351482227395674,0.0037981288073537876,1.0990918057867,0.01727615186986988,0.14574275968981099,1.435671142000505
77,K27M,176.90458286449706,0.043770951362024635,0.2994534664400058,5.8874659774426705,0.6787073030821187,2.1212954861210136,0.05349814671021119,5.967158100823012,0.49759855243114337,5.130846068055438,0.28725460075930437,0.8546422216276267,0.461556348783142,0.07117673504906569,0.23173638741720864,1.7282828294330523
78,K27M,181.287560436873,0.04472579425647721,0.44206596163109757,4.871355477002914,1.2163288781391988,1.7288125140247634,0.05680397379363905,4.013234691732258,0.4636816776813808,3.708162617032838,0.26113375572661757,1.6245823652619897,0.23456011790705822,0.10079302481993044,0.09134579962742419,1.4118725074148162
79,K27M,176.78705976575264,0.044124039380773035,0.3695326671253317,5.158282576053955,0.40263294433369606,1.958715250260216,0.037471709930694735,6.121784896373534,0.46720372225820156,4.143540064759922,0.24554214405426653,0.5180964324485456,0.07896470637751406,0.03776741541600656,0.28412028376331316,1.5967187640821277
80,K27M,265.70592305507756,0.04659361015419298,0.4467283083422776,5.396689115568152,1.160873167852954,2.512362662072699,0.028772921313364525,8.737411617342289,0.6277830420013975,3.9558303362348375,0.053383723611231226,2.7503906207317526,1.6367381696559191,0.08275478338417742,0.8081326443780648,2.4873891850064362
81,K27M,285.8965381390709,0.043345979963369745,0.47589157768021173,5.273562125622739,1.464619425654281,1.7275182542154195,0.03399167692155622,2.854320416156458,0.44764304736102445,4.4443707753062895,0.45995210967754663,3.0623929397883423,2.8274895984116837,0.07999548051014527,0.8468560054225969,2.33933658585454
82,K27M,185.2954512137394,0.04367337309227137,0.4008654606331506,5.988305018616582,0.9588325684043594,2.027704745760127,0.06864666976372105,5.02703385011918,0.4233398817815483,4.841012878800338,0.2058714321767754,1.0060832510647217,0.6185834750846009,0.10211678379134437,0.38949494248950545,1.1456891034386296
83,K27M,176.933801451686,0.04391389840205026,0.4720141830019721,5.67374176699237,0.34646550181799773,2.4858357211234052,0.06896599687657395,6.599578200278725,0.5874561244302672,4.428999597272245,0.08107438693001799,0.42679608346370695,0.9516501719535658,0.10600331846631235,0.2695525685108235,2.048227105990972
84,K27M,177.1338655164671,0.04390085543960566,0.21845203740246266,4.515167578756408,0.4015649121298914,1.8640785663343529,0.05195146587768341,5.2882712538726055,0.38840426336932216,3.9738431348009104,0.0582340445679829,0.4939600940648449,0.15259232675709491,0.06972431691546432,0.32590528054073975,1.2842898249569747
85,K27M,176.7330154528547,0.04387303436502263,0.2889643824011936,5.859248341314643,0.8047801817238053,2.071576044595603,0.032899130325260505,5.428293816927938,0.5204068378385436,5.09287191283121,0.0685030549859863,1.087421381651887,0.9842408564423193,0.02577747945680435,0.14235061848251662,1.8917942108776145
86,K27M,177.46445599844554,0.04407993620127008,0.43215598222535806,5.235987654482423,0.8480134094595382,1.789993807186816,0.047104448397461855,5.476537983167224,0.42374773852374564,4.050963601749853,0.0187987014123238,1.0731952356638936,0.2601873951860094,0.06655440829873316,0.24408992149437553,1.451069728662677
87,K27M,262.2142475384369,0.05013032398429533,0.3629341859411068,5.6114441753003526,0.17340710484762467,1.4240739440024228,0.049629413068920686,5.532117817737269,0.6228030835329009,4.168910698825654,1.3657742215763893,1.665808203403179,0.6621792547884899,0.09475095534880186,0.4534306959772194,0.974533779908297
88,K27M,248.55684798845957,0.047024175836612836,0.20218947076667182,3.7230979342625856,0.4846741513903192,2.2967299331643867,0.010205483664078085,4.392961152999167,0.23259465437479543,3.1576791623071565,0.8640142616197887,0.7758974620386843,0.4858543900772494,0.03634782674116588,0.7168267621685751,0.4460679924542372
89,K27M,177.0131360769945,0.04389980889692189,0.3543741536917092,5.662115017262163,0.5124528999657819,1.7465225446679873,0.045177037803814345,5.241001835901045,0.35643855811590336,4.708539117030805,0.5525453645759177,0.6372235113555219,0.45885543866133394,0.05098076416232833,0.2662907567280872,1.1917544383695469
90,K27M,294.1783013880718,0.03930452186707474,0.416494365207828,4.959960079492506,0.3513336939835239,1.1331888246540507,0.0375663218859656,4.054608386501551,0.2394103467087043,4.187713999789519,0.35377614673377766,3.9420364229715137,0.6662126380479774,0.14527711825386502,0.7747129613856731,1.5381855960943618
91,K27M,177.06366259409705,0.043524421700013936,0.4812415599829217,3.6095418992784136,0.5274493669069715,1.2526502162855546,0.05919735944055853,3.5476678600636906,0.37789374956735633,2.400355850040343,0.09005601820786702,0.6744366831944336,0.41296545724324263,0.08914355546611426,0.042232741519971986,1.290221471186701
92,K27M,265.787041957489,0.04671282032428161,0.43552783990038124,5.446492326876193,0.8193332765211825,0.8571965204747061,0.0681763644354552,4.652141014951541,0.5325716947698775,3.420347351840924,0.10293160201800222,3.906019619541846,0.9121100867895322,0.15667785299496706,0.28957337698579233,0.9308514623110189
93,K27M,178.11037533062975,0.043265440427400256,0.23525499960919338,5.880597597199453,0.8295017004943861,2.0043079709190903,0.06890743453680534,4.749927014828826,0.4309392587226578,5.340510200653668,0.19500694279780675,1.0004004066006198,1.624183146068117,0.09789319221735604,0.17005825799040913,1.3010043545227483
94,K27M,176.43937156149482,0.04434201187233493,0.23920425588083513,5.6020437438185615,1.3012558170808053,1.2264444269441608,0.021348383850857144,3.051477148651048,0.16029962934277447,4.940145189634185,0.3079572629553525,1.8625714365032073,0.7185584362192344,0.004481946390835257,0.1947070123899062,0.5335221204812542
95,K27M,177.02026273895845,0.04354959318686205,0.4835887818136699,5.819115940219121,1.1118161678793959,1.858207086885351,0.04274030575785177,5.18535396274309,0.38356185701752304,4.582293126516365,0.06738935961615383,1.5141030269986158,0.3958850583254457,0.05185261246438016,0.289002645098846,1.320999793834031
96,K27M,176.9771331430596,0.043894348229932406,0.34164172283052147,4.083743910299143,0.38230037331239514,1.6549763244971583,0.04972521458145439,4.72026447984395,0.4788319778147931,3.192594272525937,0.1402685805185755,0.46718381921105295,0.21661874219105723,0.06383062935372953,0.09722505163951818,1.6072763123820624
97,K27M,238.89119637871954,0.049589504516078554,0.33459842530080874,5.285306004072623,0.7172453161022403,1.3468922794465534,0.02325647604055324,5.513314052112506,0.10724173813074334,4.121656600595619,1.064646814937354,1.1792412501619687,0.07873488158143993,0.0375456459682002,0.38881154835812426,1.055040156508848
98,K27M,176.50661814257577,0.04379363228446773,0.4535384713259888,5.953256555027208,0.7042530891942848,2.3513333280625597,0.020326684172694013,6.812642229959474,0.17533660344558677,4.746135686809547,0.10272143998361724,0.9034169828560693,0.245969114317764,0.006588551113870584,0.6957338904853425,0.5677708490440019
99,K27M,177.2227773374893,0.0436444605090987,0.3572527441274134,5.1942578959041645,0.5549151855484611,1.8539654440897624,0.05514450942582017,5.8526517934835365,0.651234962062442,4.298698499614298,0.23319805583415087,0.7332736333115937,0.31862225355910084,0.07550632729363488,0.03322451455627228,2.3691904857811994
100,K27M,176.16130167801242,0.04386410837057864,0.289902061783101,5.3642920240486625,1.2694532756503958,1.21052383930842,0.020192032634401773,3.351298837009656,0.22491373235674755,4.575151304998887,0.164197493015124,1.6765536879496135,0.3517662645691756,0.001238954472352072,0.18066910622700263,0.7457172615560271
101,K27M,176.97886385417974,0.04420706382823975,0.4127504888560753,5.966632420300064,0.6939728560279055,2.4137420905178315,0.05973583021057655,4.643690047534399,0.3167656552188543,4.875771477968193,0.08637550964276385,0.8870303268335252,2.6407030362836217,0.08732208092857525,0.26281054696726336,1.0502212307535466
102,K27M,177.56713914749284,0.043399407055009546,0.37178261352690467,5.458721012070191,0.6227534368184413,1.9732676179721362,0.04829206806498722,5.306962118530223,0.5371417286872268,4.484308820716793,0.15380850736464116,0.8403678892519234,0.365464993949861,0.06331787118880025,0.15227674267873373,1.8135293439839988
103,K27M,272.22855022842344,0.04306175057213072,0.3665898362221587,4.043067455252187,0.15099449057994985,1.755134099656085,0.06003701768471182,9.365448625958877,0.9571168039195046,2.9722461502400646,0.3971958327859849,0.22570350188168042,1.3181385648357278,0.17687004592687494,0.7604036601406763,1.0511214217651248
104,K27M,176.3991959062567,0.044256692917482875,0.2849447631447451,4.973975917189604,1.1234174119214821,1.2453077499802732,0.02315913893504826,3.026354967214502,0.12560239579336874,4.164457343988333,0.09728898500479337,1.4880450727050678,0.9107909901613209,0.005572697848277756,0.21945542716680932,0.40597186502401383
105,K27M,176.13317923445356,0.04424409979647126,0.4985393797187364,4.955712238094462,0.3501233927615564,1.728039811352014,0.019346775776060216,5.146133804956864,0.4234503163793802,3.553487421036257,0.42194364843223303,0.4385935420658368,0.32485352621692265,0.0008274294345511129,0.21953783638227553,1.4301215119178032
106,K27M,239.27866919659326,0.04171511523320083,0.4208390224293145,5.533111573761962,2.1415779806636333,2.4301924024234807,0.06907611743796563,4.581077438571408,0.37402171146537505,4.874457485654041,0.7799646012413697,2.5615934613374938,2.345927451021453,0.15180864959962273,0.4775399463263408,1.5983427144483588
107,K27M,177.23648511917685,0.04414463738903551,0.20963441055993878,4.811168924312702,0.579022560439421,1.638852329309912,0.05750518381725496,4.318724201965528,0.46408339131933585,4.278184143700966,0.19704427711803843,0.7162487895862173,0.5869522051791091,0.07804210266355606,0.06098373631170504,1.7417524964538786
108,K27M,177.61220842678716,0.04348541500450018,0.4690174065980316,5.957843375330546,1.1940428812971504,1.725044327571864,0.06280445764622476,4.932207154022518,0.538711625300363,4.769694779077445,0.295155888403331,1.4484922229857071,0.17568065073686073,0.10084531725810289,0.07642318958046831,1.7192141579570501
109,K27M,176.97847108960892,0.04452291638086638,0.49248870909783504,5.773610120178823,0.3692852039898371,2.3579052419346134,0.037687057775144944,5.6226162492948255,0.5580979249924379,4.329091205534006,0.24032012018652651,0.42761837304834577,1.6297741847737928,0.03601131363345609,0.1268672719621551,1.918715191818611
110,K27M,177.18186114848152,0.043446687248396794,0.3069562353306063,5.35564651459344,1.0123865222914703,1.6085963955671347,0.041511746673271184,3.1841267881915836,0.16149063318324117,4.566245640624427,0.06417865887814356,1.2461693981566597,1.6836978127542719,0.04769137538534453,0.22350072265019386,0.5175561894651798
111,K27M,186.21493755643291,0.045305783725570564,0.4782745349804082,5.921175115473897,1.3115880801153552,2.859164155593302,0.04871498010775261,7.478883205836187,0.6080251054411209,4.642693958414296,0.14849647732623444,1.7403044935902938,1.532637628129624,0.06699948504311735,0.16963994954567224,1.8452205393099692
112,K27M,177.4206709056014,0.04357036696630507,0.23156324221183844,5.619407104305364,0.3107609802412653,2.3086674659140365,0.058739849442179456,7.362896801697452,0.5645370177668819,5.074431108161875,0.12789906669577358,0.3768430658873851,0.43188184556729203,0.07977546337963314,0.3146341452000805,2.011918585623205
113,K27M,275.93792592511005,0.03649117771670434,0.25525396655221433,4.992751182502236,2.926776531592236,2.8252799279782828,0.04877647272683071,5.620188577830494,0.4304723312666182,4.8507328145349184,1.2898841365736147,3.7610069232781185,1.8600143838135799,0.13316531906943063,0.3763452537046448,0.7170659494865195
114,K27M,177.35536589716304,0.0441060748760209,0.4887983004510085,4.5842183601881965,0.3218720043077299,1.7655728108979034,0.051109976865910074,4.148047781100654,0.3069171314037565,3.31554639343293,0.28953809975513056,0.4083319138479771,1.5685224914266398,0.07066136084412872,0.21211920828852568,1.0056101320825293
115,K27M,250.94548071588034,0.04078418575515519,0.18184159413296727,3.23313931358177,1.0664879768457343,2.2101873864858455,0.04096885192697185,3.996946935520631,0.6939679820711726,3.030708368518665,0.016953393582708864,3.0680919911927425,1.2862470718133276,0.10251585880234243,0.4976267628446126,0.8817268244717676
116,K27M,176.7332220671432,0.043757574076716106,0.48485166385850564,5.970500497540471,1.3125717303828042,1.7422880947012722,0.03350545148399558,3.008118033830669,0.26183104659264395,4.671633983127877,0.11501733895960671,1.700894111973661,2.2271033381353424,0.0313496158893588,0.0877943888817013,0.8861271452522407
117,K27M,255.554834293061,0.039051118499977854,0.45316701001338094,5.369929663400516,0.12403660028478958,1.4403251998440625,0.06627788690166862,4.618494505842827,0.517487181521394,4.291201075625581,0.1892190685825026,0.6085238737521794,1.8216421908130769,0.16076327318148764,0.603184781115498,0.7792840323704351
118,K27M,220.04966784734205,0.042302843539665826,0.290145785186355,5.055225725336932,0.5070969532099483,2.9792358783528274,0.04084049485289466,5.083750102560429,0.9418718067109257,4.46994889691523,0.08352959852533222,3.520575546455016,1.2618765258476938,0.06826190553825259,0.07005449579430163,1.995970673827061
119,K27M,277.5726824826508,0.040936011295411454,0.15637538206086465,3.0086585744603065,0.4033891337311315,1.6829806772213978,0.02666086856804397,2.6677609895526073,0.31317580090881525,2.8202979682947604,0.6110844106384686,0.457421603206388,1.0911035579225885,0.14403612715336445,0.572212022037027,1.5464242265918204
120,K27M,176.96662047790807,0.044175036967840246,0.44367724628733346,4.530175910031075,0.38646143389164433,1.9047560954828597,0.05039066004207435,5.856681705808629,0.5727761188838583,3.3469901377766185,0.11166750870269171,0.4752846798755,0.029291117667934685,0.06817586674330535,0.13169148961687943,2.0556589134140837
121,K27M,179.0903448651187,0.0436855015124055,0.304274643000404,3.993048191851863,0.1532685165976551,1.3012441611093266,0.04689830073204982,2.0169397897451184,0.10190653357915985,3.2690614392772313,0.8894338581872698,0.17338053839731923,1.9104789292408033,0.07504965323015184,0.09484288084085218,0.3562665341234158
122,K27M,243.10875953562487,0.046827158964422945,0.2644513462466447,3.90346065938047,1.0949236181102642,1.0932457698708296,0.043334451444795904,3.166527576134092,0.44159983449327816,3.2973844611753513,1.144353903957008,3.477754681917048,0.33190465631450417,0.12912066903396438,0.05088487072798503,1.7303112797980393
123,K27M,177.20824811427957,0.044192974273422704,0.33140067449982674,5.904136786865139,0.9073462422958207,1.8175091448727816,0.0662248906427984,3.144357562300363,0.3421702623892162,5.026425462864075,0.4346941429010876,1.1377779403192274,2.040858107171848,0.09602306303653946,0.04257968547008702,1.2214570382706125
124,K27M,176.97446181196193,0.04373554938117084,0.3927995412845879,5.76207246502055,1.2899160788126136,1.4591006509347506,0.06787788106970423,2.6804512999099557,0.3083841123547163,4.778655563747761,0.27664819853847605,1.6806555662238976,1.7581365433839014,0.10878127764282884,0.008365235709262826,1.0309871362063197
125,K27M,176.89731034982577,0.04393572571040905,0.18979555232510778,5.880156406063456,0.7129759999197337,1.9767915184743021,0.057014402414010845,4.911115983883696,0.40471723974218266,5.435237407443141,0.37647937726880165,0.9213520981396349,1.0306259745673523,0.08139239776319215,0.21854850313703356,1.387010723618299
126,K27M,176.18795492951352,0.04405193630102464,0.33054179299782516,5.875435573258305,1.2322873308208113,1.6947158773058681,0.020708345014701094,4.701060859890433,0.33186541221214044,4.973993983642224,0.09328459991924695,1.6608469901163176,0.3282781003167785,0.0030008101606572917,0.25557036717077153,1.1513465395782443
127,K27M,178.4189576065408,0.04417284962314667,0.21708157298507552,5.801540471376956,1.0455814728029418,1.791351131623591,0.06078535029693044,6.043486286352915,0.7007650408751694,5.271404069628895,0.1716581629440441,1.4968032353929384,0.10845286216526623,0.08111744720367241,0.02921839902549276,2.2645673563068596
128,K27M,177.0194460424542,0.04440021027559631,0.44153184490667685,5.551592079132783,0.9974528627695542,1.8369740631875273,0.04437402758744205,5.126502485019468,0.41316418453974557,4.320109747353927,0.027352336324328562,1.3839055422416633,0.6204965643401137,0.050841423520204855,0.21767998316249806,1.4064363287863786
129,K27M,248.13999676448816,0.044494943325595226,0.11685135286808201,5.074327477661313,1.5637746432256305,1.9037713578157658,0.06882701402534273,4.652730018868979,0.4533498126414033,4.776906869227965,0.23175726940428032,3.118602208922942,0.4681720119602193,0.15756537379259697,0.2890141248877638,1.731577365926302
130,K27M,173.4467167046649,0.04466594821727442,0.32436069985511773,4.649523217406947,0.026389083817320563,1.565039899200924,0.04672820084996559,4.090718819970966,0.11410862295944679,3.6924107517464875,0.6150995303515612,2.0208303275057703e-5,0.916015950044538,0.05445992250506949,0.3638139696156579,0.3815896660174776
131,K27M,206.96141510086392,0.04319627824289233,0.28816546109701646,4.722729977423372,1.3021051363909164,1.9491846139084277,0.06785419476214993,4.922897504716962,0.28867194086552694,4.251312115284756,0.5101537390372568,3.018807367288246,2.3276614626619163,0.18877919846742383,0.123774213313883,1.3538202770078747
132,K27M,277.97516990610484,0.04509921474436788,0.2682193042660783,4.574526874100295,0.517683347816611,2.045557117605786,0.062297232970638654,3.069093185520897,0.31176940225226235,3.4990889048819587,0.42211626516751766,0.6429706851805967,2.8687260325502,0.012947038162888724,0.024325615483915763,2.1286774164050453
133,K27M,176.92294822555036,0.044116225760822,0.21316492457173328,5.119002409332142,0.4279761232745919,2.050930248123346,0.04027796028661041,4.883889134489849,0.24186407018316075,4.581871149838537,0.10145309673233596,0.5364079123345329,1.7163547641368144,0.04444321796151898,0.3342158681903908,0.8511761941518833
134,K27M,177.0125671413022,0.044209800753941327,0.37836926933201903,4.386165818194861,0.8194455240217877,1.3307662075408968,0.052722029445864786,3.327289664878894,0.3504438998230175,3.3637423468726997,0.06844197779447571,1.0942654981326954,0.6847064210628037,0.07064233736196694,0.06950089641643474,1.144107298861726
135,K27M,176.37385355760736,0.04403496085542667,0.3244906265959189,5.003030392373668,0.3699480129912017,1.3635267830598057,0.023889713238723274,2.4963652634886024,0.2644469439863786,4.138523842382108,0.844320996967923,0.46604874446922556,1.7368901157284784,0.011318102309576365,0.01923556794990891,0.9058236388761968
136,K27M,177.74687647023833,0.04307666509577978,0.4350480657256613,5.878331604600729,1.0886209821096717,2.012398995655507,0.018738729606984656,5.446656712440626,0.13817029840110975,4.857109754085663,0.3656151447333624,1.328032777698969,0.7961330592238892,0.0026510784155906178,0.5196494892165338,0.40767800909017593
137,K27M,176.35875738742394,0.043797325657441204,0.30376115941576026,5.749153776141361,0.5592724684574382,2.373857987767582,0.022904865048335638,6.3359244246515996,0.10708910693698441,4.94163446732678,0.09456692905316881,0.7072406711334258,0.5741334698241188,0.0065815970288550215,0.7129668590769834,0.327576095459151
138,K27M,177.77825532733465,0.044896798843346575,0.43946679759100166,5.58708350792514,1.0196180431224255,1.4410848112206562,0.05857494142850468,3.954290135980184,0.450290307894312,4.307369082563372,0.22293918163850202,1.4015543425125179,0.4815753450871114,0.07960503275733125,0.0554705125203979,1.540658728483244
139,K27M,212.0321988073651,0.04661861692463658,0.4210910540752754,5.248945093969387,1.567430847809045,2.676336260603482,0.052567509618440124,6.702267702521821,0.6032824768310283,3.987413251224491,0.1287966073015059,2.180514218095153,0.8985601028637589,0.12728271966372556,0.28749351729826234,1.1241925317882109
140,K27M,216.74368801058,0.04410891055685487,0.44600457943618405,5.655433791787309,0.7235532137289524,1.498060510497784,0.03495950217188155,9.307728381630628,0.21504452829403728,4.290318567574073,0.2979328203676185,1.2360855636351034,1.1310686018907257,0.03316105192288841,0.17849034749231843,1.8627974929932365
141,K27M,173.3032445154983,0.043843062137489716,0.45817052434410516,4.047663146928863,0.025925763735688258,1.5454447879613271,0.05335602601915091,4.69978981201508,0.5146618617756813,2.8487232860070395,0.4801199191089382,0.00023552414029208617,0.10415862317088748,0.06936341106240908,0.07223955243771633,1.6840981227372505
142,K27M,287.37989329734387,0.04926875940984871,0.14440415452749994,5.974093720339999,0.8744643140018651,1.2895060889677423,0.048383149264693025,5.786308496396002,0.12064613452577116,5.642645204415938,1.4200012913979305,1.582434192038394,1.3684351975446687,0.04884049502522833,0.38150060937199004,1.7055056891112628
143,K27M,176.5840255956333,0.04371052124796278,0.44033128276277983,5.314025836184145,0.6505935671616806,1.8573874932927408,0.028735676522387704,4.705128132815811,0.47907318181601566,4.129220600151355,0.1694289066239311,0.8512136786153661,1.0297170910479234,0.01770775775302025,0.10800641322073301,1.683059227217784
144,K27M,176.6693198801281,0.043523920480748,0.2842946190813622,5.251958943174735,0.6775171203197323,1.7552312909174288,0.017917591578480878,4.4853728526651695,0.17713490584958433,4.537242522515038,0.345004978121124,0.9238620724216936,0.9891007404735535,0.0006643479208041653,0.3923269877744581,0.567177689140191
145,K27M,176.53262317837317,0.04414545444971777,0.4098118510602749,5.981041179986382,1.234423488976159,1.7717928909201932,0.0208774505278016,5.137034369206403,0.40810315218876764,4.8420936649003385,0.14874610905370617,1.6977159378783155,0.42476424466647694,0.004694497160526247,0.18971114958443155,1.3633956086441947
146,K27M,177.13683099026957,0.043696565452511306,0.3290675932899498,5.525091541357556,0.6633815819207993,1.9481154024719693,0.06559590190320644,5.2527531816837225,0.6154714455508067,4.6956041883429895,0.25248582929252666,0.8267276571196154,0.6725543252491363,0.10602210021743183,0.03465417229163626,2.0974479640522867
147,K27M,177.0874006741492,0.04425805454310883,0.3871935840493736,5.669985428956495,0.8866336802848395,1.993928343972719,0.06228001496374626,4.35664116014365,0.18770825240709849,4.646982504649742,0.0809669085353412,1.1548761118554265,2.008033647888446,0.09562097849645794,0.3254774993772356,0.5997271968018614
148,K27M,177.26735328713542,0.04343419876316853,0.4145945598784611,5.860200523308204,1.438491757942263,1.6205142428101629,0.03510054738427549,4.814692028300854,0.3554007879687059,4.812331238417675,0.15610364986308162,1.9802562604621081,0.12098896656879199,0.035762167798507175,0.21505193859591754,1.2400574441086198
149,K27M,176.3983221264734,0.04366899658764812,0.461709267989107,5.012338444206919,1.107511339903805,1.4059585812334767,0.020536297756665066,3.931844796886585,0.06124613555497895,3.766995360296199,0.051577871190820995,1.5312208198672428,0.2340536356697572,0.00208933893281964,0.43189086081443717,0.18196702515632088
150,K27M,245.07054714605766,0.04354490845950129,0.38344570271798434,5.046234724262268,1.4869969198902782,0.8792895470222915,0.03809369910619506,8.14740189682525,0.48385353409181125,4.124364638710448,0.4455799763128975,1.799646046344791,2.30395805607494,0.029914036301536308,0.05298336815611106,1.4458270760348593
151,K27M,176.98982329593625,0.04387110619926321,0.440863073785241,4.388079696109889,0.6044438962088357,1.5777771820403952,0.059175026088773224,4.1378923666145715,0.344201060795668,3.212086267358798,0.1089931916789246,0.7506866550418824,0.6421739683361458,0.07917824786654822,0.15498694060349463,1.1486551780225838
152,K27M,177.1079227621598,0.04349216045603157,0.336059468804589,5.872473960389667,0.9912019674002226,1.957014245802191,0.06529964782589848,5.186461033402665,0.4873665502605152,5.039471856544521,0.1439747663250614,1.2590376142477655,0.6967754346537929,0.1006183472550524,0.15505467662398778,1.7311519582906947
153,K27M,180.51327074544415,0.04550624547602031,0.2871130938854947,5.4373044722315935,0.9013167407474428,2.387058009446303,0.028389428810753625,5.143342424576907,0.6037162701436963,4.55273250510505,0.17112992051288622,0.9489116956801136,0.6139928012269931,0.013741743481677112,0.05555406733670481,2.231303129543182
154,K27M,177.30104939017016,0.04418070931102519,0.4003583034052772,5.97286264315422,0.302530439825672,2.2418633435876156,0.06279937411752706,6.694092558986504,0.5265959697760833,4.934413659909736,0.6325646820851353,0.34497318590523574,0.1187739817527895,0.09709720118502584,0.3467645864998916,1.861320161507097
155,K27M,239.22004225285133,0.04288962003247135,0.17220579114450474,4.2910272399982,0.08208161106872158,2.124924386871601,0.05257539407707777,8.1036417470684,0.7182072022741749,3.9702869921011144,0.3179526445146704,2.524650381709536,1.8437915276727663,0.10355581829952541,0.3693218035595318,1.861684328987836
156,K27M,245.94035615733816,0.037705081221463155,0.14126683951216476,4.651980461800267,2.2708487407647713,2.293032319405688,0.009060121077503036,3.824838202118472,0.4236746104629077,4.53707817120408,1.2991327550398677,2.084515576132237,1.014350684605827,0.006516081405602225,0.2866192441127645,1.3928507709816889
157,K27M,261.16048963502686,0.04197829905463589,0.3091369760704691,4.469194414391732,0.3523287673948894,0.9370152192398546,0.055558345421407085,8.209994737195576,0.32354232404649363,3.467573404390291,0.09169190848917852,0.7811637331602322,2.0844973448597455,0.15867866557104587,0.15665257728268445,1.4527988988903322
158,K27M,284.3315995134953,0.05221802382660547,0.06483967771178756,4.942697850776174,0.5466291238666754,2.9380304079861226,0.05762394321005909,6.55018005297924,0.323237636444363,4.68183435457593,0.7166478497822555,1.917367291721936,2.256348191179675,0.052148447619448535,0.16100355878401884,0.9207643369790264
159,K27M,177.7613740561714,0.0446607572861217,0.48906679888563964,5.535527745735372,0.8543187816558413,2.1544068187783982,0.04434649503195,5.069522111846684,0.305726544455365,4.172623479568412,0.1611058620380386,1.0519204959197301,1.0586600192342033,0.060512046682478754,0.3501951976495051,1.0014632414879112
160,K27M,177.02547642125631,0.04404384922265789,0.22740822685744483,3.098148696902782,0.24205644616685415,1.1988978780814492,0.06164392503076196,3.473518915653856,0.31469087886932523,2.5337601238896497,0.1593168920018906,0.28012463789578934,0.1804963063292743,0.08407621820614442,0.08044216607513921,1.0905934653106208
161,K27M,173.7949300532093,0.04455674617926448,0.37521429842827775,4.229263200091427,0.028499630073715497,2.246258301141011,0.060422587173585215,6.246589260034882,0.6001658000316883,3.2478784633950184,0.03153013778303404,0.001000709792330154,0.3061775434772889,0.085859708944015,0.24229151105338476,1.9756695351741531
162,K27M,177.10735310546153,0.04408375329546962,0.34249966051636926,5.959417541334362,1.3321087171224089,1.8191284709440791,0.05468275870337547,4.2546885349571175,0.3500857200148405,5.05412028577742,0.004743482567865708,1.7227009035812053,1.1014186164548434,0.06935864425808556,0.15499401669267632,1.2399387359824237
163,K27M,177.07797456237887,0.04399074205311687,0.16924784567192827,5.612537488374265,0.779375950421765,1.7881906127542218,0.06843462422833983,5.66827315762876,0.3226293760265563,5.2308292502676474,0.28566404841042975,1.086538752803877,0.06468847276642664,0.10379922459519655,0.3590547571418637,1.0940096125980412
164,K27M,177.10314952952277,0.04416546992769813,0.4303384412712171,5.611057247902375,0.3409663342468037,2.2522073280156913,0.0484847806502239,5.593684504218572,0.3439466439777766,4.418753989220757,0.25031120883621527,0.4267839889759901,1.3465257880358863,0.0624263984102441,0.3733245276363916,1.1913851333112846
165,K27M,177.14954146083323,0.04379391829194043,0.25035063522472295,5.8605714638813335,0.6403182375223103,2.2399501565183244,0.049619992458254915,5.463588800936547,0.25253618805333194,5.240511093491196,0.18309277526147044,0.8267538496746333,1.2848100526296344,0.06977118450600063,0.4595142914063949,0.829963351286262
166,K27M,265.8541083962523,0.03834067430284757,0.37914988598589916,4.688721911488893,0.3854476242636471,1.384738399495381,0.05020710149246506,3.890953819604914,0.5814707622818509,3.7588745281350513,0.3574219173570229,0.9635043128417298,2.902930212895481,0.06377399397262173,0.047681640766797484,0.8439763411325549
167,K27M,176.91960249136355,0.04403087221329468,0.26148897133058957,5.703485033654223,0.8085907531154845,1.5486205868699727,0.04025978197463438,3.216462787969828,0.3419510206308167,5.018160373297579,0.6888758766602641,0.9971803011842539,1.37174891230946,0.04436816934962254,0.031427987778789364,1.199062655994021
168,K27M,176.93650139583946,0.043864894330494605,0.41179271342760077,5.685598151975183,0.8345306749533801,1.9834835449973494,0.05365180042048362,5.178498284458442,0.5579197415476469,4.569086476862417,0.06693237970564765,1.099675718258745,0.9295737702443259,0.06882298301081252,0.06278133814208411,1.9761775168000313
169,K27M,243.96932453160727,0.0429660077384988,0.2856159929493368,3.2697695537813427,1.3198115555892511,2.0980306491979808,0.02777717043977743,7.697146840141048,0.22224447318564972,2.4312028653137068,0.25767497006076934,0.5532897547766455,1.9067898909732601,0.03607122854786041,0.09246674747330594,0.4825995863708662
170,K27M,177.08777091757162,0.04360835672223433,0.4927976633300901,5.941158496888066,0.4096512084592612,1.8022828750628506,0.06865548845834142,5.5817781581565615,0.31832840521191086,4.634871000316417,0.7067745359556356,0.5170026995312769,0.05636988183368799,0.10380961791413487,0.3794776490402751,1.1245524294719011
171,K27M,176.45999756153083,0.04431237465382266,0.4092989467531545,5.975600839835435,0.919413144284312,2.029132380720009,0.02238371556298239,5.86407882606577,0.24002308590971774,4.826172715714967,0.06600602609834648,1.2052371084902,0.683964478258076,0.006550030989443135,0.45473534859063186,0.8596704648152435
172,K27M,177.12454093062948,0.04369839273586802,0.4730153070927139,5.5237958244787,0.2709481519668063,2.2112563291396286,0.06235184838087169,3.7506888445000097,0.3529203503190891,4.237396329634899,0.3604823758511319,0.30345558551264146,2.938187097746941,0.08824364997725835,0.0880412523069248,1.1910880625327471
173,K27M,178.6417114749276,0.043609554696056894,0.49351380811085915,5.420536146736593,0.4796324057776506,2.1400024014677195,0.044576625040559856,5.45396342112031,0.2518711362658597,4.093517249543084,0.02565962111185116,0.6502147937315481,1.2444881389107052,0.04442214461676895,0.5366544562643268,0.7218250611432415
174,K27M,176.70937509480734,0.04444286689809217,0.43819050508265484,5.960581369603858,0.5012649528292221,2.4782371205889464,0.020792078746979636,7.4602361594935775,0.5996364185605719,4.718377443230055,0.02866696734625236,0.6156628292408403,0.8671538936432684,0.0038071093983316666,0.3043789839212287,2.120180403617564
175,K27M,258.3028658435072,0.043026928474817164,0.24685973705204023,4.79989916216493,1.8946132294968705,1.927853495768603,0.04800225268979791,4.934410058741092,0.9616771124074308,4.489197582746089,1.1859611208752687,2.342828970718422,0.23995200163384967,0.16756463540373034,0.8686165448371257,1.276087187331564
176,K27M,271.5536670287353,0.04430678949214372,0.35708023581817294,5.561350273686247,1.6765383112351335,2.9190878473347945,0.01559669314591617,4.661318274179731,0.41111032619425525,4.586109348143129,0.35640413185950237,0.5919805156391469,1.5762897813991474,0.010769073695354202,0.366419483502638,1.8879859560110857
177,K27M,176.53154656168263,0.04426847157945926,0.19353316325294548,5.008861291086502,1.0324150627812612,1.4996172813877207,0.01832686845418253,4.018838444854599,0.2770611049359099,4.504711344503502,0.08660710348365111,1.3429800774216647,0.7792128231976657,0.0009299344026387626,0.18969523884167025,0.8708782023724682
178,K27M,207.98179920232457,0.046763732765605616,0.25713885955121335,5.320587431001181,1.2162777466830097,1.556771807927823,0.06082007741081311,3.912485828844801,0.19717997290587183,4.3601266299831725,0.3738587609228669,1.4638680778419433,1.330959669788515,0.09011291952811529,0.25282103973379016,0.7499683570666223
179,K27M,177.14693955413856,0.04392864997423567,0.37207602198811685,5.903593092680846,0.21649052118530235,1.9377948467854285,0.053346588985115476,4.839593207668953,0.10152656827172847,4.933023289857519,0.7177709699360417,0.2709192591244165,1.3778922328256462,0.07095810150972652,0.5113292259414209,0.30954448158219683
180,K27M,177.032373385082,0.043639875485824674,0.375487083441155,5.576420491786661,0.7497655170249933,2.061149730887777,0.05215433537033443,5.641645169335254,0.6096983855998974,4.630650919845454,0.1593863193998573,0.9480801626012323,0.38429115223637256,0.0698313056158768,0.12922119002512314,2.126486453786017
181,K27M,215.69094021786972,0.04191022812050684,0.340752047888235,4.789704865658367,1.2235601132919243,2.779105387589529,0.03656878136389599,8.650823438132122,0.49292055120990597,4.143925479418366,0.5393756317330898,2.122815056795985,0.013046355186439929,0.08604250537232505,0.3016434721111712,1.7773345072147877
182,K27M,292.23066201337684,0.0418459592072664,0.30395567201383034,5.6677503067429065,1.7436518902552065,0.6245446994860795,0.04863488089684869,2.7863082877349052,0.2433946047567696,5.232057165619915,1.239222877914589,3.2165044361233264,0.04963764487698108,0.1590366234361492,0.8318489624298986,1.0810294198886623
183,K27M,177.0527599966441,0.044333719587088496,0.41654702352655154,4.95532375022982,0.26786975486524095,2.239218419035704,0.04647507856763518,5.235740934236119,0.6131039200228733,3.806320242677774,0.03657186212475194,0.3377412996454113,1.8701513219126518,0.05420053183411848,0.027237337464895022,2.097404463626468
184,K27M,176.78605616334713,0.0435087641776386,0.39989994918206984,4.34307211195924,0.8073221257326493,1.3836795984310808,0.026371726698751957,4.149425405560514,0.26527842364222975,3.284105286829768,0.04038972737472936,1.0563162576652643,0.11184134404590977,0.013093023569172503,0.21638190158899195,0.9737523333093675
185,K27M,276.4187754166987,0.042762615453084914,0.3983043037238858,3.7479586963403033,2.2639962895408168,1.9603970861854603,0.015631890452329954,8.460220543914016,0.4849853497967329,3.2195802510785976,1.0536890701826969,2.832769144742647,0.40533875743819836,0.0425609543205612,0.10857579287395991,2.4175912088640015
186,K27M,218.56354135273756,0.03658235979728133,0.37282797512931426,4.964193958781539,2.1978433287119308,1.267500976162757,0.04160450241661899,2.8534430996337217,0.19277039134749155,4.454366611568041,1.2932150958357684,2.297711716367227,0.034132289309800445,0.03643026799882215,0.006811017177732193,0.7578564330708286
187,K27M,288.30735269034096,0.04675116832989698,0.3647159649191526,5.698549551821951,0.196115966138537,2.5674743659649053,0.057632212662255655,3.3027948620202485,0.1057145012211913,4.148874705021233,0.28980267501450185,1.613066617474806,1.02588044771268,0.1873273969976801,0.3648072426206893,2.217101695362437
188,K27M,219.04020495484028,0.047019799315138104,0.28617504030170143,5.5337026903548825,0.8022163881187305,2.139893447108014,0.03644431263908905,7.151698244372767,0.7115124380455332,4.718813633370661,0.2763391840803126,1.6443131273175202,0.7035068124473318,0.1524158031886603,0.4910710166644001,2.0588004026802236
189,K27M,177.11007852248306,0.044553841349295076,0.4528002225820718,5.99243011640676,1.0764785357173132,1.5133262959180072,0.06563057966031133,2.7453748526889483,0.16819684626157458,4.726492102369241,0.5147116427163598,1.4034170376127468,1.8147583790362993,0.0941391294905955,0.15844651316834493,0.5445311507497546
190,K27M,236.3888420842656,0.04081226434925102,0.29438941042160466,5.092511102886655,1.2100755123052935,2.8582978213724175,0.033345163318879135,6.574159044356689,0.9285095559201659,4.6092328704114065,0.827937336577955,2.0875151406465147,0.14836192850071228,0.036976314598396696,0.8428193036557032,1.5285113160684554
191,K27M,177.1283296969209,0.04385942249425169,0.3120943179061779,5.642178786582466,1.1406156302716564,1.5400942226212693,0.03847622033470477,4.03685613493256,0.2758632386194916,4.842864690231723,0.38054623214186073,1.341433312336388,0.6761696869375506,0.03997003847389444,0.19901214470287099,0.9273287266816634
192,K27M,177.49593587583462,0.04422824263094348,0.35358022169690173,5.470455256327866,0.9868074319637131,1.7787002225846107,0.03738961377058011,5.081515443089374,0.5434570351056646,4.524753457886985,0.141757420955454,1.2281105403309387,0.15446383172307565,0.032075222852737464,0.09958320087316984,1.7904250632359722
193,K27M,173.34026564226082,0.044400338445037046,0.49983367261469364,4.8899457124464725,0.026529135029442055,2.0174858803981,0.06502024793118374,5.132955596115867,0.6052576518001423,3.5593760194996644,0.533210497467503,4.001049250517081e-6,1.0223561922383255,0.0976482743481136,0.038130192216207955,2.1800523567051284
194,K27M,177.1443480215412,0.044329883394636053,0.34878679865206713,5.1358068502668655,0.3829063213098546,1.501823498807569,0.06849654361453632,1.9284740249558094,0.17788776551901903,4.223939731063584,0.8843420187064069,0.4596612198383301,2.4722806067410876,0.10425129590755938,0.03220694321096954,0.6212084011126622
195,K27M,176.36744786362755,0.04420708905412678,0.49814076418774966,5.630723502575465,0.3859660074984488,1.5584978681310895,0.022987198712338664,3.7041488472975974,0.3374179944543467,4.222804002310142,0.8628846560986486,0.4942561460308821,1.298371139616291,0.0077968643025978345,0.09650682826334761,1.1940467575866154
196,K27M,259.3768011848417,0.036542621014593046,0.45911678119203325,3.108234239871577,1.283067051269324,2.382283653885098,0.021191952101254696,6.024274769971047,0.9637065076150444,2.5665227911349926,0.05104868525217565,2.441735362837144,0.0554095190978221,0.016302337745643283,0.12043930315093077,1.5718353428474217
197,K27M,177.40515444796932,0.04411457244824386,0.36887142450123617,5.629973606750613,0.413050635991668,1.7363534786923398,0.06764254354517121,4.911472587688769,0.45548305937112527,4.598080968279629,0.6246356992063982,0.5415350257991142,0.49733796950289544,0.098336839473675,0.11031921143360729,1.6239091583706502
198,K27M,251.9047570987867,0.04605568683025513,0.43291717589194945,2.5256822143722504,0.7095532349111562,2.1961894568885594,0.05941131748919564,7.1260694293500215,0.34812778519969334,1.8008838977302326,0.12237586485539609,0.9087595596851461,2.8883817078685246,0.1729339874421038,0.12359192636673821,1.5035664037000425
199,K27M,176.96861352109548,0.043718940244464335,0.3564362641695444,5.842715359636536,1.3166373850172066,1.475901278171068,0.04822146130721216,4.249451485036736,0.41996798394688717,4.945942562993016,0.35394304624741724,1.7095588556993966,0.29260011100629224,0.061736688642359344,0.08557646712723845,1.4511818193275001
200,K27M,176.98601661220758,0.043756082889074815,0.3042428042174115,5.564955246780336,0.5005816435787456,2.226943881410302,0.06065522808532497,5.631483517429082,0.2802187654619588,4.792775345573185,0.1380063466843941,0.6323194051605266,1.3973877298331892,0.08722759998132855,0.3940973059045473,0.9328001863181635
