run,condition,CF,a<sub>HSC</sub>,p<sub>HSC→MPP</sub>,p<sub>MPP→CMP</sub>,p<sub>CMP→GMP</sub>,p<sub>CMP→MEP</sub>,p<sub>MPP→MLP</sub>,p<sub>MEP→EP+</sub>,p<sub>EP+→EP-</sub>,p<sub>MPP→EP+</sub>,d<sub>MPP</sub>,d<sub>CMP</sub>,p<sub>GMP→M</sub>,d<sub>MEP</sub>,p<sub>MLP→M</sub>,d<sub>EP+</sub>,p<sub>EP-→M</sub>
1,K27M,207.18709756199672,0.04859670921351845,4.535259401426018,6.712170572516209,1.1596280036566613,2.3378945392014687,0.03829946211957423,4.545972741326317,0.17670874916927848,4.315118388221443,4.5206967648654715,0.16547034531103266,2.2310203768095658,3.758369259694758,0.06279279799149858,1.269260085804337,0.9772228876189271
2,K27M,183.77818318808104,0.04268711585146133,6.787428280907602,8.62134881147939,2.219953537333126,3.823894842189585,0.01764827987281997,6.171319723116544,0.8219320740658392,5.218067204796649,0.6710447605525881,0.7144594895020284,2.4937693634297733,3.604839130435319,0.0030019085933311574,1.3136473112774032,3.037736026807155
3,K27M,177.83983682682162,0.044639962286358255,5.982805008354662,9.415245190021086,2.360371274438852,2.152447154115862,0.08862918264836737,5.278499966365962,0.6841947030306236,5.14689022671112,3.799800215857922,0.799972805861563,2.9928764435088526,0.40210591599393003,0.1432638619941771,1.0617847788401102,2.4351132322645643
4,K27M,182.34170083935896,0.04488471701008393,6.116951308338051,8.89427580844907,2.696722824021008,2.484447906808238,0.07397421680036353,5.919537211808259,1.0673352172014283,4.307184077154919,3.470488464757976,1.4632731600507205,3.158032800417154,0.8511352722398973,0.1378595907402511,0.6101295136020529,3.7330559690445204
5,K27M,185.29421844740241,0.04220712996348704,4.788153456310694,9.663248021759612,1.5382299763510727,2.233121983272103,0.03275413099159304,6.013927355974699,0.5643224993281177,1.5829064866734144,1.3099019293429865,0.024047724149898145,2.9667087078713856,3.1116020772357853,0.027289164380252008,0.507683269446543,2.350988848133232
6,K27M,197.1908475533782,0.04381946311894739,5.928468270378463,9.49052904205853,3.226227229023394,0.7602871463555793,0.043625974328948464,2.7638020639055596,0.49313860009432897,3.623210614607982,2.4481729373340935,1.1315840610219585,3.6215473055338254,0.59576833086227,0.0914178926194565,0.5941003516208426,2.753696823361529
7,K27M,177.65591058645902,0.043381184565402256,4.522161581433517,7.371371246289284,0.7682073427015267,1.3888471868052383,0.09406627227277396,3.301633037269908,0.696021689447066,2.4722064646937176,3.065023106484663,1.466504544714732,1.0381619047416277,0.6047690668564975,0.151559590877434,0.24269627114779485,2.3709790735047034
8,K27M,181.94701686086358,0.044628323272472875,7.398733583445938,8.841146100865407,2.869202890915081,2.241041833878327,0.09111502374318825,3.8997187892250276,0.9295334935004076,5.934211194910108,4.643424169915292,1.481623277691577,3.4016924037494487,1.4205478100560462,0.17830826596546132,1.0386232659795864,3.070409303256441
9,K27M,179.65239067494826,0.04323823604611678,6.668855982889952,9.8639226629927,0.7729111747868194,3.248988606973303,0.05664196433165465,6.812740943296623,1.4241863375933272,4.021295128324925,3.604622543490584,1.3642461764745517,0.9840332597496121,3.2111148316759177,0.09029485115465624,0.42246443437687053,3.995170502902055
10,K27M,181.75361373580785,0.042468000850988806,7.257453248054742,8.514285287103675,1.4785365508716024,2.4557053827767867,0.07063494866956872,2.8159226608169234,0.8850426337736608,5.770771921315079,5.344875018795881,0.5530274255302767,1.4878905921301968,4.794805507232914,0.11611899296008554,0.6254470419212399,3.36568368472188
11,K27M,177.94999597852132,0.044554081586779565,5.480912123488799,8.92028908181459,2.2889705956295665,2.466659273670833,0.07770058692223314,5.262974893430008,0.4002761874504113,5.878922831715708,1.2586762580602158,0.42135757125264406,2.7059049059930573,1.9189589355080523,0.1280744935766828,1.6378410318352379,1.252417259758121
12,K27M,182.61501340038396,0.04090864371411101,6.780372653125686,8.62472853241447,1.5637310171528092,1.3131399365682734,0.05889498701293056,0.695672985657519,0.755621892306288,5.554628626586209,2.9322845109030604,1.240483367422405,2.0342286441061925,3.351527403768939,0.0664257773936141,0.3359012321891212,2.3692969925981373
13,K27M,187.44987994565875,0.03956423131578382,7.830411663263371,7.7521300560982915,1.135784158845017,3.02704050544938,0.08914175925222362,8.526061902647966,0.7581632851963234,5.189900525182736,2.0511433361162568,0.3980609937241724,1.4492917865101946,0.7836674634949874,0.1544600242040138,1.7125723645362487,1.9926896110603525
14,K27M,216.24632800245516,0.04876362499832662,4.25078190990318,6.505093007968826,2.2604626434181796,3.8271829634082746,0.04626068278115733,5.838183216266119,1.1346169514496256,5.228474864553687,2.7060144751499084,1.829399621813803,1.5302702688468637,0.36659741123161016,0.08382875453070483,1.6584085889600886,2.847570911069165
15,K27M,177.4630714644474,0.04347096926660474,5.7582488525973785,9.770934855445855,2.8604768107573415,1.5605103000630247,0.08186015793709725,3.7184513507116863,1.1076829775345949,3.2258469102833054,2.0084875221193794,0.9315458634499333,3.685113392596407,0.9008593908020078,0.14102281993726198,0.07745164886915977,3.986517118312932
16,K27M,179.18117856613284,0.043222814869424274,6.205894774807261,7.774491527884497,1.9037394299830308,1.878096944595332,0.052263595507957915,3.260064440318968,0.9895992609103862,4.657990210298293,4.395247596945672,0.416275619409776,2.498052426321577,2.7880163992732303,0.08292125288204501,0.4982780985178794,2.9798269942371256
17,K27M,217.58415736474362,0.04120524963061145,5.810313152707686,5.847956360719741,1.6937707030165352,2.957565271005509,0.07312895978638755,2.680373425841649,0.8024851262352403,5.5359711126827005,1.61784474168386,0.16370887901147424,3.5383138558657725,1.6004099594620196,0.08742671870764561,1.302722472183429,1.8363424652636007
18,K27M,193.84847229766345,0.045767204840969855,4.093023732806065,9.590861407059863,2.9315181355262196,2.848970871173714,0.09213853864596475,3.4617598505061364,0.06866226406294151,0.7609953359029706,1.0749741396057786,1.8204748377738929,2.5719380514344437,1.9669926403179265,0.19016530240988966,0.6690740599571989,0.14192992568471352
19,K27M,183.15611560107124,0.0457299819418301,4.981710891734445,7.6171712235046405,1.46526864482067,1.995769932439765,0.0504459019044563,4.85505354459047,0.5401625900055672,5.31359544320957,3.411210679504257,0.3879210841836624,2.8328533774347417,1.8476199147314727,0.057544450823803675,1.3802956237998771,1.7124710965787624
20,K27M,179.79410438104514,0.04368526880590973,5.776764008860142,8.671190361433602,1.5981722762617454,2.8157112995838514,0.09353754393549538,4.984512327073981,1.0375737819446798,5.780011445520445,0.34550075639043926,1.099965885000321,1.630252348205425,2.217740000410604,0.1853301822343641,1.0240096381020156,3.3957429912574297
21,K27M,212.5485248066581,0.0387199749417541,4.78444739687928,5.96955949951713,0.6837392147513688,1.4890014029027765,0.0930901729988218,7.512335171736188,0.6485959884959624,2.715563871006003,1.0558299700379674,0.7511855401634542,1.4113704350823566,0.2189399491925874,0.189143609079914,0.5813980914485248,2.909398246647362
22,K27M,178.00036447891728,0.044070518098545106,4.4029501215833795,7.107858313471302,2.208539735920942,0.9238665371713745,0.0920705954423496,1.8277258253501765,0.3795421357610847,4.824031277019839,2.226258358166137,0.3313485553666272,2.7218391672425595,0.8005989568860946,0.13020116698880155,0.7108503488760561,1.3452416043312665
23,K27M,178.6025679758058,0.044181086936529335,5.573057770699382,9.285073364825022,1.2847545612580762,2.092779634003353,0.05928624719784449,1.0590219989615495,0.9215498995719371,5.665405988980172,2.465332632377882,1.5070094153448796,1.6339569230138637,4.554955226321833,0.07750012890928232,0.2810137995235578,2.9782331934825237
24,K27M,207.58003317806066,0.04218264900623312,5.136704753489723,9.41100488617816,1.7585482333548417,3.5990191864909966,0.07387308016570747,8.368464318431815,1.4059984849345835,1.244133366908379,3.078516714580241,0.13570419826192037,2.2446815949926497,1.9626595689433182,0.06564418291184342,0.5566556989119044,2.378695436089294
25,K27M,179.16786890998577,0.045078837707697134,5.699533054739434,6.714135893168738,2.34198276737043,0.9632402414284207,0.056053888670778027,1.6827269007840964,0.8192310845560503,5.295522812726961,5.142010156725234,0.5934841306946458,3.5512459859580967,1.0980923911797038,0.0801590354680998,0.5641734960327877,2.833983474976606
26,K27M,182.6477569937836,0.04066746857143029,6.848569018449432,8.073496907278889,0.6785162937157242,2.0641087486075915,0.08724009091652296,1.6552022744482446,0.9098519627911594,5.4096785269000645,1.5075235321159475,0.9378020349535622,0.9446256217153464,4.804459600156979,0.1453289240013118,0.41728900052362555,3.3082820706825453
27,K27M,186.74790997665087,0.04237213590457515,6.073360485286354,6.922626579189704,1.7527866940238628,3.171955542893619,0.020766614513346927,3.6538126281816217,0.3346529373636665,2.1387595758307385,5.727761729588648,0.9011700343568664,1.2730031619259572,2.0790788575580805,0.003946275383066183,0.6673466933501582,1.0367202586978617
28,K27M,210.0663982394309,0.0437113705404654,7.787734434667698,9.237684025784757,1.8404840803836073,2.9263230350768152,0.051652276164861906,7.009470531574319,0.34494601441469097,1.5972808491543313,5.652618977767349,1.6433241085846828,1.6707333447562123,3.73893596224769,0.1145919344962564,0.6889940067904257,2.4675953231163072
29,K27M,183.1423611672201,0.04317304168502121,6.992343618817981,9.512663347036264,1.930029057553048,3.3672724310271858,0.06060711268981696,6.784625287373699,0.7759429054874077,4.5428102252856775,2.5666435116307165,1.3612061527543666,2.541716917020661,0.7268931866154086,0.10355265636770532,1.4874370538532296,2.742513514834591
30,K27M,210.03715331921177,0.03988700430214221,5.461315300912749,8.265216889418141,3.218005237399116,1.0968712161721106,0.09329635076250467,2.2264480916502927,1.1385773276360807,5.641334273857197,1.468469278066281,0.07581690329013524,2.71715210737156,0.8909262232230768,0.08420773494630418,0.0727459065046907,2.5186054426192603
31,K27M,206.97537963855143,0.04241373647202013,5.857295486205605,7.940286772570648,3.446789383052401,3.537778406444039,0.06993211332148702,4.424432552040832,0.5182454179888015,3.4520412622514374,3.566085973037539,1.8587520209614699,3.047964328928036,3.4230312851451226,0.13897500605253404,0.5649677458177808,1.6399193717279368
32,K27M,211.46619080226867,0.04615712414290837,3.641867601482396,7.397548294778165,1.3462657338267414,3.945504665456017,0.09276753899888673,9.117364274540687,0.8576074180427847,3.65279295014159,1.9567206087297206,1.758516332444738,0.6973625967412289,4.083305406517326,0.1667834832568808,0.6214810178757944,2.8026886525539543
33,K27M,184.4983113709903,0.04466677933280718,6.928733151288298,8.819107823369354,3.159537795807929,2.432305179472268,0.059838508196650125,5.204281513751486,0.9434766060085911,4.826712151429548,4.626217313423749,1.0462767498466967,3.4514034190472977,0.6891999164972323,0.1099289441010681,1.3176803859830555,2.6834984704607385
34,K27M,181.3386819752769,0.04463117901282954,5.515390451339148,9.351352198050046,2.459707256817784,2.9619581067081597,0.09084730730808761,6.6744054603553336,1.309183956685927,2.3148944497510704,3.3796402785440156,0.16230944502232342,2.8256917725118553,3.127226997799573,0.17745892086466686,0.19385643824121093,3.685922553098053
35,K27M,209.47484461129008,0.043529164342233514,6.816834572551111,7.613868674186596,2.484946246949985,1.395776049736038,0.0385684457482377,3.1964134882103163,0.3671150690943106,1.462566685322197,4.693316647128253,1.5821853834676811,3.8959883039986467,3.8253171625968045,0.10173542494554534,0.5023277130407489,0.7387512155605522
36,K27M,215.86796533951696,0.048861169982079324,3.2138342459594256,5.434724964766143,2.857979080165868,1.2607509699027322,0.08881828185679146,3.6105160693083302,0.8255263510263401,4.547273837933409,3.6999396517887764,0.12777868960049926,3.3657594202317096,0.7198375085819869,0.11060934077504936,0.24851143096510978,3.8622645073839337
37,K27M,222.82747445681133,0.042018363892811,6.7430246540989005,5.393936046406841,1.568475008681103,2.200134774185857,0.031316229404134865,9.202144609753175,0.7919905636918012,2.5577175512999055,5.494327539208506,0.5789119180865951,1.952272393037819,0.37776630444758896,0.014406309937735229,0.8699179873574041,3.4675337705489855
38,K27M,177.10634519797986,0.044258046579886905,3.7122230386497037,7.080869013617837,1.5294657907815672,1.7998776425583385,0.09478425005413671,1.7899797804891235,0.3525901356595894,2.108600922506889,1.6997093657583018,0.2583919482990744,2.048886676685322,4.120715896497376,0.15943532360131096,0.27252104957531087,1.24258876830542
39,K27M,198.49053408604868,0.04039769114834471,7.897250589215718,9.476055159903451,1.1864201585401115,3.2804892591332475,0.020655005879961042,7.017857833641516,0.599863517320144,3.4084039495061687,0.28128210297652023,1.5909194017283952,2.301149831624744,4.838480038952047,0.0366778905074671,1.3592703336430139,2.1392607704305715
40,K27M,180.2713513596367,0.043977256959453204,6.99564719057573,8.039211041166404,1.7292809027867875,1.8624809600695145,0.05780053364832123,4.879525501000591,0.6143437523769972,4.6228764867480026,5.945459968409383,0.75189574908313,2.6556534258841777,1.5560020549739,0.09034211601633856,1.150243567876912,2.3204345061883913
41,K27M,200.10076637050963,0.0472714801608926,7.025315996125086,9.89089770109109,2.6266332099225007,1.9679279970688646,0.06359939704660751,9.49064736540579,0.45786647862449625,5.47440801174224,5.349575785874649,1.38757560872968,3.1808879960297425,0.4385365506381915,0.16259552675872233,1.8265298156004688,1.7528273298792607
42,K27M,189.41998252935264,0.045381918952355,3.8048250958482184,9.227415292656078,1.9246041988316251,3.109550134038389,0.096647221512465,3.824686389271031,0.3939406446638636,1.4375373291688422,0.8067961145465419,1.544369190530667,2.344924185639188,1.8829203791086413,0.17499034125150942,0.7042850249666434,1.0163027250362928
43,K27M,180.68248126117427,0.04236067037787757,7.59091419579267,9.978731044012767,1.938837057887011,2.658239963467323,0.0978497733650712,6.098851750992988,0.7819126443248327,5.573867089485264,3.2153776204009223,0.07923963600763002,3.1278628803242654,4.118114210957147,0.15202447939694883,1.1918198010052377,2.805335497310695
44,K27M,217.88857465271246,0.04365451436722575,5.918918350172145,7.120473959453381,1.0340978325972712,3.818969992774662,0.050845286933413114,8.716019913679848,0.43260929154022465,4.451710190705907,3.64895772378354,1.8252357762370306,2.6007300841415804,2.8488490670354265,0.09782102073259803,1.3699526777068582,1.900905947332775
45,K27M,179.27461016831586,0.04393589159138651,6.586893802283591,9.679736175009893,2.331363628172552,1.822616076981773,0.08354933821558312,5.433531429237932,0.5178261166426312,2.4317564472140196,4.7377103929651945,1.3668000347739964,3.3193289393786687,0.8016215560291866,0.15863674659377575,0.7710370957195676,1.566607871668198
46,K27M,181.95608254425798,0.043758787921411905,7.6905343865797295,7.692971989377693,1.4927704994989688,2.4525411058360187,0.07708493076185464,3.5685560889174424,0.8156914299678014,5.934378712994653,4.951573335298046,1.373631216722889,2.0095048870701326,3.0969850666841907,0.1476732622382593,1.32651177618783,2.533408310534698
47,K27M,183.3670660374586,0.04500164791698704,5.850470488331471,8.65820321663074,2.198576863682547,3.237847455614121,0.029114608154064664,7.169550260074779,0.7561895185162901,5.023561861065974,3.703171451066389,0.477458979121583,2.5545413766498646,2.9207109506956375,0.033775349972054,1.1451996080018858,2.4955363845788323
48,K27M,179.31815734679046,0.04412944402749685,7.359976064592622,9.126069247321258,2.0178641660660266,2.8879484803897366,0.09240091168747984,5.715504178497002,1.110774424993707,5.960118130716007,4.442338917832911,0.1856889796348788,2.743897601071521,2.625183577006877,0.18205474759312518,1.332113439367295,3.618537358211185
49,K27M,180.5700016217274,0.0426179320447841,7.035318910857726,8.991549369634614,2.626646664966504,2.9475192263541707,0.0365443811850625,6.757562172439859,0.4883561946481765,1.5894031130375894,5.909881131351063,0.617481098292433,2.6689270841252384,0.6836186065499612,0.04944227432740302,0.752720905693403,1.6655925729954812
50,K27M,179.80454447139772,0.04364712380250838,6.937449854579592,8.044774628815729,2.155473567154989,2.598991782877631,0.0915175156253088,6.405629777575314,0.4904255093737269,5.436799628031689,4.8216349443940425,0.1449078963785905,3.15782074846327,1.6902348181885143,0.15669365313814562,1.503956189645074,1.6283239206684812
51,K27M,183.87554896359552,0.041999459402505344,6.122319053112781,7.223366213041177,0.7842392139967646,1.9243337329796293,0.051744246369762575,4.117788222001747,0.961207304955402,3.9175447423833183,3.3799280542746684,0.46193459860777847,1.4325449416490799,3.315298582652413,0.0639470972500241,0.5706247331075878,3.2100257217678916
52,K27M,183.85672078291802,0.04490835291463736,5.25305386036504,8.74128510715614,1.3626676562772557,1.7111014917180392,0.042998867556818934,4.400752047583395,0.7772564498994758,4.333018322926347,2.702737293198437,1.3145451167831677,1.8420807168164826,3.4462227686305194,0.05991629039522106,0.5868709804190791,2.270466757129541
53,K27M,178.54256106724966,0.042977394369701404,6.037023252874684,8.931765179701253,1.5507212319824573,0.9669324943230232,0.08403419524285619,0.4586154544546597,0.539859838006217,4.883772031337422,1.690028210853208,1.8769439611070409,2.1883420117104486,2.7413872803174715,0.1492923305051383,0.5399599071859688,2.113842202303779
54,K27M,179.25552699690348,0.04405515179799633,5.212109329146543,9.293163216264675,1.4599259398718132,3.3066107753809137,0.034467071975591915,8.763523658492895,0.390995342100649,4.534292695607463,0.3419424154661017,0.11385476041642932,2.455022638807248,1.9161517157309143,0.04631277016667241,1.8299959150698941,1.3134172547098242
55,K27M,214.773585411828,0.039404215651443496,7.7566669870983525,9.8814384097467,3.1732495796571323,1.258006448344624,0.025414164846205626,6.739323884399266,0.7845472880680686,4.50021009433142,0.4012882433808467,1.918717826906617,3.9210491733439516,4.743583865208419,0.02101244598273548,0.3676488134405138,3.557346091700168
56,K27M,196.72635087976005,0.04271005924976054,4.692471776555616,9.447103753254538,0.5116144107350546,2.3759796863060103,0.0762554731212241,5.582855945280719,0.7039292017104138,3.767565594846918,5.325902021644596,1.1480419816423701,0.37753717880280924,0.3056404018118464,0.07971931184288557,0.34820124124644103,2.5346142882852707
57,K27M,213.65525097347006,0.04325799681831794,6.242144633805511,8.665717366570753,2.0565556759676724,2.7316343125528526,0.08977857174254379,4.2703840719996435,0.9268483861039898,5.073577105789199,4.134975711857727,0.544902646387411,3.7172377057828876,4.060651768767697,0.10371609420113895,1.906862516660206,1.4389416065383491
58,K27M,181.97415825898437,0.043264439255306535,6.5160179908390194,8.164398897151669,1.3768158623942306,3.502975999425491,0.04486286627468887,8.713395038354912,1.3034687791696926,5.526292177575735,1.4783692470515342,0.18562553668677795,1.8946596006003986,1.2775975083737328,0.07604256378026808,1.6941954235383667,3.7124208365798537
59,K27M,223.8713250428155,0.038768398415683795,4.735439430592995,6.770572208380836,0.3412355146356596,3.563596947538957,0.09672268544656308,6.098037711109631,1.069141026645792,2.633931011095486,0.7176384588977189,0.6733418757372251,0.13190486460059425,4.405825490901705,0.15758333868507346,0.027910323632930556,3.3353696933930754
60,K27M,178.85273440904066,0.044090426748677,6.549368218195826,9.930483542164122,3.18364011824024,2.4855816610850314,0.05949208896499613,6.0724200112713795,1.224473795994642,4.285828167526586,4.2012388723386165,0.4536748862615471,3.6711036978080296,1.139881364377203,0.09590020180094243,0.44306191959754415,3.900232403634982
61,K27M,179.6549046174418,0.04520728772372658,4.364538212220412,6.462773319638065,2.0060815013446844,1.1356160032123102,0.09934862177036621,2.447397269236563,0.37712595976124785,3.543562239019882,3.0728831287406115,0.5405655222457002,2.4632578140029144,0.6660317394325351,0.18650046742172113,0.8726487262076972,1.1108542457493378
62,K27M,178.3258402454103,0.04431957209000065,5.339256255862624,9.224705014820028,2.0892117763407403,3.1637099922099394,0.08229543326979208,7.036198664544167,1.2004506796765755,3.829722946589423,1.5781202186294894,0.15575767091473608,2.74191103847913,2.7638395738806847,0.14976157429912568,0.6434827927046163,3.7396469190868356
63,K27M,225.89744923931042,0.04347596946441163,5.84259811625257,5.205359784742985,3.124397074719734,2.262383906085981,0.042946252999416595,7.445570913999015,0.8397103259963625,5.6170677393203094,0.14230961276828502,1.4394602791161433,2.247177757154506,1.3591406338687664,0.12090147656848291,1.8753818139035434,2.182528879415979
64,K27M,218.43137778981597,0.038068491533424585,7.161345651040927,9.122077047028824,2.417655347068484,2.7822026360336363,0.054956525304009275,6.13531665328453,0.89655439756707,1.3009366369379602,0.09998502018531052,1.379099983542142,3.4684942469831865,1.9682159388846263,0.10770465745590486,1.1337955752252609,2.27163222924095
65,K27M,181.1402660236108,0.04186160610111696,7.585622071058112,9.137310199364318,1.98254733471667,2.548124366855306,0.050567524370752195,8.072653111030654,0.40715656866278416,4.278881922063142,2.538968669292013,1.0559273902019335,2.6643043352892626,0.2888401334876913,0.0864755368911078,1.5885823585672225,1.4233021619480009
66,K27M,187.1652609098164,0.0444079446034798,4.464170771485938,6.095257592353328,1.7544728931378117,3.470894346153454,0.06889210580181737,4.7488293873121785,0.3214539151989095,3.2638074946809836,3.1764718935671654,0.06836907128042466,1.7885557880954468,1.3205626145574187,0.11721495675797731,1.1528672754593137,1.037534927712798
67,K27M,214.2338754616528,0.0365046030903631,6.634432936464252,6.246773393054517,2.2108733403158136,1.8209753496331407,0.055196367749399955,0.9793809489244376,0.9011381005738984,3.8013088023875565,0.4181091444196259,0.041289476177699846,1.7867341326049566,3.4163462447495174,0.18159154902100005,0.09882607143116595,2.3228695869964664
68,K27M,194.11525343153846,0.0449282658735381,4.187888791240007,8.130860625996085,2.6598955789020313,3.052104335050217,0.0673007282131459,6.615775771320705,0.8701030558536696,3.1509229362451676,1.8395466055015972,0.2453502550677975,2.228600523032616,4.740237258643546,0.127965075113112,0.15950047514691815,3.5205967210937996
69,K27M,179.54600607187697,0.0427500752438393,5.0177961197393515,5.66588883500384,0.38006062308587324,2.017991847209964,0.05500979689709848,7.068800777676165,0.513501081180567,1.0147753122849419,5.18979600550575,0.6123510149046293,0.5363044785469964,0.06744449701129443,0.08982594217124092,0.4725742121535847,1.955487477173404
70,K27M,180.2970877405374,0.0434815513133633,7.49764293396833,9.398695524049039,1.4296080794485078,3.782304661072625,0.085896417445264,9.910191635778313,1.0238270333472157,3.530409058194563,5.201739748205547,1.009837804566018,1.583755191634458,1.8636021474482556,0.17177396435175607,0.9090835752109427,3.567115515374706
71,K27M,197.09605748025007,0.04364043117379553,3.491226727894336,5.642306498698099,0.9078761667494797,2.536944147429595,0.04854147731673886,3.893409752600606,0.09509179952178326,1.4386127573657301,2.32161784507977,0.8026940913893408,0.5888311964920634,3.9415269042856065,0.08808151413455782,0.5949242978655882,0.3590819929409004
72,K27M,177.15267624473478,0.04334522580789621,5.8676846524869335,8.98609121337153,2.4958162590360717,1.9481459089538518,0.019578939595779592,1.154715519336858,0.17813619113108048,0.6123216743171878,5.729792213622202,0.4709659157991356,3.1461929742451815,4.401556405725265,0.003194297838999601,0.06445244186225707,0.63565289003645
73,K27M,181.11798912621163,0.04271654356816038,5.646291106533991,8.123925193126118,0.8229796185417527,2.4117120158193357,0.06623413982319543,7.559439818241315,0.6555899296538965,1.2361591315219203,3.9096573079651673,0.9475556595736689,1.0019645511279145,0.12725972010421832,0.11693329322343467,0.7511115116850461,2.054789345797072
74,K27M,200.0209098991553,0.04581016560386554,4.153993391694504,7.889664265602663,3.5977565123749318,1.817469434063125,0.05276126324355037,2.8211029640983956,1.3167118752649203,4.259605984791112,0.4392793077072765,0.3970876507626846,2.624793262747922,1.153904168907975,0.057200875686564866,0.21096074853605096,3.148025335103105
75,K27M,200.6475489363739,0.04167550770600189,5.618342946126633,8.111760243907508,1.8349497063172961,2.981563730070677,0.028147825245411776,3.913511453069378,1.0645959441714594,3.3665985321435614,1.5493565964248002,0.5326396474695243,3.333496720080925,1.8934962572853546,0.01850181769633577,0.9770871834007391,2.6587135471520247
76,K27M,201.95316628199646,0.04333636656807057,5.917826166125048,9.711878857964301,0.9196710004732918,3.701219419735622,0.013801866473760686,7.651443556572625,1.0156814105243164,0.10720905926184976,4.746351417297999,1.4243147978383637,2.8665709889549555,4.260475449983976,0.005080545564061387,0.16376866508185484,2.8861327569687587
77,K27M,221.23412937745923,0.04359508562640044,4.581933847860519,3.7194574478052598,0.27197547716981774,3.1907300438861856,0.04277233906848546,1.2947030969772433,0.4058111568129824,5.105355787192121,1.97225466532316,0.7113401537493322,0.5139412597047652,4.116091148772462,0.05012544828718762,1.3463100611080079,1.8162928470193078
78,K27M,218.31039871934945,0.046543715113814124,4.451271769144581,6.562486090218215,0.9882674667007301,2.9220781342814206,0.09975831585503744,4.441656317292093,0.5413298968824357,3.5698805863433782,5.2047731711395375,1.287497090670584,1.0112230133380962,0.9420807137455858,0.08911438200517852,1.0252512090054378,2.2991031529618082
79,K27M,187.40609737138158,0.04313855628733839,5.681582216487886,7.287877740770904,2.5577806379674777,2.797362717796393,0.067946572233787,4.238750570438264,0.5991945439393677,2.9490425836410754,3.6241434441550453,1.0559095680721595,2.108703251158701,0.7706903589647087,0.09935487691147266,0.6657188840151946,2.300955580657641
80,K27M,218.10928786101562,0.03659104508821108,7.997618349594261,7.26435320311896,1.0009334365967404,1.2280815821066504,0.08832431258544157,6.0538818505452054,1.0152197764066537,5.24887174557054,3.1305556404812886,0.8795376451032628,0.8864881814474237,1.7274286246497177,0.0996514528768911,0.4125616763291111,3.226503536618824
81,K27M,223.0826719972737,0.03676730989061039,7.101641142200854,5.505407723086455,2.834880824013757,2.303169556116625,0.06012549356493216,1.6125585237259417,0.9944450285180603,2.632516173371895,0.05173734992377632,0.3425525508209541,3.74593785173044,3.5196056977991814,0.17403222952529554,0.371930101762316,2.034592269531083
82,K27M,209.45614072544197,0.04216490521430207,4.2382160522518735,7.197155059290054,0.5845146639743062,2.262923371232157,0.05594111200757669,6.021420182454872,1.1728933359092342,4.614516506816984,0.9864597671765756,0.3554678740903583,1.1570721048909833,3.2437260346984367,0.06814265033355361,0.9472646483557248,3.9343602597138014
83,K27M,178.79002000227874,0.0433489086497655,3.174815898509665,7.574943822724774,1.060278037605944,2.799780640046728,0.04824103252793149,5.749395372265582,0.5382511037531371,0.22571213759420675,0.03518055533726283,0.04363925842100044,1.566606191463504,3.7061417090429103,0.07600701284072307,0.24917983905331983,1.775671700114681
84,K27M,181.01586258305545,0.044277653659485855,7.5788016438713655,8.650661015207582,2.78982447974768,2.1417327004977746,0.07450386444787944,0.8871037858489669,0.800095059260248,5.591302499394289,5.789662971450425,1.0891605034828098,3.5758149347367287,4.301678456108805,0.1367090183135004,0.7313240876075406,2.5120384887260427
85,K27M,178.45527244293254,0.04372113922205741,7.279698640662666,9.519164677947883,1.0837987663129787,3.6380129002193704,0.08188562609620563,9.806252626737841,0.9431722804362838,5.50469439117737,4.2288037373348955,0.9355958534680767,1.463034258217971,1.0510477161909721,0.1546025264423962,1.6766907720721747,3.0419429539249747
86,K27M,187.50043199638748,0.04602409470147266,3.8180269732734184,9.654844172942584,1.886749880703315,2.8369226077321215,0.048631647206775416,6.256139235476838,0.6871207832810152,1.6842229244275961,2.5111351127426884,0.5333230774206452,2.8870571268251335,3.510451147806016,0.08211443723251499,0.34305391250330286,2.344488525635713
87,K27M,217.64665043627647,0.048307622724622676,4.05744873839811,9.25437757067472,1.445807398309477,2.6278845926702448,0.04661994176883727,4.7084699749192716,0.8730080628617908,3.130853253225336,5.0582974872207345,0.7478220900539776,1.342865719999467,4.3606988635536394,0.1764306964398072,0.05911766605594648,3.665715326348881
88,K27M,177.52410828579443,0.044183898936811926,7.127555921301783,9.849320412505216,0.5541657128244434,3.76188251812462,0.05240637504127,6.743648846510719,1.0211108161204507,5.4442788990402455,5.257767962558202,1.3574984272226438,0.690882670115204,3.9777993502034668,0.0702308447005533,0.9393407435661182,3.6474582079544153
89,K27M,181.55616717626287,0.04117732078522426,7.513504597676556,7.565489093066949,1.224008947061456,2.0888312649436855,0.08939495588268685,6.244507716345582,0.6727752778249159,5.070654645660369,3.737318434230394,0.6564534508923744,1.9652619676059988,0.9650334404192297,0.1675682759437852,1.1215127365243795,2.394246881344024
90,K27M,218.41742841981545,0.04284954960090823,7.080302984152405,5.665849251745518,2.814710441435003,1.3292157790151107,0.0824488315176555,1.6254418874947194,0.6901537231988072,4.943180713669925,2.5040423672981387,0.9277697911032954,2.1184090421832416,1.7338368520236047,0.13795208613462656,1.4216946846864906,1.5043829816911982
91,K27M,179.39133023222078,0.04390736056011092,3.915569551121067,4.957449766138305,0.2609056983652099,1.7554891947001208,0.07114456017348161,4.979173929244152,0.3538423863739203,3.1070280587637957,1.7829007578028,0.8971886765996032,0.29554340499438536,0.9534158854541566,0.142999645383211,1.0121781742713494,1.1705167112114783
92,K27M,180.3081230841408,0.043540995066530336,6.4589242503609725,9.123828022503774,2.071745483684531,3.2763469657259474,0.019590461841781093,8.654820300290583,1.2467849109573355,4.327504609117369,3.9871725490748258,0.07705894351710722,2.8764128456689098,2.5015998377645947,0.004169461836862722,0.5946557228779357,3.910659330891715
93,K27M,179.61517988866927,0.04400323603631396,6.287404848681819,8.344606586510245,1.1728923507228277,1.570293322561666,0.08496791920127253,2.9823729530671605,0.8926633741480922,5.584803110628881,4.481674899525257,1.4164951837364719,1.7842640363449593,2.6820888624730275,0.14915557277236116,0.7693200642195663,2.6799816834837786
94,K27M,212.8248262485326,0.039586897787307694,7.517997891450108,8.57897198900134,2.692708729736017,2.9326129198886006,0.07284068034988724,6.099887408401273,0.7069016464981659,5.750306091915838,5.667124420575627,0.1894991534887902,3.1476201754188198,0.6264374755479449,0.12860977795695672,0.9399740715958966,1.9752487301253057
95,K27M,217.3446586001221,0.04591096498040523,3.4423886361749454,5.160729381368627,1.7253642459356104,2.818279358010761,0.029292721909423336,4.439049429363839,0.6246203070542261,4.8947277769734345,0.3869658197221679,0.20155208493908416,2.0270905382121667,2.1395907640593257,0.0402799752994069,0.5341351218948982,2.0779380609722145
96,K27M,191.96112076167628,0.037961860627893085,7.702567119654348,7.684521547765612,1.38553845244877,2.8426395465853815,0.08014284722271307,2.2678415677113914,0.32430269572303116,4.044322246809169,1.3312969342530239,0.6887812791420747,1.267308608520172,4.271560206047517,0.14564996927573715,0.7953357317953541,1.1494017187058254
97,K27M,181.4805760361593,0.04180356797472944,6.057636747193259,6.416356820521069,1.3172771591607813,2.0968993805415304,0.0818105548965474,4.352324522008504,0.8904544205546392,1.5232323909875074,5.913370941278701,0.27366837372802805,1.557492215542649,0.883940656354829,0.13459126444404837,0.1103005096827171,3.4040984646078227
98,K27M,184.24441571438393,0.042133473235680896,7.04316960384806,8.03213264601929,2.945916598893083,2.5939745790735516,0.05278254367083887,1.8168509222498705,0.2966174573435053,3.071442448449093,4.351656688752071,0.8139352511855628,3.2084806322411676,3.8805215037764222,0.08807610214941428,0.7120028627618556,0.9586597339090865
99,K27M,177.40212794592298,0.04378025442176957,6.1614654671043,9.996351162786896,2.2890269798307377,3.3311197762499667,0.06630741668966805,7.236411122341776,0.9183412731359437,5.714937483423108,0.8739956239981695,0.0920848067041055,2.7779706598163765,2.795567267596804,0.10716367377909722,1.2722518683308244,3.130789470799706
100,K27M,180.04915076236296,0.04432357462948691,4.795093305822677,9.561393003511544,2.0393712095244028,1.8457957061047066,0.09151002843376702,4.81847636177765,0.36960129842002426,3.614570156023722,0.8167595680388907,1.9511583953879366,2.1061797057947342,0.7335070761604803,0.16650410417448525,0.9856597934310363,1.1104285843654724
101,K27M,192.85363047482608,0.045000024827880084,4.88900590293333,7.7352568869587275,1.9180574623691589,2.461753544259699,0.08532693842236613,2.3396243321647514,0.5075506550728981,5.596764334287632,3.649820747641651,0.9287211957773909,1.5782155407404688,2.8296812179365958,0.19164112143176548,0.997263292914538,1.3063087355236727
102,K27M,205.6774395477672,0.03982996256708547,7.438888593759618,8.388281927587649,1.2660911161891013,3.1442477623225704,0.04632721370522552,9.515453740091576,0.4534756581587699,2.111640864096681,3.565056337644145,0.1404331373056591,1.1067387209354669,3.8374494162944384,0.08752401618717935,1.4642806623177491,1.2189066534151305
103,K27M,206.65486140931736,0.041155889440526616,7.677140366994621,7.675369886949184,1.687237436018471,3.1142155583507805,0.018055577182640684,8.583824383673292,0.17746788359811638,4.109807507452959,1.5463551543143157,0.16484719436107065,1.552328964934388,3.3242543472241506,0.02577085694335529,1.9414318926148162,0.7823714571593929
104,K27M,178.57871599814476,0.04344791682457684,5.689824587316901,9.266759295961556,2.4207362603647566,2.4079302372901963,0.041402912270785776,7.048668632058625,0.7683789206738323,3.5624169852755276,3.1930648764849425,0.08818481997535188,2.992287336277377,0.6473050460326114,0.05123612373928613,0.6484245684396988,2.8657247571507014
105,K27M,178.7345746694651,0.04480413008162699,6.0418375834788245,7.1083330047446225,1.359770697951666,2.8735929868154955,0.09188091415724516,4.8665250396493205,1.0008311982057634,5.94212361920293,4.39123625619916,0.038481064012291774,1.5576134166989883,3.6467505145324317,0.15304445815220144,0.8474891304077561,3.5399288563224296
106,K27M,183.6761740686143,0.040573326244970676,7.240272328493571,4.6502647165083175,0.9675013007582126,1.4598134962951173,0.08549821680850599,2.3442524263074604,0.8284910034180242,3.7625310398317415,5.463024805956335,0.3929220847852267,1.2216783530827962,1.762281765981318,0.16817638679757535,0.3004825796469983,3.387846270930043
107,K27M,206.11548286623506,0.0473804778854656,4.933529380928215,8.946202362202147,2.1471158972823865,3.242565805663703,0.05230598992950003,9.557284224395744,0.8470543800255247,2.7160028523926494,5.084512517287243,0.14746792689577343,3.939255538886004,2.5217845308805664,0.10302879173237026,1.7397669013727015,1.6719345215594785
108,K27M,227.63872499537067,0.041852463066704586,4.239054683733676,5.667797944145503,3.391472741919173,2.1167856967221987,0.03460895751720735,9.501778964390436,0.5388170258050091,2.381422357950377,1.444814159878015,0.0859956310639714,1.8051770812814494,0.736174418877436,0.036476435285888925,0.7963119897068096,1.8087234114878297
109,K27M,184.46589462531114,0.04232478411770099,7.536594257150788,8.451132553859612,3.7509057581921637,2.193141286328842,0.06600755176669415,3.1628909317301526,0.5857289070846685,3.5882955339096707,5.140533821591023,0.6155419887280528,3.899050164056548,1.9552018878060315,0.11786229672616891,0.6350429630585491,1.7541487689669633
110,K27M,177.88617119429784,0.04386681395790481,6.611485573932139,9.204937603267933,2.47925257849071,1.75938147192907,0.09480991054158075,2.345872004048049,1.1601484911104263,3.883383045037147,4.321406561176764,0.9408416913872557,3.366477835299301,3.4351419877820533,0.17912772552922676,0.0017512773125921903,3.8334868008683944
111,K27M,222.3222274845614,0.04411205494637725,5.276259365033599,8.922594827972372,1.2825095915741351,2.2297246752926263,0.05847213463050357,4.666422294697378,1.3516637836478895,5.528429276673935,5.562861275300816,0.1673463644674675,1.4375133560227318,3.2375326570229856,0.02064891642271463,1.1721813755850752,1.9811503023626822
112,K27M,207.6745328867059,0.04472051733659757,5.406766090511565,3.8139835879197213,0.6297568064962172,1.1184357911575378,0.05301099745361529,4.9982722972934415,1.0219866254906311,4.606285736346098,4.788674898790989,0.2151397591406996,1.5548001644592748,0.7811621347564253,0.07078341819472565,1.5364216902953733,2.2012029834111226
113,K27M,219.2389633265697,0.0408118364463543,7.818750988360157,5.157027388086695,0.239775643774788,3.078841833450312,0.059213061838153086,9.260280929213552,0.51639590317541,3.960548301463977,2.1035865442529724,0.33898457152040185,0.6021918017733618,3.8793367194012536,0.146352647044758,1.5065267984882287,1.7206359957692932
114,K27M,182.43291267910973,0.043948369517205696,6.0922696274419,8.936964242842949,3.178156121794703,2.580103121191779,0.07403472628095481,3.460722446275836,1.0826767582584755,5.886368333477639,0.5817226705906919,0.26794481125146136,3.4522987859330168,3.0485227121352003,0.13111186866222582,1.181245131071189,3.103947108556996
115,K27M,178.51491173631632,0.04315383797125513,5.1734512945487445,9.571020936496499,1.069226455686742,2.4959463721663133,0.02498746315488419,5.540933431322825,0.787054143776819,3.0016389675871906,1.503097831392346,1.9817072329628886,1.1297092126890877,1.3660569124053714,0.013102027337628332,0.5236656613532442,3.0896901239321894
116,K27M,181.0675128551532,0.043409686507345675,5.999792068011147,8.356501898356015,2.829924021318082,2.5622274421885045,0.08455903249430728,4.317702154451345,1.0772183312469463,2.1362212177104767,4.976567311414332,0.29793623229074645,2.846127693973732,2.1201910759368414,0.1730149789295301,0.015911379759700715,3.254316109588391
117,K27M,179.42771856974971,0.045096953383077475,5.515643738632172,8.599016684387955,2.5660356145996417,1.7003914968540148,0.022367086661280323,0.9476366953797656,1.0021830931090143,5.510328464719288,2.236215377613866,0.7904652545349711,3.4385399970105013,4.0340045659866774,0.009392363262907431,0.5155288406423201,2.8172038939677004
118,K27M,180.34461226180952,0.04475545957839771,5.070963688609646,8.89951254045728,2.9976588962947415,1.6312962410904264,0.09045634268125312,4.5223657830643695,0.6586974551401258,5.9936370788477475,1.081949126322441,0.4490750190867725,3.201824775830586,0.04529366793218615,0.1392359820367897,1.4072677050853903,1.9032724163678736
119,K27M,181.31276116156636,0.04434101576620871,6.616458254713581,9.60406555743008,2.3474584783830164,1.5526560025232725,0.05398534582279836,3.712479528182851,1.461549686770327,3.553296916945097,5.833393302991135,1.4802312843400791,2.923127410319919,1.0726747488913384,0.08096806396803194,0.07549042630207738,3.8546371742595764
120,K27M,206.6867005485164,0.041161365290389496,7.108488670473282,8.766030043714789,2.8471065847231696,1.8643526357858535,0.07117703285960905,4.1513577709005585,0.9043244899587856,1.950059081105985,1.3729311619234412,1.9323962638161865,2.908010923465943,1.392844826661781,0.18885985296435118,0.8193247836056585,1.6800855395462237
121,K27M,181.35941579814082,0.04304579331231714,5.928661356175182,6.099980158031792,1.0870708065780996,2.6231024565631413,0.05692932340841854,5.742581449788155,0.8404753337231186,1.4522501029756993,5.966621086294274,0.31352339924286193,1.2016164468430843,1.5549624526698742,0.10920273450674998,0.3412556466958765,2.9273076491649035
122,K27M,201.73045240798967,0.04187256306138299,5.895570541742711,9.239197276470344,1.3701774298822933,2.5743929684766584,0.033496576714356775,9.760681981923288,0.5347094908176772,1.6009542122136549,2.1762226781018312,0.35017756364572916,3.05130622897393,4.7219873570493744,0.037063429277427506,1.3460466560672573,1.1308442082983294
123,K27M,203.79514246343084,0.04247376976751348,4.24176843312872,7.399877141593771,1.9244053258273925,1.5560368014240753,0.09192092439515188,2.6968530098454306,0.15556808147877055,2.6095765637040227,2.9298719131531312,0.1540900056040404,1.7024803250646543,2.611820743850752,0.1631301567704031,0.868837301291751,0.5262734633564565
124,K27M,206.95682434766974,0.04260425016924326,7.301269282718335,7.927840959196334,1.227766980578704,3.0953108554715394,0.06049610534582483,5.142156981174454,0.27937618751113585,2.9328980123135504,4.813031053307137,1.4774700322269994,2.3861441016924196,1.8993598595936987,0.18710897296765708,1.259084597020127,1.5782931959148632
125,K27M,178.73332052167052,0.04293194222670364,7.4074241949662785,9.883609389470504,2.1072044487365953,2.323021136532794,0.05630815579164776,5.8579701981159875,0.7119123923065033,2.587512955584743,5.714026006994357,1.5695326710622384,2.646188536266126,1.2429395226611575,0.09666330374750137,0.5501191829968971,2.4782774026886374
126,K27M,185.0037309335131,0.042910770251583255,7.416253673561227,7.984875969002726,2.2357673869245454,2.6904818507701203,0.06195152090410415,8.710439573743114,0.5756766640365708,4.080222617551758,4.525141080842184,0.2987732055718844,3.618626380747552,1.0391864247226634,0.11035613082024098,1.4417845144685537,1.8144473391043456
127,K27M,181.13424741396705,0.045270592403710355,5.664329628627574,8.494058199042994,3.1418417629696385,2.8794360196992197,0.082161906358666,3.914143107980634,0.6756620715243771,4.921716829216309,3.775645998669778,0.002168740914530834,3.2655488829218378,2.791165667722423,0.14632531387477038,0.8606299039952001,2.429991502742858
128,K27M,181.41034342980277,0.04609760439513963,5.652728839170932,9.93785444949219,0.3033220996554324,3.1180860972588555,0.0940161790296051,6.845101108587596,0.6453745817818741,2.5750026759971365,5.368611940393094,1.998842306192841,0.38747694763242585,3.199353966585057,0.17434995857526145,0.9882561232568462,1.9422009172810017
129,K27M,212.4446562881001,0.044962535562195094,6.433857249614876,9.866892660826098,3.577751666435018,1.946100011156696,0.04917240367612534,4.752315750277458,0.6978085029829562,2.96128516104019,3.892945973653706,0.6167004605726973,3.565979043820364,2.8872948161765724,0.0744901389439927,1.8162495759973625,1.0100889678830067
130,K27M,183.55980166109248,0.04086135866588901,6.723629946795631,8.7291024455142,0.8291643223309043,2.2832332821484083,0.04215976531083962,3.4905100822546777,0.9505361384619807,5.6211685185957,0.1050915531765414,1.041068942367466,1.2513311311026505,3.5454548290532966,0.051146993586746056,0.8878861607377202,2.783800052525299
131,K27M,219.38618310511424,0.0401748986217223,7.174485143876376,3.5142020213565446,0.8987586736827033,0.40595552304674665,0.03505297018426873,1.671547116957472,0.6770209676335913,3.672611400306565,5.26050465486558,0.021970749257318012,2.825385952252648,0.20855887620535407,0.08010563440339313,0.6534976127252219,2.3685710704128233
132,K27M,178.08196711860253,0.0436754721926858,6.914802450455662,9.987524183018872,2.7364103300643583,2.6657445242839746,0.06256824705567784,3.0114355779972564,0.6975812239806587,4.554055903778165,4.514908736941852,0.25305036650910073,3.117729996613642,4.273633393599726,0.09346368278397277,0.5976953842325288,2.699194470804211
133,K27M,179.54207772132497,0.04470365668492123,3.996729155189679,8.057901376582755,1.7810390086628733,1.9440353145201887,0.05317146792769508,5.1137568928975226,1.1625513130126028,3.4267681583275125,1.2232718451043891,0.08681402565210229,2.7084226506632545,1.9947541781839493,0.05893098915338332,0.24251290435451994,3.618609185990981
134,K27M,185.80570460102606,0.042497866546625504,6.119551421788409,9.570212200834415,1.2037771064851448,3.1104923816261256,0.05084860032695848,9.36184357484364,0.9237599499537594,3.2782139895720945,1.2374583138826227,0.32506973414691875,2.3274725416858115,4.028294114344425,0.08531326707953339,1.0209381125693098,3.563550468798762
135,K27M,182.5547909843073,0.04220432855078638,7.696795404587404,9.038789106117466,2.145290990318619,3.484831634033404,0.06705157916387541,4.661378215201559,1.230358719349567,3.977472103427752,3.8178104596234776,0.5859334820398894,2.452071626540266,4.4675286421370775,0.13764847776026706,0.34994148450120716,3.729690792711859
136,K27M,205.13310341736292,0.04179727542510616,5.019980510653131,3.5414803837996125,0.3604272250183067,1.064638707036136,0.025925681586085415,6.321221396597879,0.9689530164475506,3.0335300532243457,5.132892837013503,0.18786595887186924,0.661646100453166,3.525394071527076,0.01038117187616372,0.18937172129705815,3.1122188891200224
137,K27M,182.40269053816542,0.043611647371984606,6.060731774050542,6.13477970405432,1.1651422875792201,2.219185370870024,0.08452799864603983,4.604846485544323,1.077257773424854,3.78319129937595,4.036742255468804,0.4167349204543847,1.700771367346715,2.111731524693225,0.1845997596443331,0.6435376555211961,3.125227038468335
138,K27M,186.4015018673061,0.042647275153011185,5.181461737483624,9.908793867911976,2.9890302279410736,2.790686246551814,0.09011209826557073,6.059065350792723,0.8969917425329812,0.4589881544757076,0.7820487101706692,1.2944233501362723,3.089014571682537,1.6681104216395646,0.17669271658057978,0.11306454235317566,2.2757993406226387
139,K27M,180.59487476674596,0.04505530725404527,5.906730864027207,9.757265239179425,0.7818978889047208,3.468587752666418,0.043842858530821295,8.440179606136846,0.6260778588546545,4.473457502210447,5.735805150204452,0.6136452980306507,1.17897273899572,0.75582915264881,0.039924070309275354,1.3291275578102761,2.5732565652428514
140,K27M,181.2144993415303,0.04401026642708092,5.326077525386761,8.914418145238354,1.1020940619466353,3.469026705815511,0.061243662190143655,5.895505490814879,0.9868431427896016,3.361653679555443,2.057849677605942,1.2925325246934083,1.2093414698218603,3.555782832990795,0.09557982957413107,0.6584219662252425,2.682007635223533
141,K27M,211.13312801983324,0.04501536308374486,2.975833338680813,5.15765003083556,1.6725028919468192,1.5069455210206026,0.04837008267195735,1.2593953766616783,0.6501249154778452,4.113049613291683,2.1898221592064884,1.0419624246162527,1.4868710955799296,1.085765734655234,0.09287953448348435,0.5073213619734185,1.5281295609407977
142,K27M,178.59178075120815,0.043950725291180985,5.96602901666722,9.737079357229433,1.2371566833385093,3.945568487344358,0.06579202621429445,9.47579049377347,0.6991655071115764,5.358702403428181,1.560734428081991,0.2762649061002592,1.6562977831962982,0.5759194435645205,0.11060351719783357,1.8252188911473568,2.565212901613703
143,K27M,209.98049209547398,0.043078156611168296,4.803895879360629,8.833386005389801,3.090754679291729,3.0534707201765676,0.07173961401356307,7.31444193722885,0.7191163916426815,1.9420080363765004,1.5238205334010146,1.1831908135757017,3.486245192190026,2.3543771742015314,0.16628763600437846,0.9710172927767654,1.4295195068306936
144,K27M,185.98020362310064,0.04574934854755907,3.0747692915718523,9.78450435108781,0.15297752287937566,2.365206621349951,0.09470743976133147,6.321551117220434,0.6021524251363869,2.789531385161793,0.01681463665691793,0.9256248601362429,0.25621018076383617,3.182042994938068,0.10628662492590189,0.6367432540425572,1.986574334931658
145,K27M,231.92299097326227,0.049809400000411765,2.975103810399601,7.227116119657847,3.707086610915167,1.0877186880872305,0.011531298883442953,2.0486089058366863,0.653096694663128,4.5854860807801,2.500722868490459,1.1883669094486078,3.620947732301147,0.9711740371752375,0.00030231643413007603,0.49282812751979455,2.9194455295628083
146,K27M,180.2122022370773,0.04300000742440313,6.641994400222828,9.657592615786655,2.5127671767681568,3.417023158420807,0.0640452053456579,7.83841526383717,0.7032717540590752,0.6587797380911197,5.438960635441153,0.7272898764016207,3.023864614589216,0.7935701948988424,0.11249699660247463,0.45911920987183913,2.5789809493641034
147,K27M,179.52977568115085,0.0440991170837843,6.857923407547211,9.39791786842096,1.455977668288827,3.15824137515776,0.066583728105988,9.154949202390162,0.8370359708044774,5.299292696436084,3.1669577066177417,0.3954924273865321,2.379700408864519,1.9298839685974296,0.12452051789022554,1.6407801099595838,2.9293424608205574
148,K27M,214.01931308361753,0.04430294082708827,4.620533780321046,7.193030559343334,1.0571628166493854,2.725974906061134,0.06252142008235008,6.306450363536211,1.3487835405755457,1.9987396402756765,2.430226677782455,0.09119097555723421,2.7260047334222044,3.1580404890700926,0.14914836508440574,1.4027214091494535,2.566135912665521
149,K27M,178.27487455789984,0.04366994254109823,7.672194408154847,9.852515234374357,1.2922060789772787,2.0105255589934807,0.09683634972049752,5.715849528343739,0.9291778173501207,5.4433066276330315,5.768771432248816,1.7071809289576598,2.0407214288646496,0.7989980611257669,0.17230132260792907,0.8252583118018778,3.3921163802358056
150,K27M,180.74275195663847,0.044263974482231676,6.862155943909308,9.391628481691487,1.9611380237472913,2.7058762486947345,0.0885473058805225,2.4160605658956777,0.8478006770275095,5.92358891026494,3.304506477042879,1.2946334629023322,1.9257760152772077,4.918304521752134,0.16202410619875263,0.6529591214137992,3.14219517801274
151,K27M,178.84894315033404,0.04328258305456063,6.463124525109488,8.673183342530791,1.4057298030460867,3.4695383891530738,0.09747933003771736,7.3203489968755875,0.7914505372654925,4.69256824957251,4.568784190818251,0.04494920464510407,1.6312402531919992,3.1751860258658158,0.1456948611981028,0.9592052355672009,2.9520757711068417
152,K27M,179.4596413357922,0.04460057187031041,5.004011958368244,7.98364962901274,2.7316770644985944,1.1926507626195935,0.02508188707032376,0.44639465095049147,1.0304244849131454,5.798887032811664,1.1700819021554973,1.4651596965061693,2.7128025746720974,2.3270257634037046,0.012539065790802406,0.2112047651305674,3.727798020081199
153,K27M,180.29555245233186,0.04438419771551155,4.887493880253897,6.703075715939634,0.5276099063981753,2.615908006184005,0.08704065481027701,8.07303835907975,0.6364918010625412,5.818026909080824,1.1468808899466663,0.7105221940124605,0.5687819114555019,0.6161725974712083,0.1662520806789008,1.924159414687567,1.8862589714038271
154,K27M,179.1883191089324,0.04438996215298543,5.137832388276244,7.985992901749973,2.36635332005772,1.635404792397411,0.07398229374089932,2.8186616180874373,0.9786495618280389,3.6459210280182015,2.3375495331019867,0.8707155927166883,3.0267199500105306,1.4855621522954716,0.136600025304974,0.30622056789253144,3.5396107721832464
155,K27M,180.4512945730638,0.04282647439092496,6.927109383285809,7.9096636737934904,2.584053208364148,1.3895074247672567,0.07277033514885606,3.242790026152721,0.6547957627066973,5.256264125841726,3.765392131164258,0.7964134298577819,3.2176866111231615,0.13256045934856064,0.13937590819641332,0.8714734330231305,2.4013456354269134
156,K27M,220.12246093629528,0.03724011620745978,7.484871771186507,7.483942115331054,1.5742284367536887,2.702677916473768,0.08962332177461556,9.99179379525021,0.5648761421004718,1.3815204821656057,1.0442410350707143,0.1670774008726711,1.9796669899623258,2.246766531949376,0.16532248174680791,1.2196125245194815,2.6213918451701588
157,K27M,182.9135970590491,0.042449104186729716,6.745933931830033,6.870852184786062,2.1317224384571785,2.658698887835884,0.0833874162387196,6.378274019626993,0.03914496458762621,3.4650647434309203,5.132701387886584,0.09330897538758084,2.309339828089392,0.016400199592292494,0.1983673540239274,1.5855139905326967,0.10594911486976874
158,K27M,204.798335119936,0.04696408521484329,3.828269198335845,6.2727314468774775,0.9732936014298568,3.506014059492574,0.03379441120531312,7.45831259309694,0.6349251722842855,2.787062626591264,4.743560240158893,0.30776391000155723,1.3093501082424164,1.1669504989618704,0.056526243540091864,0.5937759232809574,3.729207693978042
159,K27M,180.88291781396242,0.04278938009740899,6.839212664722034,8.766710843152886,0.8878162201511223,2.2975729628051442,0.08616989838937998,4.8133547403963854,0.629631907642211,3.9915753538154304,5.234358892882825,1.617666667892428,0.9315188091010848,1.7630950279189508,0.14171658702276843,0.6758259916480899,2.8325362725546905
160,K27M,183.76819157904208,0.043769529944952604,4.878205221029414,9.100507165227281,1.7879599856223003,2.7937591716908514,0.0767412868043561,6.4783778571570005,0.5421167363884878,1.9888023448882701,0.4081552820689424,1.6179101343529247,2.5399641049312653,3.2157359289959735,0.15299892831024678,0.6490774815846616,1.991981339355349
161,K27M,181.0802668814233,0.04131920618566404,7.023853543608291,8.024542303521356,2.6932112812963793,1.5395039145794458,0.04342957848146901,4.068294725947656,0.8276148017877779,2.583507948601099,4.159492649940901,0.23187905465990186,3.451891766037418,0.42267567665321726,0.06143542243957618,0.37307859240276947,2.8305969678373817
162,K27M,181.11781487874418,0.04329548790395265,4.802700379714056,9.700979500818566,0.876640765076308,2.808271753321483,0.023813401548807542,3.0102643876232094,0.7633330256361243,3.4958685690406606,1.6140671545026612,1.5677865938065534,1.0499229462298807,3.1667904521864485,0.007214404382909681,0.38739323830975764,2.4775901376994773
163,K27M,202.26067431857325,0.03930815314295979,5.954018963030729,8.467529986324209,0.47005326490241117,3.1345937264299533,0.08905234523439061,6.441835743361155,0.6873844452459319,0.41487358126646434,4.225532800544026,1.1899686675602668,0.5510930724209904,1.2920209463998233,0.18988390965664792,0.44234475078432384,1.4249911218871447
164,K27M,218.62819427686298,0.04402445598552841,3.2724299765116194,4.73563125360007,1.7900524883641067,1.079057560191437,0.0856756106700216,4.421645463513336,0.9608824528752142,2.5165114209134503,1.1038752638743234,0.943290758769836,3.407581202222933,0.6890016800883161,0.19780058427598746,0.1532374538615482,1.933660218497652
165,K27M,181.65003389337835,0.04355682285371389,7.570079813491672,9.469496429020074,1.9726004123170968,2.992134978361307,0.06673635994307724,7.922703538568771,0.6587338279136946,5.93267092265305,5.165624483879156,0.12192250498247797,2.1726903993513855,3.970191783191108,0.0943856072346888,1.3311990174080315,2.386859292592455
166,K27M,211.0760463973633,0.03918497946740496,7.612662639165832,6.804483863413735,1.7099937836636565,2.699101838329753,0.027396001957896245,9.698794467710274,1.1477065979598082,0.18923794123218318,5.998864305020504,0.1479656694057545,1.595420322568886,2.1854435510157115,0.03670477297444932,0.18178294536951078,2.8037401283901797
167,K27M,182.30916129602917,0.04409311676303562,6.33330102348646,9.606865258307947,2.7744727273653242,3.1292872197852226,0.06071965145279201,8.695672809776003,0.7538540550014232,2.34819359962626,4.71774594065613,0.5028480773220813,2.931475495058838,0.6463307748966257,0.0973779947137803,0.9003197019022162,2.06940581706939
168,K27M,181.98566300733518,0.045838713953598544,4.0638898439456845,9.379902659008026,1.5275607258889818,2.9343016147294434,0.07385411559632339,5.3844900382096155,0.8528609950737195,2.9117197449981096,3.3585667417119174,0.25932552663092684,1.750065392228107,2.2854568006610707,0.11345464981908807,0.39867828372391373,3.067556551519542
169,K27M,203.86731276455723,0.046353665980657204,3.7044984629782367,9.268181137190197,0.7378210019344782,2.8287942661128387,0.03159598633730035,9.009977620128003,1.0760152311078763,1.3189066839680077,3.4662036532821836,0.6676005985822109,2.6483786243184735,1.3361934712625212,0.011186267637204969,0.6746676395924138,2.3884571181346024
170,K27M,187.06111490502474,0.04393319160304198,5.953172322885247,6.738017453048045,3.7595596772483515,2.276945692214388,0.07554614884587366,3.321891060893787,0.6207513700115692,3.4836694337302125,3.699790122950498,0.1519627488613235,3.7197130132035863,1.2323019881190453,0.16025465239735495,0.673746798954084,2.1578821134402064
171,K27M,179.88973374459673,0.04441024507913798,6.145271123368224,8.941808865668008,2.1858622298809856,2.0630010756277923,0.08962607108525057,4.16098275389356,0.734117100948025,5.116113302975078,3.5288352966576526,0.5495916808748913,3.998973660374517,2.309310491295394,0.1512392912336696,0.8791287360381227,2.6014621442986057
172,K27M,218.50551146108174,0.04125638561865886,5.458538076212167,5.933382339831002,2.1263082787887004,0.44345779661294227,0.026361157542193838,4.429790036999936,1.133082927191957,5.349704339193279,0.5344398321770543,0.47042807618467863,2.148050428790352,1.5039732111775006,0.023219957573752927,0.47475678946068056,3.4838142297100063
173,K27M,203.42328265408105,0.045321744815276184,4.86158815629121,8.99949306219846,1.5259061212135654,2.7453222266529425,0.09525460051479229,5.473408015438231,1.330400096089122,5.431780790137999,5.065643072424349,0.8373293778153075,1.8828041166365699,3.341116760406825,0.12536116521862928,0.9004268392574981,3.08784452810311
174,K27M,200.61687610748226,0.043441856066489676,6.106307610584327,8.710941440451197,3.3197450782936464,1.1572381336314024,0.035554811579849806,2.9823733813078217,1.0367706183547987,4.981074326244157,5.765589415227537,0.2425333355213688,3.3538027757967974,1.5932498485271254,0.08409693239416585,0.027589362487396407,3.731217585612966
175,K27M,198.2655548944749,0.04511612230102941,3.676988051206037,9.279920013071557,1.6409552159065415,2.741710010701592,0.09115011805863202,7.379752801397135,0.852789536645353,3.514173566237242,0.31712940313160765,1.1963753901515544,2.457002723834333,1.7651636567621027,0.15027940021424038,0.9423955508640973,1.908354232910197
176,K27M,197.7962197055552,0.043204529822055665,3.9404355244181026,8.752189357112403,0.3977308815331133,3.14008342640644,0.09517736809893731,5.819244134253021,0.6876115484612723,2.170577678680463,1.5767659223817772,0.2991722551453822,1.400642854046374,2.5573264385078147,0.14598684173740517,0.394192760282156,2.555589143695057
177,K27M,205.2175057279932,0.04711595930013437,4.535158601286996,7.8480646324992875,1.9391689524258249,3.4900809567961177,0.05495428387579627,9.896292117476392,1.3569176008611166,5.059275803595032,1.7360517762075602,0.6561927146887894,1.7268142756253102,0.09676069782516805,0.16532714034958915,1.852419507116669,3.0712355942468816
178,K27M,177.62712916888563,0.04387344589366024,4.949819304527804,8.111344302761177,1.9256041388696863,1.8056328633799585,0.06347182210561228,2.628465257375055,0.7533040937797593,3.9207065553043225,3.133303736570836,0.01902215678068223,2.763061931985853,3.393627951853758,0.07767109704550974,0.32499840548554265,2.6241139133723523
179,K27M,182.6041188309318,0.044211007037467054,4.743138220382233,7.9154267253288335,1.4474243374296523,2.0425465512487633,0.05983524009014434,4.363301105978926,0.6567223922724066,3.6140723938281365,0.12396958654128772,1.926788136473514,2.024166293034095,2.0015417417139267,0.11347229277574841,0.8379674662553109,2.0028852001230946
180,K27M,234.0770481620669,0.03591899222127793,7.053331483957436,9.635259874027158,1.0271034022436938,2.1724087098059988,0.014474108524487859,7.463346005420087,0.9512336377904129,3.8494381179388997,0.5340624702728638,0.5552569408957075,3.7282209938546247,2.80996591470306,0.003930441765599979,0.2049589591833887,2.8223382784702347
181,K27M,181.53796789410077,0.04421474814155178,4.288546047149677,6.030027362671182,0.974439929494047,2.3777081358534256,0.0214457856753478,5.393779855553628,0.8288009392667454,4.368989113787673,1.0088162238602887,0.508476114404117,1.4580432612638847,0.23468543224563498,0.007087666349862062,1.1246693071478013,2.569074740776533
182,K27M,182.13555032710678,0.04511491019801561,5.0183496559872784,9.650725477673307,2.2926649925076257,3.0416169243326197,0.036612283605916444,8.049724147124039,1.1389893688947759,2.5911707273037425,1.212884050727719,1.1693429108467739,3.0338966093292656,0.923765202806559,0.057790202724311575,0.45149624269383554,3.6871401602399834
183,K27M,179.5784657206476,0.04402534863917667,5.367320484056756,9.998461668046755,2.5092151512161642,3.0482381803540495,0.08897194936322571,6.673393321973486,0.917561575045956,2.793048764845388,0.9175418457969103,0.21677417271707725,3.2507498843753404,3.3812986759741235,0.16989747627791396,0.6740249167193798,3.2370608206152047
184,K27M,177.13863160459925,0.043657687850556307,4.219759557241462,6.168177776208587,0.7779897988378219,2.1844602967471447,0.03797450163811286,4.444010113520583,0.6567458484946467,5.511240794422324,0.02259541971095219,0.4116079249572534,0.9174675517807156,1.7383067197508582,0.042287142256181874,1.0741968026049644,2.368969182587393
185,K27M,200.36022162338367,0.045784841325582026,5.852139791340178,9.569834318081174,1.6002157706110456,3.747353664493856,0.08632320099143871,7.803869079179921,0.3639523670915722,4.926584842155648,4.8842195951393474,1.3698769835715874,3.711627743011894,2.6039251422898393,0.10717732551003367,1.3339918753804176,1.4617738881376416
186,K27M,210.39073998781802,0.043339929322578706,4.555131781847654,8.137131815416065,1.0030601810199338,1.3588566985845256,0.03551450377087531,9.764599202311896,1.172649010304308,4.007689049900462,0.031236447554836122,1.3822371816599737,3.7017170782869817,0.10344784604100621,0.05823005758608005,0.5642064066987924,3.778384371858576
187,K27M,181.08834331645835,0.044722224345803946,5.037566032560868,9.551775844070416,2.2041342061556226,2.1067052373037667,0.06720104462241888,6.477075872538527,0.7338812227941655,2.4951861755808165,3.8969559986103826,0.30039269654641426,2.8238627201286315,1.1174464524700694,0.10105061045111542,0.6347846161022422,1.9574004873547939
188,K27M,206.11591087498053,0.0447613031516935,4.838323720331871,6.9289405740265835,2.45494250237926,2.516078636773176,0.05034722464530357,2.314635375488684,0.11385161630461726,4.586459194158107,1.6112983581019642,0.858195416300549,2.375853436535154,2.395654617706517,0.14025442013155529,1.6030462244514077,0.5441416379028041
189,K27M,182.18079646861432,0.04260723502458466,5.858165135601851,6.391058190559213,1.2754713381578149,1.4804868327759193,0.07051330448705719,1.770888653581235,0.5410428992894513,3.387321037749528,4.92360196818746,0.24530339237144072,2.590804721216925,3.033861935939838,0.11343806570763047,0.4785345030043271,1.6391431452785123
190,K27M,225.1228560022127,0.03809131696532524,7.617520389945005,9.80444734044628,1.2690981744161476,1.089741861471379,0.03730007512627903,1.6923087025498702,0.7227913935762105,3.9521978682238617,0.39704979764018944,1.1639104287554396,1.6466699584429205,2.6497160337715453,0.15657771098483225,0.1885330545655442,2.6467952404009707
191,K27M,181.1510184141091,0.04322926033948057,6.5911324850035085,8.642094476671916,2.330283798772597,2.695454002366123,0.09505133537226217,4.941511870693733,0.3987465234880682,2.8864758529841215,5.087499434768904,0.08338613834265952,3.343456345761608,4.542281571596561,0.17860279034872548,0.6482885006006639,1.4163175051930281
192,K27M,184.35043928624322,0.04412243120670241,5.304777595078879,8.217405378993089,3.293177520105275,3.601655744107358,0.07098467268937574,2.1719187316641575,0.5045115821874299,4.807246537512562,1.0508815202682043,0.09489969086303648,2.993965134393464,4.842095564500649,0.12094581166328527,0.9428765677449922,1.6300893984070164
193,K27M,178.5437186918998,0.043225470777734004,6.7092074489319735,9.159516885556702,1.822352190054294,1.6671202745540596,0.058263497582444417,4.439524703658314,0.6968311140995893,3.277437244203243,5.232221091249227,1.62841662895955,2.4270606906059364,0.41301176676497225,0.08786793918482563,0.45945564961803054,2.8929380443294646
194,K27M,216.8401832078089,0.04645294690966387,3.8845109624840135,5.6027758770919895,0.8472404029010869,1.2673617400676251,0.06821731261021674,5.545472294351345,0.6030620820479983,4.370977860359863,3.5670295795372877,0.911703368986561,1.3649070430073484,3.302888790365683,0.11401837301867042,1.5164308229717207,1.4935992899145436
195,K27M,179.34528543026357,0.04285048028892905,4.488489848443063,7.901762212425103,1.2665267846135675,2.997342254803005,0.08185610916541618,6.208500686049717,0.7060580557598515,2.144326927703435,0.41233875275407167,0.41981838037237373,1.6458421333065507,2.700526252781234,0.16112616937237353,0.4976235189463518,2.713178817238787
196,K27M,180.52729462603097,0.04213083041697478,6.617129387600026,9.54302848095884,1.1478834539373497,3.206423995906417,0.09137641710362153,8.212183508303003,1.1145144165452159,4.14601353271354,1.1143415916553512,0.9158242729201166,1.4125321021852575,3.003397879777843,0.1657539690725378,0.9150615825220986,3.603353039168388
197,K27M,203.12489609372807,0.04110893355852023,7.583310918663906,9.815355500671151,2.431734030901655,2.595510913799089,0.041419322448123755,2.4352613846455924,0.9362346524996927,5.924827248515221,0.4409629013857801,1.7659020756606703,3.383470852262148,3.3532124744003307,0.0894737107965411,1.8515342804597426,1.8726895528556877
198,K27M,180.83564172449604,0.04341871119678635,5.073588208374907,8.482074332529816,1.5042546228995992,2.110181246932007,0.07796769060082274,7.967477300418357,0.6207949578009977,1.0143222687055236,3.6492630474316163,0.7931070682269441,2.2931389404455076,1.1034930803210663,0.13726807111995035,0.346973040770306,2.21357754070436
199,K27M,218.08545225862582,0.04685768446954207,3.258192485067148,6.002413968208902,0.8593883908354569,3.451737211195484,0.010904481316989886,5.256450251419167,0.42996726946364694,0.8136586407517514,3.1907964197864613,0.017844753887643394,1.7863669182901702,2.1980554047415444,0.012779163625474155,1.035800534796376,0.9760704172300978
200,K27M,177.6679337182572,0.04397281929871308,4.953513937478209,9.665822855340178,0.8995752311549866,3.3780883119302283,0.07592947174343911,5.304132337294449,0.39197946545228624,4.480805287971,0.30284384009291376,0.7035666415335936,1.1533544571228749,4.265514629016714,0.11503482687163491,1.3926633634205519,1.2308122890228517
