Population,Time,CI95_lower,CI95_upper
HSC,28.0,7536.111111111111,7536.111111111111
HSC,28.5,7541.025647670792,7613.150166188827
HSC,29.0,7545.943389155299,7690.976764857626
HSC,29.5,7550.864337654666,7769.5989579030165
HSC,30.0,7555.788495260289,7849.024878410895
HSC,30.5,7560.715864064926,7929.262742608878
HSC,31.0,7565.646446162703,8010.32085071624
HSC,31.5,7570.58024364911,8092.207587802516
HSC,32.0,7575.517258621003,8174.931424654904
HSC,32.5,7580.457493176607,8258.500918654525
HSC,33.0,7570.084535927427,8327.549552718763
HSC,33.5,7573.49029056982,8411.127550538622
HSC,34.0,7576.897577449354,8495.544364348145
HSC,34.5,7580.3063972553755,8580.808412777651
HSC,35.0,7583.716750677546,8666.92819894952
HSC,35.5,7587.12863840583,8753.912311326134
HSC,36.0,7590.542061130511,8841.769424566726
HSC,36.5,7593.957019542175,8930.50830039229
HSC,37.0,7597.373514331723,9020.137788459691
HSC,37.5,7600.791546190367,9110.66682724133
HSC,38.0,7604.211115809629,9202.104444922355
HSC,38.5,7607.632223881341,9294.459760298501
HSC,39.0,7611.054871097648,9387.74198367623
HSC,39.5,7614.479058151006,9481.960417814615
HSC,40.0,7617.904785734182,9577.124458819722
HSC,40.5,7621.332054540255,9673.243597121602
HSC,41.0,7624.760865262616,9770.327418372335
HSC,41.5,7628.191218594968,9868.385604466837
HSC,42.0,7631.623115231326,9967.427934412412
HSC,42.5,7635.0565558660155,10067.464285432794
HSC,43.0,7638.491541193678,10168.50463382956
HSC,43.5,7641.928071909264,10270.559056050264
HSC,44.0,7608.232678767355,10336.471131879922
HSC,44.5,7610.497565141254,10439.040377287265
HSC,45.0,7612.763125746674,10542.627421727535
HSC,45.5,7615.029360784325,10647.24236487499
HSC,46.0,7617.296270454979,10752.895406509295
HSC,46.5,7619.563854959467,10859.59684783955
HSC,47.0,7621.8321144986785,10967.357092137823
HSC,47.5,7624.101049273564,11076.186645945927
HSC,48.0,7626.370659485134,11186.096120077887
HSC,48.5,7628.640945334459,11297.096230625353
HSC,49.0,7630.911907022667,11409.19780001944
HSC,49.5,7633.18354475095,11522.411758085238
HSC,50.0,7635.4558587205565,11636.74914310303
HSC,50.5,7637.728849132795,11752.221102884178
HSC,51.0,7640.002516189038,11868.838895864834
HSC,51.5,7642.276860090712,11986.613892198106
HSC,52.0,7644.551881039308,12105.557574857583
HSC,52.5,7646.827579236374,12225.681540772393
HSC,53.0,7649.103954883521,12346.997501942875
HSC,53.5,7651.381008182418,12469.517286585444
HSC,54.0,7653.658739334792,12593.252840297853
HSC,54.5,7655.937148542435,12718.21622720324
HSC,55.0,7658.216236007196,12844.419631145123
HSC,55.5,7660.496001930985,12971.87535686811
HSC,56.0,7662.776446515771,13100.595831209177
HSC,56.5,7665.057569963583,13230.593604327574
HSC,57.0,7667.339372476512,13361.881350913829
HSC,57.5,7591.806074170204,13416.295136533065
HSC,58.0,7592.753595367168,13548.091379037753
HSC,58.5,7593.701234822739,13681.182334379177
HSC,59.0,7594.648992551679,13815.580721291111
HSC,59.5,7595.596868568747,13951.299383451606
HSC,60.0,7596.544862888708,14088.351290709203
HSC,60.5,7597.4929755263265,14226.749540323213
HSC,61.0,7598.44120649637,14366.507358214623
HSC,61.5,7599.389555813607,14507.638100230468
HSC,62.0,7600.338023492809,14650.155253420808
HSC,62.5,7601.286609548747,14794.072437327093
HSC,63.0,7602.235313996197,14939.403405283347
HSC,63.5,7542.86026490151,15025.333271605852
HSC,64.0,7542.95536655844,15172.072663730869
HSC,64.5,7543.0504694144265,15320.24513216905
HSC,65.0,7543.145573469487,15469.864672531232
HSC,65.5,7543.240678723635,15620.945417115088
HSC,66.0,7543.335785176886,15773.501636234945
HSC,66.5,7543.430892829256,15927.547739568938
HSC,67.0,7543.526001680758,16083.098277522566
HSC,67.5,7543.62111173141,16240.16794260513
HSC,68.0,7543.716222981225,16398.771570813464
HSC,68.5,7543.811335430218,16558.924143032098
HSC,69.0,7543.906449078406,16720.640786453987
HSC,69.5,7544.001563925802,16883.936776006678
HSC,70.0,7544.096679972422,17048.827535792912
HSC,70.5,7544.191797218282,17215.32864054761
HSC,71.0,7544.286915663395,17383.455817114867
HSC,71.5,7544.382035307778,17553.22494592772
HSC,72.0,7544.477156151446,17724.65206250737
HSC,72.5,7544.572278194413,17897.753358980946
HSC,73.0,7544.667401436695,18072.545185612697
HSC,73.5,7544.762525878308,18249.04405234408
HSC,74.0,7544.857651519265,18427.26663035197
HSC,74.5,7544.952778359583,18607.22975362983
HSC,75.0,7545.047906399276,18788.95042057435
HSC,75.5,7545.143035638359,18972.445795588807
HSC,76.0,7545.238166076848,19157.733210704693
HSC,76.5,7545.3332977147575,19344.830167225107
HSC,77.0,7545.428430552102,19533.754337371396
HSC,77.5,7545.523564588899,19724.523565951604
HSC,78.0,7545.618699825161,19917.15587204987
HSC,78.5,7545.713836260904,20111.66945072977
HSC,79.0,7545.8089738961435,20308.082674748483
HSC,79.5,7545.904112730894,20506.414096290788
HSC,80.0,7545.999252765171,20706.682448728894
HSC,80.5,7546.094393998989,20908.906648387554
HSC,81.0,7546.189536432365,21113.10579632856
HSC,81.5,7546.284680065312,21319.299180155704
HSC,82.0,7546.379824897846,21527.506275843163
HSC,82.5,7546.474970929983,21737.74674956798
HSC,83.0,7546.570118161737,21950.040459566753
HSC,83.5,7546.665266593122,22164.40745801613
HSC,84.0,7546.760416224157,22380.86799292761
HSC,84.5,7546.855567054853,22599.442510055447
HSC,85.0,7546.950719085227,22820.15165482638
HSC,85.5,7547.045872315293,23043.016274298163
HSC,86.0,7547.141026745068,23268.057419123317
HSC,86.5,7547.236182374567,23495.29634553521
HSC,87.0,7547.331339203803,23724.754517357065
HSC,87.5,7547.426497232793,23956.453608036165
HSC,88.0,7547.521656461551,24190.41550268314
HSC,88.5,7547.616816890093,24426.66230013818
HSC,89.0,7547.711978518433,24665.216315064175
HSC,89.5,7547.807141346588,24906.100080054555
HSC,90.0,7547.902305374571,25149.336347756747
HSC,90.5,7547.9974706023995,25394.948093019848
HSC,91.0,7548.092637030086,25642.9585150742
HSC,91.5,7548.187804657648,25893.39103971615
HSC,92.0,7548.282973485098,26146.26932151852
HSC,92.5,7548.378143512455,26401.617246066715
HSC,93.0,7548.473314739729,26659.458932221856
HSC,93.5,7548.56848716694,26919.818734390345
HSC,94.0,7548.6636607941,27182.721244823126
HSC,94.5,7548.758835621225,27448.19129594553
HSC,95.0,7548.854011648331,27716.25396270216
HSC,95.5,7548.949188875433,27986.93456492025
HSC,96.0,7549.044367302545,28260.258669699862
HSC,96.5,7549.139546929682,28536.252093839415
HSC,97.0,7549.234727756861,28814.940906266434
HSC,97.5,7549.3299097840945,29096.35143049768
HSC,98.0,7549.4250930114,29380.510247128095
HSC,98.5,7549.520277438792,29667.444196348475
HSC,99.0,7549.615463066284,29957.18038047152
HSC,99.5,7549.710649893894,30249.746166490302
HSC,100.0,7549.8058379216345,30545.169188671654
HSC,100.5,7549.901027149523,30843.47735116467
HSC,101.0,7549.996217577572,31144.698830631096
HSC,101.5,7550.091409205798,31448.862078905528
HSC,102.0,7550.186602034218,31755.995825694536
HSC,102.5,7550.281796062844,32066.129081281157
HSC,103.0,7550.376991291692,32379.291139262845
HSC,103.5,7550.472187720778,32695.51157932191
HSC,104.0,7550.567385350117,33014.82027002627
HSC,104.5,7550.662584179723,33337.247371641046
HSC,105.0,7550.7577842096125,33662.82333897543
HSC,105.5,7550.852985439799,33991.57892426939
HSC,106.0,7550.9481878703,34323.5451800955
HSC,106.5,7551.043391501129,34658.753462286455
HSC,107.0,7551.138596332302,34997.23543289586
HSC,107.5,7551.233802363833,35339.02306320171
HSC,108.0,7551.329009595737,35684.148636715494
HSC,108.5,7551.424218028031,36032.64475222942
HSC,109.0,7551.519427660729,36384.544326900046
HSC,109.5,7551.614638493846,36739.88059936401
HSC,110.0,7551.709850527396,37098.687132867424
HSC,110.5,7551.805063761396,37460.99781843376
HSC,111.0,7551.900278195862,37826.846878076896
HSC,111.5,7551.9954938308065,38196.268868029256
HSC,112.0,7552.090710666246,38569.29868199807
MPP,28.0,5395.666666666667,5395.666666666667
MPP,28.5,5252.5070544843675,6303.558147641072
MPP,29.0,5155.977008147803,7134.579459457122
MPP,29.5,5019.626220839345,7817.366113155167
MPP,30.0,4965.230759843416,8471.377795713932
MPP,30.5,4827.834783893522,9000.550787563601
MPP,31.0,4777.575448082629,9493.193835038493
MPP,31.5,4739.194326106164,9929.856314055847
MPP,32.0,4706.832882111927,10375.258866097398
MPP,32.5,4680.990688503833,10733.878274064882
MPP,33.0,4662.290903846923,11091.385733215959
MPP,33.5,4649.618195306934,11433.023901274717
MPP,34.0,4929.394073218272,11980.011396232147
MPP,34.5,4830.807477303673,12119.27051519993
MPP,35.0,4910.998964194767,12411.629322345425
MPP,35.5,4905.455868710701,12609.390714028086
MPP,36.0,4941.35038450332,12836.338104514234
MPP,36.5,5025.722838591804,13114.549271774164
MPP,37.0,4927.038573890528,13216.585344727147
MPP,37.5,5081.193657483902,13499.73514796375
MPP,38.0,5101.532760516686,13613.193047143386
MPP,38.5,5108.718554404566,13728.887310369308
MPP,39.0,5122.767618183759,13833.246467144663
MPP,39.5,5146.612455907213,13933.402533690109
MPP,40.0,5177.584361519366,14038.379435280347
MPP,40.5,5198.973062187743,14162.449393841625
MPP,41.0,5261.22846822795,14294.840428003226
MPP,41.5,5172.50144934145,14271.196231794655
MPP,42.0,5202.584132253184,14338.825324337759
MPP,42.5,5233.023419523843,14410.901906485517
MPP,43.0,5320.284129491171,14544.771357052414
MPP,43.5,5346.979809882625,14602.790474578456
MPP,44.0,5321.380749510313,14608.687185724883
MPP,44.5,5345.675363355288,14655.245210049285
MPP,45.0,5389.7322134756305,14716.867663467672
MPP,45.5,5421.863984892589,14758.188483598167
MPP,46.0,5454.234621299868,14823.194393645781
MPP,46.5,5448.687632619345,14826.467154181772
MPP,47.0,5475.744395139905,14870.11788112846
MPP,47.5,5572.294050491193,14998.36618401921
MPP,48.0,5585.993453585938,15016.873977360223
MPP,48.5,5628.554787445063,15100.961358149516
MPP,49.0,5588.437560307601,15056.630017286709
MPP,49.5,5617.62753611615,15113.439401514906
MPP,50.0,5647.1900361690405,15170.46881043872
MPP,50.5,5677.110514125106,15225.81837340746
MPP,51.0,5707.375684461488,15279.617358994352
MPP,51.5,5697.456827269143,15281.339779003927
MPP,52.0,5737.196969841575,15336.437177547066
MPP,52.5,5766.952756757894,15363.560205753969
MPP,53.0,5722.510298104041,15305.298220694269
MPP,53.5,5774.406704591309,15349.549529897078
MPP,54.0,5792.963762408969,15375.119663361513
MPP,54.5,5837.591812517671,15409.923945841192
MPP,55.0,5655.214619325095,15240.5431522037
MPP,55.5,5687.5300393687785,15254.73797697814
MPP,56.0,5720.038299890284,15281.65204880256
MPP,56.5,5752.739415493641,15307.885610325115
MPP,57.0,6093.945434013419,15627.757598000733
MPP,57.5,6127.903122032459,15637.673447724013
MPP,58.0,6162.10760055743,15652.988383487032
MPP,58.5,6272.186580558092,15743.742547365953
MPP,59.0,6311.422680279326,15757.441664617836
MPP,59.5,6325.938046876207,15770.669692843427
MPP,60.0,6385.242842212334,15850.294735527721
MPP,60.5,6420.194506808373,15892.554585751563
MPP,61.0,6369.6837397381205,15862.224419649781
MPP,61.5,6488.681809731536,15994.590207490288
MPP,62.0,6444.338989447484,15941.717236859997
MPP,62.5,6555.204421603136,16058.52822236045
MPP,63.0,6588.721046294564,16090.301005724648
MPP,63.5,6622.40904339774,16165.898219592544
MPP,64.0,6766.138703076784,16321.580027121367
MPP,64.5,6806.8041416683,16355.45645379513
MPP,65.0,6842.642364620375,16449.036616844278
MPP,65.5,7500.160385059227,17116.47825469158
MPP,66.0,7519.139341178043,17146.720911078155
MPP,66.5,7538.166320829354,17177.000593424233
MPP,67.0,7001.237559195966,16641.879619828207
MPP,67.5,7055.98151187226,16685.597685749814
MPP,68.0,7490.326612567737,17121.94628718186
MPP,68.5,7542.489156211933,17170.3353842649
MPP,69.0,7565.496047902908,17192.79024915209
MPP,69.5,7707.818382369262,17357.254877174164
MPP,70.0,7778.457967064289,17390.130400929906
MPP,70.5,7848.99950851143,17447.795915667844
MPP,71.0,7932.332505581907,17525.96620776404
MPP,71.5,7991.662704287579,17591.113474325677
MPP,72.0,8020.801355627876,17629.87739295844
MPP,72.5,7953.141359579578,17586.57685449483
MPP,73.0,7971.342668813067,17574.644194600918
MPP,73.5,8003.130078265749,17605.57280439072
MPP,74.0,8027.53028512927,17652.99052080131
MPP,74.5,8393.453160103802,18017.56963035476
MPP,75.0,8398.926939336105,18032.06420032206
MPP,75.5,8526.899045234632,18212.152266300927
MPP,76.0,8551.634181066996,18246.560526187324
MPP,76.5,8415.36959012446,18073.99285567234
MPP,77.0,8759.196201709186,18444.09583163897
MPP,77.5,8787.639374636874,18463.607498296933
MPP,78.0,8814.354248445328,18483.12844017381
MPP,78.5,8841.150336814911,18502.659647378525
MPP,79.0,8868.027886646549,18568.037994394017
MPP,79.5,8832.692908883115,18569.047115153702
MPP,80.0,8902.683843508039,18640.123033355976
MPP,80.5,9402.214504480467,19185.55244915286
MPP,81.0,9487.481623874997,19210.58225471119
MPP,81.5,9497.015851338383,19235.64238475006
MPP,82.0,9498.497566286313,19279.53814281428
MPP,82.5,9450.541357050053,19285.854651216938
MPP,83.0,9489.961692706904,19377.378052918244
MPP,83.5,9557.778642947882,19544.674016820194
MPP,84.0,9569.296343104977,19713.866520626667
MPP,84.5,9554.837959176532,19828.818761599174
MPP,85.0,9586.48533192255,19993.71812114569
MPP,85.5,9617.21230440699,20167.05408402147
MPP,86.0,9625.070850842305,20341.8927867
MPP,86.5,9641.420989263162,20518.2472572159
MPP,87.0,9714.126258824006,20717.763399543866
MPP,87.5,9754.5560365192,20936.0999038741
MPP,88.0,9893.322878206216,21235.377796822555
MPP,88.5,9934.590155125949,21433.644066733836
MPP,89.0,9788.618453231104,21423.22006991258
MPP,89.5,9799.985281546818,21608.949130220633
MPP,90.0,10035.00792295884,22042.389309989947
MPP,90.5,9781.023261520424,21920.12280423443
MPP,91.0,9808.422508067812,22140.483727064628
MPP,91.5,9989.469534208632,22495.032583845445
MPP,92.0,10029.750894671513,22697.172447049936
MPP,92.5,10042.635635008117,22921.806689442583
MPP,93.0,10193.899223630584,23247.53770626703
MPP,93.5,10274.215182206774,23462.01659241162
MPP,94.0,10346.660883935783,23686.787459286177
MPP,94.5,10402.53987995379,23932.61037271835
MPP,95.0,10465.246192739873,24186.014407434006
MPP,95.5,9148.254254441325,23035.410958776112
MPP,96.0,9214.64801196017,23260.912078979298
MPP,96.5,9267.624584131965,23445.28925895732
MPP,97.0,9319.939499010366,23642.097418608617
MPP,97.5,9362.960732865968,23855.919937132443
MPP,98.0,9371.798588724017,24071.676297167658
MPP,98.5,9316.509360294001,24218.853971779732
MPP,99.0,9344.706669918607,24415.156113964513
MPP,99.5,9373.278337465174,24614.020903481196
MPP,100.0,9401.792272632765,24817.275078281305
MPP,100.5,9550.961348611962,25202.44157805636
MPP,101.0,9560.518236101761,25409.92669896482
MPP,101.5,9582.904591223029,25637.607646929773
MPP,102.0,9668.55706499371,25929.133073102017
MPP,102.5,9698.304243141174,26159.717632947577
MPP,103.0,9728.142944212048,26392.35275222179
MPP,103.5,9837.304967354505,26690.414978323242
MPP,104.0,9859.532603948475,26920.2202231426
MPP,104.5,9818.21100517861,27129.739285675758
MPP,105.0,9848.418622499075,27352.099947339022
MPP,105.5,9878.719179372758,27586.93068551946
MPP,106.0,9888.08363381701,27832.25783143811
MPP,106.5,9895.217141669571,28096.767530283254
MPP,107.0,9902.349533075423,28329.476515469472
MPP,107.5,9909.481077748038,28583.4312477467
MPP,108.0,9857.17263865979,28760.4822373404
MPP,108.5,9896.635259504874,29014.096600287477
MPP,109.0,9930.12430016821,29305.739648329192
MPP,109.5,9976.035092648142,29611.733070009926
MPP,110.0,9990.63010601776,29877.917212675915
MPP,110.5,10018.108385046356,30148.137379418276
MPP,111.0,10026.294484287318,30420.801456093126
MPP,111.5,10471.287617596332,31096.23999946882
MPP,112.0,10492.277306798864,31378.83247779992
CMP,28.0,20271.333333333332,20271.333333333332
CMP,28.5,12991.326959368502,22258.135907043517
CMP,29.0,11554.389341324684,23782.233394585866
CMP,29.5,11876.057173670426,25997.11570783056
CMP,30.0,12038.977454517662,27790.74560905635
CMP,30.5,11186.19161962701,28642.332046353065
CMP,31.0,11605.655595929657,30562.996811002333
CMP,31.5,11707.244782188902,31981.255680939626
CMP,32.0,11452.767363553592,32896.80891690648
CMP,32.5,11438.702578191947,34022.06891985925
CMP,33.0,11560.186817789507,35166.09003943674
CMP,33.5,11651.845189602567,36260.56833366092
CMP,34.0,11746.926134983034,37149.536511730825
CMP,34.5,11844.957391444457,37949.08236571133
CMP,35.0,12052.206555622051,38745.049590034425
CMP,35.5,12162.914616255954,39513.17928102219
CMP,36.0,12377.688112605018,40239.98215180545
CMP,36.5,12260.073028572975,40639.23276201964
CMP,37.0,12368.489791415026,41029.89083160816
CMP,37.5,12628.486571817006,41749.34151711553
CMP,38.0,12749.748336159819,42148.411588920884
CMP,38.5,12949.171916436466,42644.25152691758
CMP,39.0,12816.867652866084,42902.60870342008
CMP,39.5,12932.29308067559,43182.73288520847
CMP,40.0,13048.962370321584,43470.13669191747
CMP,40.5,13166.849031732303,43943.804730843854
CMP,41.0,13418.932142152447,44466.150794919886
CMP,41.5,13529.728930606407,44851.649635308764
CMP,42.0,13527.646200958141,45068.480889584
CMP,42.5,13704.697220601047,45504.697656528224
CMP,43.0,14143.27106393987,46063.20882816498
CMP,43.5,14186.578949421719,46263.55649885652
CMP,44.0,13945.455835235101,46154.640706394646
CMP,44.5,14034.759787322195,46432.93089280228
CMP,45.0,14177.823395537464,46670.15672403685
CMP,45.5,14218.354042781759,46819.06736274572
CMP,46.0,14312.42859848077,46992.40596546959
CMP,46.5,14398.118653862211,47158.60937716255
CMP,47.0,14472.213573191995,47316.12595569884
CMP,47.5,14694.81131048781,47558.41246574418
CMP,48.0,14914.63888449927,47834.624755351964
CMP,48.5,14802.346817509588,47758.76751364147
CMP,49.0,15004.882480096043,47953.84357336956
CMP,49.5,15109.66609728436,48152.86460766209
CMP,50.0,15212.60571529017,48393.22090680952
CMP,50.5,15364.865393127697,48729.28840450314
CMP,51.0,14905.483634459804,48342.39657884681
CMP,51.5,15031.18676250791,48464.99411829857
CMP,52.0,15157.951359944049,48597.32039246749
CMP,52.5,15285.786114036262,48787.610445706574
CMP,53.0,15390.197069396967,49019.01524726259
CMP,53.5,15544.701464575834,49251.079959894356
CMP,54.0,15675.800031976027,49483.86290991897
CMP,54.5,15808.004684411322,49717.41547144472
CMP,55.0,16311.445220549362,50299.08962137171
CMP,55.5,16514.199650698265,50559.373885145986
CMP,56.0,16608.704002167367,50686.64530279438
CMP,56.5,16655.451218444992,50900.52796859666
CMP,57.0,17485.321008085066,51785.9268724469
CMP,57.5,17617.957013533345,51973.06738888619
CMP,58.0,17890.274346412178,52409.024772549325
CMP,58.5,17960.53474099149,52451.0920675021
CMP,59.0,18021.93015469664,52492.794161559825
CMP,59.5,18101.874383118084,52534.17475404547
CMP,60.0,18172.956675934493,52575.272695947715
CMP,60.5,18244.315885030966,52766.75652415519
CMP,61.0,18315.95340333128,53029.89872424153
CMP,61.5,18387.870585728542,53294.35005363285
CMP,62.0,18794.524306564195,53948.847132991774
CMP,62.5,18874.63903960829,54088.4527433468
CMP,63.0,19713.828622802528,55212.04045793968
CMP,63.5,19838.566312973824,55353.66912072987
CMP,64.0,19960.36632465127,55412.98397604809
CMP,64.5,20082.91412970698,55708.84233841577
CMP,65.0,20301.1421731402,56117.33612154778
CMP,65.5,20330.271515345823,56247.523305459654
CMP,66.0,20455.090364019492,56468.540612424935
CMP,66.5,20553.341534365936,56619.932051930016
CMP,67.0,20622.970078016693,56693.19282412518
CMP,67.5,20692.828520339826,56842.50947155832
CMP,68.0,20762.91829971332,57186.52410742222
CMP,68.5,20833.240784358946,57573.17569041513
CMP,69.0,20903.79728064118,57721.012882174866
CMP,69.5,21038.02846546337,58015.84690460962
CMP,70.0,21045.61726756465,58072.501132686724
CMP,70.5,21116.883123679672,58286.27184172358
CMP,71.0,21188.38773328718,58576.92027180909
CMP,71.5,21260.13218834298,58869.01797050801
CMP,72.0,21323.78432524314,59212.287946944394
CMP,72.5,21381.39921568868,59457.59016208508
CMP,73.0,21439.16969481169,59754.0792348186
CMP,73.5,21481.282715344267,60106.91431842153
CMP,74.0,21532.512973902773,60296.7264250988
CMP,74.5,21613.418987124107,60652.44657568078
CMP,75.0,22557.52051643551,61847.04887820478
CMP,75.5,22494.02458258671,62054.249326603494
CMP,76.0,22616.854800749945,62382.847168481865
CMP,76.5,22423.121112192894,62386.69822051769
CMP,77.0,22584.060948917828,62658.33633759677
CMP,77.5,22846.929113525643,63031.560884294195
CMP,78.0,22909.414283920716,63407.00851486489
CMP,78.5,23073.844425023286,63740.040176788614
CMP,79.0,23175.875250555255,64164.626090643214
CMP,79.5,22936.90122789127,64169.056262517464
CMP,80.0,23097.023110411992,64641.116152384195
CMP,80.5,23460.545788573396,65318.059292201004
CMP,81.0,23556.210883392087,65707.12635343541
CMP,81.5,23584.126864881408,66098.51088404372
CMP,82.0,23748.712942816786,66564.33619058323
CMP,82.5,23831.932019870874,66894.90919349068
CMP,83.0,23942.78813294988,67286.70775613691
CMP,83.5,24137.351868002865,67687.50104046104
CMP,84.0,24138.44931002812,68090.68164628255
CMP,84.5,24236.87868990051,68496.2637942492
CMP,85.0,24335.70943517453,68904.2617896256
CMP,85.5,24524.87754287572,69419.28066437713
CMP,86.0,24622.727221991874,69926.05939791775
CMP,86.5,24634.626263561677,70461.83722195688
CMP,87.0,24735.07890405374,71017.5735039629
CMP,87.5,24799.984345170695,71577.69290310143
CMP,88.0,24822.78593013975,72142.22998986555
CMP,88.5,24845.60844546236,72711.21960732217
CMP,89.0,25141.00236073558,73284.69687327238
CMP,89.5,24891.316360090957,73563.26152330417
CMP,90.0,25170.282176907665,74251.48733167935
CMP,90.5,25437.293953651697,75032.40990696114
CMP,91.0,24960.035779070087,74992.76321759706
CMP,91.5,25196.501619157967,75604.75931607268
CMP,92.0,25225.679695956507,76374.34487222659
CMP,92.5,24334.070562749665,75976.08193853612
CMP,93.0,24407.644675051888,76510.94566353649
CMP,93.5,24481.44123882765,77189.41806983632
CMP,94.0,24555.46092666045,77574.53857711545
CMP,94.5,26291.970287903987,79950.4834392789
CMP,95.0,26399.181081379742,80573.0673143504
CMP,95.5,26067.787557620068,80687.30048898389
CMP,96.0,26164.798492901056,81337.10344905569
CMP,96.5,26230.450314996942,82060.4242587804
CMP,97.0,23842.49100033095,80154.30762017178
CMP,97.5,23982.793169904195,80941.62688305676
CMP,98.0,24476.856235942683,81994.76791151028
CMP,98.5,24572.951319100615,82539.54180702295
CMP,99.0,24408.672825762806,82781.74824363853
CMP,99.5,24735.177106408475,83672.13417671187
CMP,100.0,24696.785827620282,84250.790787523
CMP,100.5,24842.115132046674,84833.44924974945
CMP,101.0,24936.213958965724,85516.55276368606
CMP,101.5,25003.588687512187,86291.24262215315
CMP,102.0,25108.711326938635,87109.6377557115
CMP,102.5,25138.884752305086,87921.43494035672
CMP,103.0,25206.807073575954,88748.04363075645
CMP,103.5,25274.9129129977,89582.4236458293
CMP,104.0,25343.202766415292,90424.64806132327
CMP,104.5,25411.67713101346,91274.79063905697
CMP,105.0,25480.336505320116,92132.92583344532
CMP,105.5,25545.962956942454,92999.1287980734
CMP,106.0,25609.045986131518,93873.47539233831
CMP,106.5,25630.83675673556,94602.09763250945
CMP,107.0,25644.921679749747,95566.0821671645
CMP,107.5,25659.014314789525,96312.25313007779
CMP,108.0,26253.40819804965,97569.16210621093
CMP,108.5,26576.08383330578,98694.6230929992
CMP,109.0,26680.42039346254,99595.43006356996
CMP,109.5,26785.166574458763,100629.0374628219
CMP,110.0,26177.21642625279,100937.65129460422
CMP,110.5,26247.94419803303,101909.55556392843
CMP,111.0,27044.141989904776,103546.49927631828
CMP,111.5,27058.116334516864,104363.17601229766
CMP,112.0,27072.09777582235,105186.29392103989
GMP,28.0,115966.0,115966.0
GMP,28.5,114671.81541531245,117476.44322270578
GMP,29.0,113330.97338242384,118758.81502517186
GMP,29.5,111932.67877772526,120083.80513800893
GMP,30.0,110734.02225947384,121457.25237289011
GMP,30.5,109997.95062293996,123212.91285212272
GMP,31.0,108966.12798095145,124652.97159229661
GMP,31.5,108108.14839855276,126300.53069037033
GMP,32.0,107699.63560131911,128510.26209985206
GMP,32.5,105573.78042391044,128874.29953662395
GMP,33.0,106036.55713857827,131816.9770811889
GMP,33.5,104054.60759691728,132289.83057797747
GMP,34.0,103361.31100532919,134077.03340297777
GMP,34.5,102726.1459366954,135895.96092907697
GMP,35.0,102311.84181414267,138054.74186128576
GMP,35.5,101656.76216772645,139901.3526999943
GMP,36.0,101107.8870059955,141782.4204758513
GMP,36.5,100456.94566085546,143764.92346423966
GMP,37.0,99870.13094901381,145565.29169662856
GMP,37.5,99399.5977205489,147489.35452348777
GMP,38.0,98922.65338333255,149439.19296220902
GMP,38.5,98479.31963736871,151255.16005347975
GMP,39.0,98760.95401569562,153569.52071492028
GMP,39.5,98324.01401483931,155547.2302551539
GMP,40.0,98279.44142523968,157731.19198517874
GMP,40.5,98119.78932656073,159938.29151014495
GMP,41.0,98040.56452222461,162180.19455292352
GMP,41.5,97941.86821868358,164483.83830549428
GMP,42.0,97622.11242216428,166787.7131403011
GMP,42.5,95800.76456684306,167485.45234565134
GMP,43.0,92386.03561723781,166315.3584326425
GMP,43.5,95630.8941918892,171645.27872896
GMP,44.0,95649.76623742726,173738.80575672415
GMP,44.5,95564.49777119902,175841.24416682826
GMP,45.0,95505.76434124961,177952.5016953593
GMP,45.5,95473.12624948191,180072.5081676858
GMP,46.0,95466.15749483505,182201.21106448898
GMP,46.5,90616.50695143922,179393.91142163452
GMP,47.0,90755.2999453185,181423.7337650135
GMP,47.5,90396.02747670289,182866.07851107334
GMP,48.0,90673.16295336623,184914.0110662724
GMP,48.5,90972.87722920917,186970.1380069304
GMP,49.0,91294.41315656705,189034.40729682622
GMP,49.5,91417.51958733957,191106.78061961706
GMP,50.0,91445.57068204002,193187.2318219999
GMP,50.5,91493.157146128,195275.74554585476
GMP,51.0,91559.97156762805,197372.31601046928
GMP,51.5,91645.71638527705,199476.94593663563
GMP,52.0,91750.10356051777,201589.64559666513
GMP,52.5,91872.85427195505,203710.4319773133
GMP,53.0,92917.90117898026,206593.08576911566
GMP,53.5,93171.50500891583,208526.23236884578
GMP,54.0,93439.53756498656,210457.77446896626
GMP,54.5,93721.692049479,212462.4698486135
GMP,55.0,94017.67537858295,214569.53289460618
GMP,55.5,94320.28680522327,216681.2523066373
GMP,56.0,94532.11696585616,218797.62887158224
GMP,56.5,94761.87374331443,220971.58300992643
GMP,57.0,97000.833925578,225099.3868616676
GMP,57.5,97243.1253025665,227208.27753791455
GMP,58.0,97281.57368056249,228841.04596791614
GMP,58.5,97690.34270369745,230711.46194869533
GMP,59.0,98060.31580103541,232828.4419880125
GMP,59.5,98362.39634886172,235403.18636557015
GMP,60.0,98991.37396379233,238004.66245745812
GMP,60.5,99010.36818530064,240090.34586147955
GMP,61.0,99356.03556015641,242680.4888918065
GMP,61.5,99011.50901991942,244211.94550025527
GMP,62.0,99476.52981764208,246354.04588219576
GMP,62.5,99952.23163421707,248507.77419341655
GMP,63.0,100438.46843388613,250894.68203417363
GMP,63.5,101297.06328335789,253615.5581547674
GMP,64.0,101727.14534441262,255713.20728719534
GMP,64.5,102170.98288834128,258327.744730619
GMP,65.0,102486.05653831622,260570.13841804335
GMP,65.5,103022.98639820251,263021.5068422285
GMP,66.0,101796.66575517114,263625.2227039966
GMP,66.5,101426.15525027916,264424.46784833155
GMP,67.0,102054.01124835073,266550.5112957299
GMP,67.5,102695.96668110296,268897.5303253099
GMP,68.0,103351.9345496977,271466.7411242054
GMP,68.5,104704.36006283211,274542.0536008573
GMP,69.0,105323.78844286382,276736.81271662726
GMP,69.5,105955.68405927846,279284.5913168471
GMP,70.0,106114.36090409219,281336.8580825561
GMP,70.5,107930.18614999055,284591.1407850014
GMP,71.0,107456.2918019422,285908.29747318046
GMP,71.5,108140.49958922542,287797.02541174705
GMP,72.0,108837.34749176793,290440.9752404779
GMP,72.5,109546.78522147522,293101.8511083256
GMP,73.0,110268.76604245957,295779.77319510403
GMP,73.5,111003.24670382356,298474.8625256399
GMP,74.0,112194.68176521103,301356.5336916224
GMP,74.5,112948.40749225322,304267.2144666696
GMP,75.0,113281.30613711862,306664.3569817589
GMP,75.5,114065.42110236968,309429.34256932687
GMP,76.0,112627.98863416174,309836.11662588484
GMP,76.5,113461.79590647454,312800.2182527293
GMP,77.0,114304.77638460042,315789.5054843237
GMP,77.5,115156.91109903343,318804.1943522311
GMP,78.0,118170.57310334896,323865.4308747902
GMP,78.5,119028.39561301655,326488.8879023392
GMP,79.0,119898.45476688445,329289.3544449898
GMP,79.5,120667.74658574401,332200.20394573244
GMP,80.0,121336.42862062738,335129.8728922214
GMP,80.5,122567.67852130004,338414.8827652165
GMP,81.0,123155.83551208173,341046.20339819096
GMP,81.5,122302.33498366732,342477.78816143324
GMP,82.0,123236.52892346757,345184.7633987149
GMP,82.5,124403.5562327591,348030.3473738945
GMP,83.0,125132.33150030035,350444.85611476225
GMP,83.5,125709.0103019976,352863.64890875143
GMP,84.0,125917.42832586833,355286.73932799173
GMP,84.5,126115.51456470058,357714.1409801545
GMP,85.0,126313.70094436423,360145.86750813504
GMP,85.5,126511.99347784933,362581.93258977745
GMP,86.0,126710.39801625791,365022.34993764386
GMP,86.5,126908.92025350904,367625.5414960459
GMP,87.0,127107.56573095001,370859.37951248535
GMP,87.5,127306.33984181745,374117.016926594
GMP,88.0,127505.24783554341,377398.63343495334
GMP,88.5,127704.29482197322,380027.9992043203
GMP,89.0,127903.48577546995,382046.0811001178
GMP,89.5,128102.82553885494,384056.87196156895
GMP,90.0,128302.3188272645,386060.38476744236
GMP,90.5,128501.97023191905,388056.6331247897
GMP,91.0,128701.78422373124,390045.6312357156
GMP,91.5,128838.79910560336,392158.146428456
GMP,92.0,128946.805441551,395098.2497089639
GMP,92.5,129054.29312284032,398130.5796239948
GMP,93.0,129161.26668027518,401177.2525785298
GMP,93.5,129267.73060657979,404238.3383543843
GMP,94.0,129373.689356685,406577.0584472844
GMP,94.5,129479.147348017,408806.3953672787
GMP,95.0,129584.10896078608,412709.27726514585
GMP,95.5,129688.57853827675,415722.0556483197
GMP,96.0,129792.56038713781,417634.9988020131
GMP,96.5,129896.05877767362,420648.99198285816
GMP,97.0,129999.07794413426,423984.6169510803
GMP,97.5,130101.62208500506,427341.8219919323
GMP,98.0,130203.6953632958,431119.91020771995
GMP,98.5,130305.3019068295,435230.0872162113
GMP,99.0,130406.44580852985,438881.87033204734
GMP,99.5,130507.13112670695,442121.49268858205
GMP,100.0,130607.36188534203,444918.5368117416
GMP,100.5,130707.14207437122,447946.7430156778
GMP,101.0,130806.47564996782,451459.2849324581
GMP,101.5,132046.73001771304,455955.3589056451
GMP,102.0,132101.28083809846,458836.481861564
GMP,102.5,133025.2469862194,462731.45050972194
GMP,103.0,133174.7705706448,465739.1923626943
GMP,103.5,131278.02729201128,467247.8077901051
GMP,104.0,131359.70082031167,470842.13590440527
GMP,104.5,132364.0867376379,475374.7617987858
GMP,105.0,133770.89682451996,480394.43451445276
GMP,105.5,133919.44791685653,484481.85573839716
GMP,106.0,134067.8113828424,489116.98570008506
GMP,106.5,134996.47299324145,493797.1065465928
GMP,107.0,134363.98442866816,496497.2572414951
GMP,107.5,135278.9249187049,501577.1173882933
GMP,108.0,131996.7234101122,501056.77140892844
GMP,108.5,132074.50386306318,504018.92507085897
GMP,109.0,132151.91454505752,508363.70131982834
GMP,109.5,135101.28925440047,515569.23390658194
GMP,110.0,132305.67146400028,515125.7528564349
GMP,110.5,132382.03935300797,517525.7271811358
GMP,111.0,132458.08079239566,521331.0460643123
GMP,111.5,132533.80586474188,526134.6616132788
GMP,112.0,132609.22436994308,531361.1902102149
MEP,28.0,5997.0,5997.0
MEP,28.5,3947.076882634548,6293.166348838916
MEP,29.0,3616.7370500419215,5804.742391335963
MEP,29.5,3677.315734350147,6174.889817694666
MEP,30.0,3542.612912857608,6429.80187500586
MEP,30.5,3474.787034630104,6756.536532749456
MEP,31.0,3578.5836663690147,7288.984574086379
MEP,31.5,3597.4614357944915,7663.290047599641
MEP,32.0,3533.247342297226,7952.265284253962
MEP,32.5,3508.5113016186983,8257.187422046942
MEP,33.0,3467.143743542265,8453.483488264435
MEP,33.5,3472.412756978963,8727.153764455024
MEP,34.0,3501.7812205451023,9006.346320242388
MEP,34.5,3532.144509013524,9234.901373427052
MEP,35.0,3515.947829718702,9415.053880681906
MEP,35.5,3545.1657064036053,9604.629656668902
MEP,36.0,3669.8370171376737,9877.004702529262
MEP,36.5,3650.5619824622117,9973.673951761108
MEP,37.0,3652.3132603561226,10071.666217739787
MEP,37.5,3825.5824060608365,10365.675782906224
MEP,38.0,3861.3941410573602,10488.171593289057
MEP,38.5,3897.901105351456,10600.88605967326
MEP,39.0,3926.6002522638933,10704.811144111069
MEP,39.5,3946.1293127547283,10806.702047173163
MEP,40.0,3963.68374752732,10867.442771689764
MEP,40.5,3985.0689653662553,10947.496602632827
MEP,41.0,3927.363131579136,10940.227969809039
MEP,41.5,3963.4708793677373,11006.868167200282
MEP,42.0,4212.950888123319,11327.559101663985
MEP,42.5,4199.678177103025,11337.770698728491
MEP,43.0,4240.061633746987,11428.023690337941
MEP,43.5,4228.425912467842,11430.508508832581
MEP,44.0,4262.874527259709,11485.780684989633
MEP,44.5,4340.778020068457,11595.594206111542
MEP,45.0,4362.775457204281,11641.733856617053
MEP,45.5,4405.295827022533,11709.403297038305
MEP,46.0,4314.439215090232,11630.337126881368
MEP,46.5,4348.0553712055735,11674.102809299413
MEP,47.0,4382.163561737631,11730.248951812782
MEP,47.5,4446.58084373628,11796.174266802267
MEP,48.0,4422.216835232998,11769.857714675194
MEP,48.5,4459.506969784488,11803.00085662718
MEP,49.0,4523.006512887106,11879.446646363216
MEP,49.5,4535.0365863554,11904.288375988937
MEP,50.0,4573.276288175994,11927.901080598422
MEP,50.5,4863.329129138471,12217.072997071697
MEP,51.0,4889.703946849774,12238.575176365544
MEP,51.5,4915.74043856681,12262.620201437498
MEP,52.0,4941.921401983057,12307.65280411015
MEP,52.5,4943.289894217617,12306.702302234213
MEP,53.0,4940.063462825442,12293.546912904303
MEP,53.5,4980.78610345448,12308.87764754465
MEP,54.0,5021.843864340635,12337.013120879536
MEP,54.5,5063.239791735437,12382.477285283696
MEP,55.0,5090.157106351582,12432.945914699865
MEP,55.5,5105.67820996268,12483.478254127946
MEP,56.0,5058.18436907669,12449.026938388124
MEP,56.5,5100.847274198576,12476.965737202447
MEP,57.0,5143.8658747561085,12518.053094780938
MEP,57.5,5168.262094921535,12576.850162207747
MEP,58.0,5081.6787571792565,12481.437014332303
MEP,58.5,5196.252879133215,12588.694121896235
MEP,59.0,5215.713083530366,12616.652067213052
MEP,59.5,5288.373879617673,12722.993352033338
MEP,60.0,5335.043714881276,12799.193194232523
MEP,60.5,5199.439568153765,12669.538497972067
MEP,61.0,5254.739181797535,12734.791391794999
MEP,61.5,5466.512403719974,12976.780832117667
MEP,62.0,5311.946989629846,12803.263787587843
MEP,62.5,5524.879342529102,13030.56787397477
MEP,63.0,5606.565163681278,13141.603003062291
MEP,63.5,5638.42409839354,13197.568137018388
MEP,64.0,5608.911165780852,13190.331162612663
MEP,64.5,5643.473389874319,13201.55293524549
MEP,65.0,5673.516255814498,13270.10123937291
MEP,65.5,5767.662248975583,13373.523244367
MEP,66.0,5786.080686908754,13416.35046972398
MEP,66.5,5833.394685099311,13533.884299000763
MEP,67.0,5460.057710441939,13171.966507375651
MEP,67.5,5973.717918544766,13738.677758332602
MEP,68.0,5509.814841931495,13283.53831835279
MEP,68.5,6083.934632507927,13893.749413823152
MEP,69.0,6083.716665773842,13908.209435772389
MEP,69.5,6154.006756721106,13993.122439872212
MEP,70.0,6144.528296326871,14017.283503095796
MEP,70.5,6175.162916822466,14073.162119290571
MEP,71.0,6205.951519715224,14129.25611921568
MEP,71.5,6306.6548440675115,14242.878953149328
MEP,72.0,6328.372641769192,14288.647709471546
MEP,72.5,6344.006256516742,14339.76897273439
MEP,73.0,6421.053237819204,14471.304331950514
MEP,73.5,6253.38479714459,14355.619220246783
MEP,74.0,6293.976368049232,14408.26202558304
MEP,74.5,6351.795248551278,14485.45591610531
MEP,75.0,6286.884558300022,14414.930969200019
MEP,75.5,6342.271890760471,14518.360303401756
MEP,76.0,6395.3732289819945,14593.835921963317
MEP,76.5,6410.448561541381,14631.30121443342
MEP,77.0,6430.636339116026,14670.720383162588
MEP,77.5,6472.49469675627,14731.537076199103
MEP,78.0,6498.40525117067,14774.470513860984
MEP,78.5,6524.419867479501,14864.005332567642
MEP,79.0,6550.540478606426,14945.370650917333
MEP,79.5,6566.943116533348,15043.647857237187
MEP,80.0,6653.181831500461,15182.816437560647
MEP,80.5,6599.413723909131,15179.772958889926
MEP,81.0,6643.115995056489,15311.715833948681
MEP,81.5,6615.846898788407,15351.393971959738
MEP,82.0,6648.430901750868,15421.155238320565
MEP,82.5,6662.009768992797,15509.851103847279
MEP,83.0,6667.517852577569,15594.210563742763
MEP,83.5,6673.034239150867,15693.901286540127
MEP,84.0,6714.35155479388,15813.378580111972
MEP,84.5,6785.776984989785,15976.499230159054
MEP,85.0,6806.4054285898155,16109.204023785365
MEP,85.5,6931.359604139941,16328.170513150713
MEP,86.0,6903.891413024195,16341.523037467769
MEP,86.5,6943.450914135871,16456.816686950853
MEP,87.0,6982.975304691233,16539.232034604604
MEP,87.5,6997.191055935195,16635.24694568546
MEP,88.0,7038.997340136201,16805.23868105915
MEP,88.5,7103.967630203788,16948.90094604012
MEP,89.0,7095.470377581087,16978.694901795818
MEP,89.5,7123.878779336684,17091.183364644785
MEP,90.0,7152.398888375045,17270.707105461035
MEP,90.5,7181.031039588623,17452.11434848468
MEP,91.0,7208.751965167376,17536.528783007798
MEP,91.5,7214.906390833693,17714.808627237515
MEP,92.0,7045.976096461181,17658.601558744904
MEP,92.5,7073.901630585342,17816.765931764687
MEP,93.0,7081.621023518057,17976.342456224313
MEP,93.5,7089.340266456438,18137.350787713578
MEP,94.0,7053.85168020997,18237.202251213428
MEP,94.5,7099.262378280886,18418.30896425728
MEP,95.0,7232.419810013474,18629.085005527046
MEP,95.5,7254.4058962896,18795.93902014211
MEP,96.0,7270.555667996441,18981.58096919011
MEP,96.5,7263.932219894858,19134.153110944157
MEP,97.0,7282.6978414042815,19323.580706602712
MEP,97.5,6697.928475744447,18888.78601135293
MEP,98.0,6740.579942145407,19052.323845434552
MEP,98.5,6751.44277465646,19224.890372349066
MEP,99.0,7567.451759574039,20188.674683733567
MEP,99.5,7432.720083925523,20201.44634231251
MEP,100.0,7455.316903759262,20366.526217913568
MEP,100.5,7477.984203006199,20548.9479720964
MEP,101.0,7500.719674530345,20732.99793932209
MEP,101.5,7840.816076497926,21219.987911460048
MEP,102.0,7319.999906645525,20848.660552884536
MEP,102.5,7335.10734140709,20980.56992381009
MEP,103.0,7339.891773724106,21117.995732172363
MEP,103.5,7831.098799823154,21757.325654901175
MEP,104.0,7881.027464004686,21893.78210814913
MEP,104.5,7931.276167434685,22077.107151436325
MEP,105.0,7981.709536061132,22281.65982700515
MEP,105.5,7985.834667190842,22490.120661890673
MEP,106.0,8083.948494174112,22725.90796000715
MEP,106.5,8135.490239489335,22937.60265511518
MEP,107.0,8187.358785825176,23172.032576767022
MEP,107.5,8225.906095040302,23366.38179507462
MEP,108.0,8258.835767081613,23562.031851992833
MEP,108.5,8291.899155766203,23782.473672263008
MEP,109.0,8325.097212060224,24004.966823208004
MEP,109.5,8358.42834560576,24229.540735960938
MEP,110.0,8391.889364513918,24441.044842292507
MEP,110.5,8417.131611765462,24613.109031986467
MEP,111.0,8422.70547155481,24837.147086560566
MEP,111.5,8425.97009930851,25063.2304900435
MEP,112.0,8510.62088681697,25317.036141869634
EP CD71+,28.0,66362.44444444444,66362.44444444444
EP CD71+,28.5,11176.64562433301,55846.63620645212
EP CD71+,29.0,5359.334129386246,46993.10728611658
EP CD71+,29.5,4737.461462083158,40664.32790748245
EP CD71+,30.0,4439.284284622749,36303.860590609685
EP CD71+,30.5,4648.851614674175,34040.39586920583
EP CD71+,31.0,4720.069653199299,32789.570889879586
EP CD71+,31.5,4547.272046210708,31951.156945538423
EP CD71+,32.0,4593.038286894907,32420.178821974547
EP CD71+,32.5,4712.165557903585,32665.201727741518
EP CD71+,33.0,4686.487197834472,33098.77435941663
EP CD71+,33.5,4706.880800503313,33479.11203691057
EP CD71+,34.0,4541.7568060391695,34134.959936040184
EP CD71+,34.5,4529.723683504842,34811.360763629964
EP CD71+,35.0,4689.613787137813,35742.047755253116
EP CD71+,35.5,4733.7065694597195,36482.00599259303
EP CD71+,36.0,4714.9142334266135,37045.70415320887
EP CD71+,36.5,4709.859803533872,37877.43641404327
EP CD71+,37.0,4818.738456599881,38666.138070917026
EP CD71+,37.5,4880.521972888733,39413.34282305084
EP CD71+,38.0,4561.274047572829,39587.572254078674
EP CD71+,38.5,4835.493224080429,40326.94966495478
EP CD71+,39.0,4595.53857229805,40577.15827574002
EP CD71+,39.5,4941.276694793684,41550.859498227
EP CD71+,40.0,4923.554376334444,41910.21771140931
EP CD71+,40.5,4660.063249676026,42019.60931778082
EP CD71+,41.0,4684.390887997386,42315.3038979835
EP CD71+,41.5,4709.9014084853015,42593.499363466595
EP CD71+,42.0,4736.484628583234,42856.622361595684
EP CD71+,42.5,4764.034279072484,43106.770321526565
EP CD71+,43.0,4792.479706496846,43345.767682266975
EP CD71+,43.5,4821.74624565352,43575.191655461254
EP CD71+,44.0,4850.866054166239,43796.40809766113
EP CD71+,44.5,4875.585875305523,44010.559622506116
EP CD71+,45.0,4901.79953539889,44218.75607096353
EP CD71+,45.5,4929.450496043468,44421.96924886284
EP CD71+,46.0,4958.488707838807,44620.611917376824
EP CD71+,46.5,4988.869058094948,44815.72615430518
EP CD71+,47.0,5020.5480547959405,45007.72234742407
EP CD71+,47.5,5053.479528997891,45197.98294901228
EP CD71+,48.0,5087.6210378963115,45644.89842616583
EP CD71+,48.5,5412.998865839988,46277.676169759325
EP CD71+,49.0,5443.390549241201,46514.21431050878
EP CD71+,49.5,5196.938755133823,46463.68811210885
EP CD71+,50.0,5235.572749788174,46555.43618856416
EP CD71+,50.5,5275.255039160546,46700.353878022615
EP CD71+,51.0,5315.955364829217,47100.65875503944
EP CD71+,51.5,5357.64687918281,47399.196722118024
EP CD71+,52.0,5400.306138134661,47547.0188295733
EP CD71+,52.5,5438.967910636113,47839.35505672952
EP CD71+,53.0,5476.913056593184,48132.86875051881
EP CD71+,53.5,5515.167269261576,48427.60227347314
EP CD71+,54.0,5553.730581258872,48723.67958048713
EP CD71+,54.5,5592.614414198953,49027.230785659405
EP CD71+,55.0,5631.800444617355,49360.743215350034
EP CD71+,55.5,5671.286301021357,49696.39960360695
EP CD71+,56.0,5711.087571084435,50034.21375148784
EP CD71+,56.5,5926.490518279554,50527.48457316861
EP CD71+,57.0,5960.363437957332,50716.518133508165
EP CD71+,57.5,5928.376722989697,50837.63781761724
EP CD71+,58.0,5873.30553206908,50987.96756280475
EP CD71+,58.5,5914.609565731646,51144.92875501212
EP CD71+,59.0,5956.227703935045,51528.68167377194
EP CD71+,59.5,5998.150563389303,51915.214650855116
EP CD71+,60.0,6167.82388614846,52304.568790900455
EP CD71+,60.5,6082.899457152413,52439.323972838276
EP CD71+,61.0,6125.741928956095,52802.90419376171
EP CD71+,61.5,6934.1647364793225,53901.28956433008
EP CD71+,62.0,6973.105384977895,54106.95696192343
EP CD71+,62.5,7010.709355808333,54421.99788919318
EP CD71+,63.0,7048.521761870346,54738.85892049211
EP CD71+,63.5,6344.5786708056,54300.65291091721
EP CD71+,64.0,7124.766424630834,55378.09559374751
EP CD71+,64.5,7163.187083161628,55700.47151444342
EP CD71+,65.0,7314.3740739156965,56105.37500298103
EP CD71+,65.5,7343.660911655055,56350.84482442147
EP CD71+,66.0,7366.5980443660565,56763.54332724331
EP CD71+,66.5,7318.984890412377,57008.78858941426
EP CD71+,67.0,6664.317801290543,56435.63310535584
EP CD71+,67.5,6711.292657253754,56667.577659705494
EP CD71+,68.0,6757.50587669655,57063.49468570208
EP CD71+,68.5,6796.182865965152,57461.179847924584
EP CD71+,69.0,6835.079553385339,57860.65909323066
EP CD71+,69.5,6874.204279111063,58105.6411927533
EP CD71+,70.0,6913.558163522067,58138.928374609866
EP CD71+,70.5,6953.135734118142,58172.12052785913
EP CD71+,71.0,6992.935264892908,58205.19796318018
EP CD71+,71.5,7032.959081086516,58238.192894515145
EP CD71+,72.0,7073.214011790267,58412.02652283387
EP CD71+,72.5,7113.706731462077,58636.094991005426
EP CD71+,73.0,7154.431973656962,58861.025669056275
EP CD71+,73.5,7195.386293599951,59286.21091525628
EP CD71+,74.0,7236.570363226666,59588.804262109705
EP CD71+,74.5,7277.989117678437,59998.73437066132
EP CD71+,75.0,7319.651765231594,60212.44135235818
EP CD71+,75.5,7361.556844413527,60403.29592949297
EP CD71+,76.0,7403.699106228917,60757.728956360275
EP CD71+,76.5,7446.077483349488,61095.92069511074
EP CD71+,77.0,7488.6952420715625,61365.68403048319
EP CD71+,77.5,7531.560609626242,61865.233380819445
EP CD71+,78.0,7574.678415831291,62122.825033598405
EP CD71+,78.5,7618.042542477004,62254.43991885569
EP CD71+,79.0,7883.655719901063,62827.23891046178
EP CD71+,79.5,7705.502591144984,62789.217783602806
EP CD71+,80.0,7749.606175195337,62959.34127638149
EP CD71+,80.5,7815.167242643531,63504.53883463428
EP CD71+,81.0,7966.362528297426,64054.4289005561
EP CD71+,81.5,7883.46321908584,64239.21088198899
EP CD71+,82.0,7928.5869948719655,64680.61726735238
EP CD71+,82.5,7973.966495321049,65148.47733345592
EP CD71+,83.0,8438.955743192517,65991.62119292523
EP CD71+,83.5,8464.647198097458,66463.955134631
EP CD71+,84.0,8462.589261638068,66946.50349458947
EP CD71+,84.5,8516.255909267644,67583.83943011111
EP CD71+,85.0,6769.467377476758,66074.26351819414
EP CD71+,85.5,6811.438256329446,66313.49223503236
EP CD71+,86.0,7095.023709744473,66927.00601938521
EP CD71+,86.5,6896.186926443856,67193.2122940988
EP CD71+,87.0,6938.946567238778,67637.46083818107
EP CD71+,87.5,6981.971307487027,68084.6328472169
EP CD71+,88.0,7025.275597327722,68534.74502839039
EP CD71+,88.5,8479.619629087641,70352.10820925431
EP CD71+,89.0,8522.980694508384,70689.70683072398
EP CD71+,89.5,8566.564258920293,70983.37389018542
EP CD71+,90.0,8610.365682535366,71301.10434182928
EP CD71+,90.5,8654.385361302157,71620.29671506856
EP CD71+,91.0,8698.628887217987,72121.52181004628
EP CD71+,91.5,8836.810266353878,72875.88630644746
EP CD71+,92.0,8887.400271469103,73481.33445453661
EP CD71+,92.5,8458.997153125209,73528.67952787023
EP CD71+,93.0,8877.910448995352,74350.98068985126
EP CD71+,93.5,8503.24107922504,74585.93870364853
EP CD71+,94.0,8525.448680874792,74821.63069144756
EP CD71+,94.5,8547.72230266593,75229.22464896439
EP CD71+,95.0,8570.056671352913,75831.72749272478
EP CD71+,95.5,8592.446196620422,76439.07204725815
EP CD71+,96.0,9132.599831275591,77209.32929711958
EP CD71+,96.5,9160.387564974784,77797.87007558573
EP CD71+,97.0,9247.611274304738,78600.9130524016
EP CD71+,97.5,9294.900755971641,79156.24846262905
EP CD71+,98.0,9334.676363626311,79549.55378492155
EP CD71+,98.5,9272.353926058899,79678.1976717133
EP CD71+,99.0,9300.566301861587,80206.21482182134
EP CD71+,99.5,9328.864927907154,80800.33914910576
EP CD71+,100.0,8796.5653871791,80770.21836843622
EP CD71+,100.5,8819.54914707938,81328.46429714545
EP CD71+,101.0,8585.361999932153,81673.8626498121
EP CD71+,101.5,8640.094539091346,82287.64573264343
EP CD71+,102.0,8695.191870182207,82906.09042719775
EP CD71+,102.5,8750.628914454317,83529.15000221078
EP CD71+,103.0,8806.410676248219,84156.878348627
EP CD71+,103.5,8862.566735140286,84789.37334277823
EP CD71+,104.0,8919.076063382505,85426.5816815643
EP CD71+,104.5,9434.336065360907,86171.50005318345
EP CD71+,105.0,9442.041215071247,86715.43646266928
EP CD71+,105.5,9052.656456115601,86959.31239625838
EP CD71+,106.0,10136.729146704776,88266.78291904693
EP CD71+,106.5,8830.823673133693,87515.35189186133
EP CD71+,107.0,10219.469786418524,89524.21727754251
EP CD71+,107.5,10224.753129797207,90023.22498963133
EP CD71+,108.0,9823.209508609354,90201.76400794637
EP CD71+,108.5,9051.917439647483,90139.53583969813
EP CD71+,109.0,9108.06009072045,90544.09559011062
EP CD71+,109.5,9164.53874054088,91034.31483459583
EP CD71+,110.0,9267.732851968114,91710.83286749542
EP CD71+,110.5,9278.550562068012,92378.68955764199
EP CD71+,111.0,9316.206447129527,93058.27260634725
EP CD71+,111.5,9393.978663413229,93742.88211519024
EP CD71+,112.0,9364.942338255689,94112.18059742879
EP CD71-,28.0,57536.0,57536.0
EP CD71-,28.5,54910.35588824836,82702.09208836313
EP CD71-,29.0,49404.550422990724,77815.64335671236
EP CD71-,29.5,40507.52619671045,70262.99467488156
EP CD71-,30.0,32206.197132763697,63896.307323499685
EP CD71-,30.5,28934.994530057385,61498.20442968777
EP CD71-,31.0,24699.64937405526,56636.51675866013
EP CD71-,31.5,23050.177194040552,53949.0168134949
EP CD71-,32.0,22061.189950725093,52448.867992489046
EP CD71-,32.5,19969.508792431458,49547.45592375318
EP CD71-,33.0,19308.965857077194,48663.22783816819
EP CD71-,33.5,19743.102326199467,49249.13412097506
EP CD71-,34.0,19804.968657041132,49702.0789519421
EP CD71-,34.5,17579.476251046322,47502.647054748726
EP CD71-,35.0,17748.013475579402,48042.624267959545
EP CD71-,35.5,18188.55834529807,48693.889586114485
EP CD71-,36.0,18515.60705022268,49573.8709613054
EP CD71-,36.5,17771.461759768463,49568.59665083514
EP CD71-,37.0,18311.968905221045,50740.17974119488
EP CD71-,37.5,18027.39684234484,51033.1668357275
EP CD71-,38.0,18203.39330792222,51950.43168626276
EP CD71-,38.5,18768.847260226383,53347.88283930583
EP CD71-,39.0,19012.261873662053,54160.47467625061
EP CD71-,39.5,19044.82262864774,54815.84741894323
EP CD71-,40.0,18906.61345442989,54864.72370929058
EP CD71-,40.5,19093.012427437476,55424.339925695356
EP CD71-,41.0,19282.19420791999,56206.246243149
EP CD71-,41.5,19919.03962591675,57369.256957495236
EP CD71-,42.0,19901.31556068446,57598.93375311955
EP CD71-,42.5,20296.717119557597,58217.26993102523
EP CD71-,43.0,20485.733490643557,58503.573292060595
EP CD71-,43.5,20261.253062360967,58449.00383649941
EP CD71-,44.0,20462.937231580952,58697.04707313239
EP CD71-,44.5,20786.422900493133,59045.877399111705
EP CD71-,45.0,20871.959461024086,59191.91751424776
EP CD71-,45.5,21079.3067345932,59323.77420892517
EP CD71-,46.0,21288.56151368136,59500.52121245646
EP CD71-,46.5,21499.743570627707,59735.175947511925
EP CD71-,47.0,21712.874360934606,60135.192548711
EP CD71-,47.5,21927.97631765681,60524.497318321715
EP CD71-,48.0,22145.074988963544,60903.85581903717
EP CD71-,48.5,22477.886434629683,61313.522356499045
EP CD71-,49.0,22698.227014392247,61635.584572388536
EP CD71-,49.5,23107.780936501837,62124.23944041528
EP CD71-,50.0,23372.482664272862,62398.16117011252
EP CD71-,50.5,23371.97674265213,62426.87662668697
EP CD71-,51.0,23600.909467203615,62513.189698771865
EP CD71-,51.5,23832.05333325513,62598.09281234335
EP CD71-,52.0,24065.437362700184,62842.35651485757
EP CD71-,52.5,24301.093595434468,63152.899181080866
EP CD71-,53.0,24539.04818783652,63458.88523393157
EP CD71-,53.5,24672.507013937768,63640.01507532955
EP CD71-,54.0,24915.622093839178,63907.040154978975
EP CD71-,54.5,25366.67978388483,64353.660840988116
EP CD71-,55.0,25514.280771796162,64407.5823721781
EP CD71-,55.5,25659.10782486916,64418.27516196063
EP CD71-,56.0,25911.73243126341,64712.53369591344
EP CD71-,56.5,26373.52312563366,65093.459434068274
EP CD71-,57.0,26613.58763441586,65305.67252472275
EP CD71-,57.5,26684.38662660497,65161.8657729056
EP CD71-,58.0,26946.950589841486,65353.55114222878
EP CD71-,58.5,27212.06264636341,65650.6825162155
EP CD71-,59.0,27582.338950496975,66035.94730164997
EP CD71-,59.5,27750.04614589256,66253.6565373948
EP CD71-,60.0,28022.97710796509,66642.82343056721
EP CD71-,60.5,29066.839607931863,67728.1403841937
EP CD71-,61.0,28576.842220405022,67148.57335969016
EP CD71-,61.5,28857.829299878053,67265.29548675465
EP CD71-,62.0,29137.80675083827,67381.04359330618
EP CD71-,62.5,29403.043498082978,67598.82273728635
EP CD71-,63.0,29670.69281366384,67851.90179098731
EP CD71-,63.5,29940.771787726746,68105.79520234924
EP CD71-,64.0,30213.306108474488,68360.53366020198
EP CD71-,64.5,30570.518030009804,68833.05256919422
EP CD71-,65.0,30857.080801716485,69036.40116153857
EP CD71-,65.5,31137.62733043064,69236.5584317404
EP CD71-,66.0,31438.289496243528,69433.66254145218
EP CD71-,66.5,31732.98644009783,69647.30679441107
EP CD71-,67.0,32030.447609018178,69907.58940866007
EP CD71-,67.5,32330.693736182253,70168.35704080285
EP CD71-,68.0,32770.72887488548,70692.33809349542
EP CD71-,68.5,32934.41490019424,70805.94792097512
EP CD71-,69.0,33224.020515883516,71161.29342968133
EP CD71-,69.5,33516.177570794825,71466.53144919495
EP CD71-,70.0,33683.91270318685,71553.57984029723
EP CD71-,70.5,33990.51922184356,71853.05006316464
EP CD71-,71.0,34673.10804033023,72541.15365920633
EP CD71-,71.5,34602.085641745005,72475.56465458857
EP CD71-,72.0,35162.79406823121,73016.24630122588
EP CD71-,72.5,35323.81442652048,73291.81388148725
EP CD71-,73.0,35526.837515892774,73494.3803789125
EP CD71-,73.5,35840.53850083977,73809.28279055496
EP CD71-,74.0,36157.022467759154,74255.76062941451
EP CD71-,74.5,36476.30096412815,74579.85807210805
EP CD71-,75.0,36798.387890557446,74905.36332786069
EP CD71-,75.5,37123.320551324796,75326.06698480129
EP CD71-,76.0,37451.13465402274,75889.72975383622
EP CD71-,76.5,38242.98067546731,76631.47522400484
EP CD71-,77.0,38745.3477026566,77155.21258096486
EP CD71-,77.5,38963.30649767064,77386.78218300229
EP CD71-,78.0,39328.542577102315,77772.67987380813
EP CD71-,78.5,39697.19930219206,78160.50584706009
EP CD71-,79.0,40069.31505643522,78671.69157580247
EP CD71-,79.5,40435.125719736934,79383.4615366822
EP CD71-,80.0,40778.51697203619,79813.6564169904
EP CD71-,80.5,41127.60023076838,80172.27724079617
EP CD71-,81.0,41458.65727155026,80661.15866892369
EP CD71-,81.5,41337.4045310809,80720.05877314066
EP CD71-,82.0,41581.09953150291,81024.2972372324
EP CD71-,82.5,41817.26870625872,81368.96650288289
EP CD71-,83.0,42126.548409468036,81913.88711582926
EP CD71-,83.5,42610.82772310199,82732.06535421062
EP CD71-,84.0,42533.9077287511,83121.68176896396
EP CD71-,84.5,42676.466517149274,83637.61288064033
EP CD71-,85.0,42785.789718394015,84117.6966069088
EP CD71-,85.5,42806.82306300832,84372.64843509592
EP CD71-,86.0,43008.50266260676,85077.78180711124
EP CD71-,86.5,43627.793825883615,86116.88898413687
EP CD71-,87.0,43832.802252474175,86466.2897554995
EP CD71-,87.5,43981.679941553135,87104.93222975917
EP CD71-,88.0,44206.47344286865,87863.77675546882
EP CD71-,88.5,43445.02895327012,87606.0241627121
EP CD71-,89.0,43552.315272687614,88015.26705534504
EP CD71-,89.5,43571.49519969483,88424.4914703612
EP CD71-,90.0,43652.52036878233,88833.65255038066
EP CD71-,90.5,43802.480940952264,89283.32230005322
EP CD71-,91.0,43815.02707397309,89651.8979127944
EP CD71-,91.5,43896.505480572734,90110.74042477734
EP CD71-,92.0,43978.13514818648,90649.69834053799
EP CD71-,92.5,44059.92007000419,91307.62435019962
EP CD71-,93.0,44811.43663749109,92753.72107232941
EP CD71-,93.5,44647.827540307655,93097.23270407894
EP CD71-,94.0,45732.73270929682,94547.00993218207
EP CD71-,94.5,45960.108096339594,95095.63372183415
EP CD71-,95.0,46072.45346254457,95932.31191292279
EP CD71-,95.5,46193.40605185563,96828.35396800656
EP CD71-,96.0,45261.3480630043,96429.41637512723
EP CD71-,96.5,45656.761251278425,97238.13881531097
EP CD71-,97.0,45733.401939710086,98081.14608930831
EP CD71-,97.5,45810.17338623511,98931.46774471158
EP CD71-,98.0,45887.07512323313,99789.16208223
EP CD71-,98.5,44994.15688686128,99585.39008075658
EP CD71-,99.0,45055.56093127726,100464.05291889254
EP CD71-,99.5,45092.809417270066,101216.56832924568
EP CD71-,100.0,45130.094125250114,101997.75005809896
EP CD71-,100.5,45167.41008642378,102990.93101426751
EP CD71-,101.0,46388.21764626725,105093.7173311288
EP CD71-,101.5,45242.12043775857,104715.93500588422
EP CD71-,102.0,45279.52775625678,105501.82330540605
EP CD71-,102.5,45316.96803839194,106440.04454397157
EP CD71-,103.0,46538.817175255914,108493.2421035367
EP CD71-,103.5,45755.360116573975,108471.5345852804
EP CD71-,104.0,45832.186227369915,109305.03842406742
EP CD71-,104.5,46409.75053535106,110708.31282404884
EP CD71-,105.0,45504.61024164441,110754.28872922184
EP CD71-,105.5,46240.48875213493,112287.57729058279
EP CD71-,106.0,46140.77809328072,112968.63562296332
EP CD71-,106.5,46218.252402338236,113779.14226292602
EP CD71-,107.0,46475.13787933532,114839.0989501578
EP CD71-,107.5,46373.5883737396,115502.83965022139
EP CD71-,108.0,46451.44927568539,116327.88840276096
EP CD71-,108.5,46496.89570033581,117206.35303544906
EP CD71-,109.0,46504.14569561658,118046.8584345046
EP CD71-,109.5,46685.827366985366,119116.20888431516
EP CD71-,110.0,46764.21318665011,120060.41844647261
EP CD71-,110.5,46842.73026560966,121012.11277346783
EP CD71-,111.0,46921.38271181179,121971.36287831572
EP CD71-,111.5,47000.16772662936,122938.20022058231
EP CD71-,112.0,47079.080869502686,123912.71227153997
MLP,28.0,32338.0,32338.0
MLP,28.5,31265.569138714294,32492.210215310723
MLP,29.0,30288.24348326189,32686.210026110526
MLP,29.5,29347.493850355742,32877.78938077403
MLP,30.0,28483.029885425964,33093.84882030461
MLP,30.5,27642.264341787042,33306.86999373337
MLP,31.0,26766.067810543787,33441.163215359506
MLP,31.5,26005.18551683007,33640.95587659851
MLP,32.0,25284.088735162044,33848.11119332185
MLP,32.5,24569.256390623603,34073.98355240876
MLP,33.0,23951.716872111312,34385.40228783915
MLP,33.5,23216.90525254142,34545.8106578351
MLP,34.0,22432.911764356,34605.015858846535
MLP,34.5,21856.24577151129,34841.06245984868
MLP,35.0,21308.03929743584,35053.89860129191
MLP,35.5,20768.73889542271,35286.44761499015
MLP,36.0,20263.22173325801,35528.27427046613
MLP,36.5,19727.36669049823,35732.80351188251
MLP,37.0,19275.119402921144,36021.60623804001
MLP,37.5,18822.838491105238,36284.02982231234
MLP,38.0,18242.879770227817,36393.46739680716
MLP,38.5,17751.711715013,36560.77222982014
MLP,39.0,17348.88198853597,36793.248222074675
MLP,39.5,16964.514364519167,37040.56356070112
MLP,40.0,16685.624897191643,37375.41055145474
MLP,40.5,16400.321925147815,37624.69519381903
MLP,41.0,16066.099665605061,37880.48648974486
MLP,41.5,15868.652041045207,38221.64850425554
MLP,42.0,15604.269993460568,38473.003128786826
MLP,42.5,15351.758456144302,38754.27311864772
MLP,43.0,15094.509318782868,39039.305656615616
MLP,43.5,14851.177852056451,39325.06735398013
MLP,44.0,14353.822453830173,39339.272086283025
MLP,44.5,14114.42874469487,39600.23747820159
MLP,45.0,13962.283995668438,39928.33976445162
MLP,45.5,13768.630624610842,40230.705243051256
MLP,46.0,13611.402926522389,40558.740626839484
MLP,46.5,13396.507208527715,40829.02308570715
MLP,47.0,13091.232177878117,40984.977820749984
MLP,47.5,12918.441075609782,41252.22773431189
MLP,48.0,12909.601900498412,41699.71244727459
MLP,48.5,12445.18697937656,41634.450051817745
MLP,49.0,12330.466066527752,41915.041597867785
MLP,49.5,12321.04395323543,42342.57981387255
MLP,50.0,12193.474736402757,42614.334858855706
MLP,50.5,12125.708835175385,42915.45422574532
MLP,51.0,11611.886696155572,42746.764204974
MLP,51.5,11977.102082797923,43495.705497180614
MLP,52.0,11552.04259259428,43450.169561164315
MLP,52.5,11503.682371805937,43724.35973199797
MLP,53.0,11434.173545007074,44001.74603224906
MLP,53.5,11370.823804727876,44279.84579377299
MLP,54.0,11313.402660990014,44558.659867217735
MLP,54.5,11261.689592774686,44838.189752301354
MLP,55.0,11215.473610978179,45118.43752366361
MLP,55.5,11174.55284291362,45399.405763075934
MLP,56.0,11138.734136513644,45681.097501172364
MLP,56.5,11107.832683317474,45963.51616612498
MLP,57.0,11069.823011046376,46246.66553706071
MLP,57.5,9167.28679018132,44652.15559090212
MLP,58.0,9149.48354416552,44918.02212179902
MLP,58.5,9133.448749007768,45199.83723541481
MLP,59.0,9121.961084185314,45482.607255645686
MLP,59.5,9114.867554908162,45766.30297684984
MLP,60.0,9112.022081747504,46050.896557035645
MLP,60.5,9113.285211041026,46336.36146470446
MLP,61.0,9118.523837643508,46622.67242777898
MLP,61.5,9127.610939536258,46909.805384455976
MLP,62.0,9286.802790258573,47319.587540454
MLP,62.5,9265.82066793655,47550.495680817
MLP,63.0,9248.529492947138,47781.18174836677
MLP,63.5,9443.601182928545,48230.896805401906
MLP,64.0,9480.564590956878,48481.838141746724
MLP,64.5,9217.768769872067,48480.041331089735
MLP,65.0,9443.1826605908,48984.511763642455
MLP,65.5,9429.751491966403,49236.25204923056
MLP,66.0,9419.716417121586,49527.562849096685
MLP,66.5,9406.07518976802,49740.55977340692
MLP,67.0,9409.520917249814,49993.13535875305
MLP,67.5,9409.21072435898,50245.99755282325
MLP,68.0,9411.996915042551,50524.71069548969
MLP,68.5,9600.27687648021,51005.00922227416
MLP,69.0,8860.214509001207,50531.889184541025
MLP,69.5,8896.006746309624,50778.33329172732
MLP,70.0,8934.287115361569,51073.199424468214
MLP,70.5,9369.27963827695,51769.4204734022
MLP,71.0,9399.16416532152,52024.404576549656
MLP,71.5,9431.413844337872,52281.601032987324
MLP,72.0,9465.975816342863,52618.04306597562
MLP,72.5,10034.11540299477,53482.173765075626
MLP,73.0,10078.880038116884,53741.53380061279
MLP,73.5,10125.238078933582,54002.24670182913
MLP,74.0,10173.149360166717,54304.83872915586
MLP,74.5,10222.575573787044,54607.92867697237
MLP,75.0,10263.936700929631,54911.51208916309
MLP,75.5,10281.807137036649,55222.41969101716
MLP,76.0,10302.091752915348,55551.68395853981
MLP,76.5,10270.508433823812,55825.184379834725
MLP,77.0,10329.867059861455,56143.01398889562
MLP,77.5,9976.12126191503,56099.5487016905
MLP,78.0,10454.074198733073,56889.69501076661
MLP,78.5,10518.863591947531,57259.3778485241
MLP,79.0,10585.406484991434,57637.74334158345
MLP,79.5,10788.121225156554,58107.75623394989
MLP,80.0,10843.555135386594,58403.97726932526
MLP,80.5,10900.998167344613,58791.89187734415
MLP,81.0,10960.425243600754,59183.03600033497
MLP,81.5,11021.812387714479,59597.738647785656
MLP,82.0,10312.745009100398,59211.84840458466
MLP,82.5,11098.272286105404,60228.86291236107
MLP,83.0,11178.008201529576,60469.89065667044
MLP,83.5,10748.989628115525,60284.78164859406
MLP,84.0,10825.911982985579,60557.75946318322
MLP,84.5,10904.671254420067,60922.92249685528
MLP,85.0,10985.252282204225,61228.70963356411
MLP,85.5,11067.640842834679,61590.175310388775
MLP,86.0,10969.864629178937,61710.43741916714
MLP,86.5,11058.294568319527,62024.8799285499
MLP,87.0,11148.087398340502,62374.9041994611
MLP,87.5,11239.234865455499,62729.267935191885
MLP,88.0,11435.249857722158,63098.76991534522
MLP,88.5,11425.564364992248,63334.10246564953
MLP,89.0,11520.733485372046,63604.267307275346
MLP,89.5,11617.231372097025,63921.59483311919
MLP,90.0,11715.053226650041,64239.41134271698
MLP,90.5,11811.396543612635,64557.71949157488
MLP,91.0,11891.954071394863,64876.522047039456
MLP,91.5,11974.264604684875,65195.821883795565
MLP,92.0,12119.505778985655,65555.18784653164
MLP,92.5,12223.896649658536,65895.39385554477
MLP,93.0,12513.29231225131,66417.32319254153
MLP,93.5,12606.742420473056,66654.41255845541
MLP,94.0,12544.912083459276,66882.53168159205
MLP,94.5,12654.53039602692,67180.67825061693
MLP,95.0,12598.874695832046,67445.10671063661
MLP,95.5,12694.949111442269,67768.4998158988
MLP,96.0,12792.720032755136,68092.42024485012
MLP,96.5,12892.183926033238,68520.91778175307
MLP,97.0,12993.337767445415,68955.95930403586
MLP,97.5,13339.745249941669,69506.88033177245
MLP,98.0,13455.542187428327,69836.25353031069
MLP,98.5,13558.942941992711,70127.4687435227
MLP,99.0,13664.15382230761,70470.02525189614
MLP,99.5,13524.384864344134,70657.07190897952
MLP,100.0,13635.642269595257,70921.77189179475
MLP,100.5,13748.581959495405,71186.4077603717
MLP,101.0,13863.204666253332,71450.98221872513
MLP,101.5,13979.51155529323,71874.96209635805
MLP,102.0,14097.504218050208,72380.45644551546
MLP,102.5,14217.184665022578,72890.35774471067
MLP,103.0,14338.55531902602,73404.69986522556
MLP,103.5,14461.619008649559,73923.51695828592
MLP,104.0,14815.882712822791,74589.89244744625
MLP,104.5,14941.054766708288,74974.71407997419
MLP,105.0,15214.576882214293,75507.16383080301
MLP,105.5,15196.89375465895,75688.48318245317
MLP,106.0,15327.569750478733,75899.95710247773
MLP,106.5,15235.762885500633,76110.58420222334
MLP,107.0,15370.789844012226,76341.98946175557
MLP,107.5,15507.546364426866,76830.45178317664
MLP,108.0,15646.038669096633,77331.98504280859
MLP,108.5,15786.27333230309,77837.63656271624
MLP,109.0,16150.56192980762,78399.72707597954
MLP,109.5,16294.27643518456,78861.4269404222
MLP,110.0,16217.502404577159,78969.506198016
MLP,110.5,16497.51974926062,79474.66336624851
MLP,111.0,16513.83622606775,79713.27540633931
MLP,111.5,16664.682279915807,79951.42405991524
MLP,112.0,16741.084433139968,80189.11347012894
